pathway,sequence,ability,auditStatus,verifiedBaselineStatus,decision,verified,evidence,suggestion,ambiguous,phase3Outcome,phase4Work,generatedDescription,regression
fool,9,spirit_vision,aligned,aligned,generated_description,True,"[""Current normalized passive grants INT x1.10 and adds 0.10 to critical damage."", ""/workspace/guild_of_mystery-campaign/data/pathways/fool.json:33"", ""/workspace/guild_of_mystery-campaign/js/engine.js:788"", ""/workspace/guild_of_mystery-campaign/js/engine.js:790"", ""/workspace/guild_of_mystery-campaign/js/engine.js:1315"", ""/workspace/game-audit/phase3/fool-group-probes.json: current normalized row and real-cast output at HEAD783ebb3""]",,[],"Preserved current implementation; generated description reflects actual effects, numbers and durations; verified on both teams.",,Spirit Vision — +10% INT; +10 percentage points critical damage. Passive.,tests/phase3-actual-casts.test.js + tests/phase3-description-dom.test.js
fool,8,paper_card_dagger,aligned,aligned,generated_description,True,"[""Current real cast is pure-caster INT x1.40 physical damage, with 0.20 skill DEF bypass added to the shared 0.25 caster bypass."", ""/workspace/guild_of_mystery-campaign/data/pathways/fool.json:62"", ""/workspace/guild_of_mystery-campaign/js/v15.js:57"", ""/workspace/guild_of_mystery-campaign/js/v15.js:64"", ""/workspace/guild_of_mystery-campaign/js/v15.js:68"", ""/workspace/guild_of_mystery-campaign/js/engine.js:1303"", ""/workspace/guild_of_mystery-campaign/js/engine.js:1337"", ""/workspace/game-audit/phase3/fool-group-probes.json: current normalized row and real-cast output at HEAD783ebb3""]",Preserve 140% INT Physical damage; generated details may call the skill penetration 20 percentage points of additional DEF bypass.,[],"Preserved current implementation; generated description reflects actual effects, numbers and durations; verified on both teams.",,"Paper Card Dagger — Deals 140% INT Physical damage (25% base DEF bypass); +20% DEF bypass on this cast; Damage and hostile effects use accuracy and Dodge; critical, authority and defense modifiers still apply. 15 SP · Cooldown 1 turn.",tests/phase3-actual-casts.test.js + tests/phase3-description-dom.test.js
fool,7,paper_figurine_rebound,partial,partial,generated_description,True,"[""Current 50% reduction now covers periodic damage after shield absorption. Probe: 700 Burn becomes 350 HP loss. Stat reflection remains direct-hit only; indirect damage is excluded from the reflect ward."", ""/workspace/guild_of_mystery-campaign/data/pathways/fool.json:86"", ""/workspace/guild_of_mystery-campaign/js/engine.js:501"", ""/workspace/guild_of_mystery-campaign/js/engine.js:505"", ""/workspace/guild_of_mystery-campaign/js/engine.js:506"", ""/workspace/guild_of_mystery-campaign/js/engine.js:581"", ""/workspace/guild_of_mystery-campaign/js/engine.js:1237"", ""/workspace/guild_of_mystery-campaign/js/engine.js:1274"", ""/workspace/game-audit/phase3/fool-group-probes.json: current normalized row and real-cast output at HEAD783ebb3""]","Paper Figurine Rebound — Until your next turn, reduces incoming damage by 50% after shields and reflects 100% effective INT Fire damage when a direct hit connects.","[""On hit can mean direct hits or all damage events. Recommend direct-hit reflection, which matches the existing reflection guard; extending reflection to periodic damage requires an explicit source/recursion rule.""]","Preserved current implementation; generated description reflects actual effects, numbers and durations; verified on both teams.",,Paper Figurine Rebound — Reduces incoming all damage by 50% until your next turn after shields; Reflects 100% INT Fire damage to the attacker until your next turn; periodic damage does not trigger reflection. 30 SP · Cooldown 3 turns.,tests/phase3-actual-casts.test.js + tests/phase3-description-dom.test.js
fool,6,combat_stance_mimicry,partial,partial,generated_description,True,"[""Real cast applies only target DEF x0.85 for two holder actions; no target-stat copy is encoded. copy_highest appears in the generic accepted-effect list but has no implementation branch."", ""/workspace/guild_of_mystery-campaign/data/pathways/fool.json:119"", ""/workspace/guild_of_mystery-campaign/js/engine.js:1231"", ""/workspace/guild_of_mystery-campaign/js/engine.js:1262"", ""/workspace/game-audit/phase3/fool-group-probes.json: current normalized row and real-cast output at HEAD783ebb3""]","Phase3: Combat Stance Mimicry — Exposes the enemy stance, lowering target DEF by 15% for 2 turns. Phase4: add a chosen stat-copy contract.","[""Highest stat is undefined: HP would usually win if included; recommend highest effective ATK/DEF/INT at cast time, copied to the same caster stat with a 15% bonus for two caster actions. Alternative: percentage self-buff in the target highest combat-stat category.""]","Preserved current implementation; generated description reflects actual effects, numbers and durations; verified on both teams.","Lore/scope expansion remains deferred; original proposal below is evidence, not an implemented rule.",Combat Stance Mimicry — Enemy DEF −15% for 2 turns. 30 SP · Cooldown 2 turns.,tests/phase3-actual-casts.test.js + tests/phase3-description-dom.test.js
fool,5,thread_binding,partial,partial,code_and_generated_description,True,"[""Five round-start increments, stage penalties, instant death and battle-only Marionette conversion execute. Probe: target at stage3 takes exactly 1200/10000 HP damage and stays at stage3; resolveIncoming never severs progress."", ""/workspace/guild_of_mystery-campaign/data/pathways/fool.json:145"", ""/workspace/guild_of_mystery-campaign/js/engine.js:508"", ""/workspace/guild_of_mystery-campaign/js/engine.js:720"", ""/workspace/guild_of_mystery-campaign/js/engine.js:722"", ""/workspace/guild_of_mystery-campaign/js/engine.js:740"", ""/workspace/guild_of_mystery-campaign/js/engine.js:1340"", ""/workspace/game-audit/phase3/fool-group-probes.json: current normalized row and real-cast output at HEAD783ebb3""]","Recommend existing-rule correction after the threshold semantics are selected: on each qualifying actual HP-loss event, remove one target thread stage and recompute all stage penalties; keep current death/conversion rules. Until then, remove the sever promise from the generated description.","[""Damage >=12% HP does not identify whose HP, Max versus current HP, shield absorption, or cumulative versus per-hit damage. Recommend damage to the threaded victim, at least 12% victim Max HP actually lost in one event, including DoT/reflection; shield absorption does not count. Alternative: owner interruption or round-cumulative threshold changes the control rule materially.""]",Approved exception: cumulative actual HP loss >30% victim MaxHP within one combatant turn removes exactly one thread stack at most; penalties recomputed; shield absorption excluded.,,"Thread Binding — Attempts Spirit Body Threads on one enemy; resistance can prevent attachment; Progresses one stage each round: 15% Speed loss; then 10-point Dodge and 10-point accuracy loss; then 35% total Speed loss and no Dodge; stage 4 adds a 30% binding chance; At stage 5, the target dies and joins your side as a battle-only marionette with 55% of its stats; When the threaded target loses more than 30% of its Max HP in one combatant turn, remove one stack, at most once per turn; shield absorption does not count. 45 SP · Cooldown 5 turns.",tests/phase3-actual-casts.test.js + tests/phase3-description-dom.test.js
fool,4,bizarro_transformation,partial,partial,generated_description,True,"[""Real cast deals INT x1.80 Metaphysical damage and grants self evade with dodgeRate0.50 for one holder action. No position or substitute unit is checked or exchanged."", ""/workspace/guild_of_mystery-campaign/data/pathways/fool.json:233"", ""/workspace/guild_of_mystery-campaign/js/engine.js:568"", ""/workspace/guild_of_mystery-campaign/js/engine.js:799"", ""/workspace/guild_of_mystery-campaign/js/engine.js:1232"", ""/workspace/guild_of_mystery-campaign/js/engine.js:1303"", ""/workspace/game-audit/phase3/fool-group-probes.json: current normalized row and real-cast output at HEAD783ebb3""]",Bizarro Transformation — Uses a bizarre illusion to deal 180% INT Metaphysical damage and gain +50 percentage points Dodge for 1 turn. Defer literal marionette/projection swaps to Phase4.,"[""Recommend keep swap imagery as flavor only; requiring and moving an actual substitute adds a new position mechanic.""]","Preserved current implementation; generated description reflects actual effects, numbers and durations; verified on both teams.",,"Bizarro Transformation — Deals 180% INT Metaphysical damage (25% base DEF bypass); 100% chance: +50 percentage points Dodge for 1 turn; Damage and hostile effects use accuracy and Dodge; critical, authority and defense modifiers still apply. 50 SP · Cooldown 3 turns.",tests/phase3-actual-casts.test.js + tests/phase3-description-dom.test.js
fool,3,historical_summoning,partial,partial,generated_description,True,"[""Real cast grants a shield worth 25% caster Max HP. There is no unit creation or Seq5/4 ability reproduction effect."", ""/workspace/guild_of_mystery-campaign/data/pathways/fool.json:259"", ""/workspace/guild_of_mystery-campaign/js/engine.js:1228"", ""/workspace/game-audit/phase3/fool-group-probes.json: current normalized row and real-cast output at HEAD783ebb3""]",Phase3: Historical Summoning — A historical projection wards you with a shield worth 25% Max HP. Phase4: actual summoned projection/ability reproduction.,"[""The alternative reproduction has no selection, source, duration, or eligibility rule. Recommend preserve the projection as shield flavor now; choose a bounded summon/replay rule in Phase4.""]","Preserved current implementation; generated description reflects actual effects, numbers and durations; verified on both teams.","Lore/scope expansion remains deferred; original proposal below is evidence, not an implemented rule.",Historical Summoning — Grants a 25% Max HP shield; lasts until depleted or dispelled. 60 SP · Cooldown 3 turns.,tests/phase3-actual-casts.test.js + tests/phase3-description-dom.test.js
fool,2,miracle_rebirth,mismatch,partial,generated_description,True,"[""Phase1 already fixed one passive self-revive at 25% Max HP and zero remaining SP for fatal direct/DoT damage on either side. Probe: 2500/10000HP, 0SP, spiritual_exhaustion status exists but actionDisabled=false; exhaustion has no combat behavior."", ""/workspace/guild_of_mystery-campaign/data/pathways/fool.json:284"", ""/workspace/guild_of_mystery-campaign/js/v15.js:96"", ""/workspace/guild_of_mystery-campaign/js/v15.js:101"", ""/workspace/guild_of_mystery-campaign/js/v15.js:110"", ""/workspace/guild_of_mystery-campaign/js/v15.js:111"", ""/workspace/guild_of_mystery-campaign/js/v15.js:112"", ""/workspace/guild_of_mystery-campaign/js/engine.js:1029"", ""/workspace/game-audit/phase3/fool-group-probes.json: current normalized row and real-cast output at HEAD783ebb3""]","Phase3: Miracle Rebirth — Once per battle, resurrects on fatal damage with 25% Max HP and consumes remaining SP. User deferred Spiritual Exhaustion behavior to Phase4; omit any exhaustion gameplay promise until it is defined.",[],"Preserved current implementation; generated description reflects actual effects, numbers and durations; verified on both teams.","Lore/scope expansion remains deferred; original proposal below is evidence, not an implemented rule.","Miracle Rebirth — Automatically revives once per battle at 25% Max HP, consuming remaining SP; marks Spiritual Exhaustion for 1 turn (no additional action restriction). Passive.",tests/phase3-actual-casts.test.js + tests/phase3-description-dom.test.js
fool,1,conceptual_grafting,partial,partial,generated_description,True,"[""Real cast transfers stat/speed-debuff effects with their remaining effect durations plus a status whitelist, but status durations reset to1. Probe: poison4 moves as poison1, fear3 stays on ally, and a 0.30 accuracy penalty remains. Fear, decay, corruption, polymorph and independent penalty timers are omitted. True INT x3 damage works."", ""/workspace/guild_of_mystery-campaign/data/pathways/fool.json:311"", ""/workspace/guild_of_mystery-campaign/js/engine.js:1259"", ""/workspace/guild_of_mystery-campaign/js/engine.js:1260"", ""/workspace/guild_of_mystery-campaign/js/engine.js:1261"", ""/workspace/guild_of_mystery-campaign/js/v15.js:69"", ""/workspace/game-audit/phase3/fool-group-probes.json: current normalized row and real-cast output at HEAD783ebb3""]","Recommend correcting the existing transfer handler to copy every agreed current negative-effect category and its remaining duration, then remove the source. A truthful restricted description is the alternative while Phase4 taxonomy expansion stays deferred.","[""All team debuffs needs a declared negative taxonomy and a merge rule for identical statuses from several allies. Recommend currently harmful statuses and combat penalty timers, retaining source durations and strongest value/longest remaining duration for duplicates. Alternative: restrict the tooltip to named stat/speed debuffs and supported statuses.""]","Preserved current implementation; generated description reflects actual effects, numbers and durations; verified on both teams.","Lore/scope expansion remains deferred; original proposal below is evidence, not an implemented rule.","Conceptual Grafting — Deals 300% INT True damage (ignores DEF and elemental resistance); Moves your team's stat/Speed debuffs and Burn, Bleed, Poison, Curse, Silenced, Confused, Sleep, Stunned, Frozen, Freeze, Bound, Dreambound, Controlled, Root, No heal, No shield to the target; transferred statuses last 1 turn; Damage and hostile effects use accuracy and Dodge; critical, authority and defense modifiers still apply. 90 SP · Cooldown 4 turns.",tests/phase3-actual-casts.test.js + tests/phase3-description-dom.test.js
fool,0,fooling_reality,partial,partial,code_and_generated_description,True,"[""Real cast deals INT x3.50 True AoE and applies a one-action stun. ignoreResistance:true is encoded but ignored by the status handler: probe target with 100% stunned resistance receives no stun. No self status-immunity effect exists."", ""/workspace/guild_of_mystery-campaign/data/pathways/fool.json:338"", ""/workspace/guild_of_mystery-campaign/data/pathways/fool.json:365"", ""/workspace/guild_of_mystery-campaign/js/engine.js:1232"", ""/workspace/guild_of_mystery-campaign/js/engine.js:1289"", ""/workspace/guild_of_mystery-campaign/js/v15.js:69"", ""/workspace/game-audit/phase3/fool-group-probes.json: current normalized row and real-cast output at HEAD783ebb3""]","Honor the existing ignoreResistance flag for numeric mental/status resistance, preserving shared hit checks; generated description must omit the absent self-immunity claim. Timed immunity remains Phase4 unless approved.","[""ignoreResistance versus absolute immunity is unspecified. Recommend bypass numeric resistance while keeping explicit passive immunities; alternatively authority bypasses immunities too. Status immunity also lacks scope/duration; recommend defer that new mechanic, with one holder action as a Phase4 candidate.""]",Corrected existing rule and generated actual numerical description; verified on both teams.,,"Fooling Reality — Targets all enemies; Deals 350% INT True damage (ignores DEF and elemental resistance); 100% chance: Stunned (blocks actions) for 1 turn; ignores numeric status resistance, but not immunity; Damage and hostile effects use accuracy and Dodge; critical, authority and defense modifiers still apply. 120 SP · Cooldown 5 turns.",tests/phase3-actual-casts.test.js + tests/phase3-description-dom.test.js
door,9,phase_slip,partial,partial,generated_description,True,"[""Normalized passive adds Dodge0.08; Door baseline grants Spatial20 resistance. No displacement-resistance effect/category exists."", ""/workspace/guild_of_mystery-campaign/data/pathways/door.json:32"", ""/workspace/guild_of_mystery-campaign/data/balance.json:821"", ""/workspace/guild_of_mystery-campaign/js/engine.js:777"", ""/workspace/guild_of_mystery-campaign/js/engine.js:790"", ""/workspace/game-audit/phase3/fool-group-probes.json: current normalized row and real-cast output at HEAD783ebb3""]",Phase Slip — Gains +8 percentage points Dodge and 20% Spatial resistance. Displacement immunity is Phase4.,"[""Recommend quantify current Spatial resistance and remove displacement wording. Alternative: introduce resistance to knockback/banishment with an explicit proc rule in Phase4.""]","Preserved current implementation; generated description reflects actual effects, numbers and durations; verified on both teams.",,Phase Slip — +8 percentage points Dodge. Passive.,tests/phase3-actual-casts.test.js + tests/phase3-description-dom.test.js
door,8,elemental_spark,partial,already_fixed,generated_description,True,"[""Phase1 fixed freeze action denial: real pool probe produces freeze and actionDisabled=true. Current skill is INT x1.30 averaged elemental damage with35% chance of one of freeze/burn/stunned; freeze also reduces speed/DEF."", ""/workspace/guild_of_mystery-campaign/data/pathways/door.json:56"", ""/workspace/guild_of_mystery-campaign/js/engine.js:1029"", ""/workspace/guild_of_mystery-campaign/js/engine.js:1233"", ""/workspace/guild_of_mystery-campaign/js/v15.js:75"", ""/workspace/guild_of_mystery-campaign/js/v15.js:77"", ""/workspace/game-audit/phase3/fool-group-probes.json: current normalized row and real-cast output at HEAD783ebb3""]","Preserve the current ability. Generated details may clarify a single random status, one target action, and Freeze also applying its existing slow/DEF penalty.",[],"Preserved current implementation; generated description reflects actual effects, numbers and durations; verified on both teams.",,"Elemental Spark — Deals 130% INT Elemental damage (25% base DEF bypass); resistance uses the average of Fire, Water, Lightning and Frost; 35% chance to apply one of Freeze, Burn, Stunned for 1 turns; Damage and hostile effects use accuracy and Dodge; critical, authority and defense modifiers still apply. 15 SP · Cooldown 1 turn.",tests/phase3-actual-casts.test.js + tests/phase3-description-dom.test.js
door,7,astrological_trajectory,mismatch,partial,generated_description,True,"[""Current party sharing initializes symmetrically on allies and enemies. Data additionally grants CritChance0.10 alongside HitChance0.10 and CritDamage0.10; the old missing enemy-party issue is fixed."", ""/workspace/guild_of_mystery-campaign/data/pathways/door.json:86"", ""/workspace/guild_of_mystery-campaign/data/pathways/door.json:106"", ""/workspace/guild_of_mystery-campaign/js/engine.js:1376"", ""/workspace/guild_of_mystery-campaign/js/engine.js:1417"", ""/workspace/guild_of_mystery-campaign/js/engine.js:1418"", ""/workspace/game-audit/phase3/fool-group-probes.json: current normalized row and real-cast output at HEAD783ebb3""]","Astrological Trajectory — Predicts strike paths; your side gains +10 percentage points Hit Chance, +10 percentage points Crit Chance and +10 percentage points Critical Damage. Preserve existing values.",[],"Preserved current implementation; generated description reflects actual effects, numbers and durations; verified on both teams.",,Astrological Trajectory — Supports all living allies; +10 percentage points accuracy; +10 percentage points critical chance; +10 percentage points critical damage. Passive.,tests/phase3-actual-casts.test.js + tests/phase3-description-dom.test.js
door,6,combat_record,partial,already_fixed,generated_description,True,"[""Phase1 fixed cloning, complete copied target/effect scope and recursion filtering. Probe copies StarGateTear onto both enemies with DEF0.75 and leaves JSON.stringify(PATHS) unchanged. Wrapper cost/cooldown are charged; copied ability uses caster stats and unchanged scaling."", ""/workspace/guild_of_mystery-campaign/data/pathways/door.json:122"", ""/workspace/guild_of_mystery-campaign/js/engine.js:1130"", ""/workspace/guild_of_mystery-campaign/js/engine.js:1140"", ""/workspace/guild_of_mystery-campaign/js/engine.js:1174"", ""/workspace/guild_of_mystery-campaign/js/engine.js:1181"", ""/workspace/guild_of_mystery-campaign/js/engine.js:1184"", ""/workspace/guild_of_mystery-campaign/js/engine.js:1215"", ""/workspace/guild_of_mystery-campaign/js/engine.js:1223"", ""/workspace/game-audit/phase3/fool-group-probes.json: current normalized row and real-cast output at HEAD783ebb3""]",Preserve witnessed-enemy ability replay at100% scaling using caster stats; optional generated details explain wrapper SP/cooldown and no copying a copy ability.,[],"Preserved current implementation; generated description reflects actual effects, numbers and durations; verified on both teams.",,"Combat Record — Replays a non-copy active enemy ability witnessed earlier in this battle, with its targets and effects; spends this ability’s SP cost and cooldown. 35 SP · Cooldown 2 turns.",tests/phase3-actual-casts.test.js + tests/phase3-description-dom.test.js
door,5,blink_strike,mismatch,mismatch,generated_description,True,"[""Real cast uses1.60 x(1.05ATK+0.30INT) generic elemental damage, adds0.20 critical-damage only on successful random critical, and self evade1.0 prevents AoE as well as single-target damaging actions. Probe incoming StarGateTear misses caster but hits teammate."", ""/workspace/guild_of_mystery-campaign/data/pathways/door.json:145"", ""/workspace/guild_of_mystery-campaign/js/v15.js:62"", ""/workspace/guild_of_mystery-campaign/js/v15.js:75"", ""/workspace/guild_of_mystery-campaign/js/engine.js:893"", ""/workspace/guild_of_mystery-campaign/js/engine.js:1283"", ""/workspace/guild_of_mystery-campaign/js/engine.js:1315"", ""/workspace/game-audit/phase3/fool-group-probes.json: current normalized row and real-cast output at HEAD783ebb3""]","Recommend generated description preserving intentional hybrid formula, optional +20 percentage points critical-damage bonus, and current all-attack evasion for one holder action. Guaranteed critical and only-single-target restriction are Phase4 choices.","[""Critical DMG can mean guaranteed crit or an optional crit bonus; recommend describe existing optional bonus. Single-target-only evasion differs from current all-hit evasion; recommend truthful current scope now, or explicitly approve a restricted evasion mechanic.""]","Preserved current implementation; generated description reflects actual effects, numbers and durations; verified on both teams.","Lore/scope expansion remains deferred; original proposal below is evidence, not an implemented rule.","Blink Strike — Deals 160% × (105% ATK + 30% INT) Elemental damage (22% base DEF bypass); resistance uses the average of Fire, Water, Lightning and Frost; +20 percentage points critical damage on this cast; 100% chance: evades direct damaging attack attempts for 1 turn; Damage and hostile effects use accuracy and Dodge; critical, authority and defense modifiers still apply. 45 SP · Cooldown 2 turns.",tests/phase3-actual-casts.test.js + tests/phase3-description-dom.test.js
door,4,door_of_concealment,aligned,aligned,generated_description,True,"[""Real cast deals INT x1.70 Spatial damage and applies one-action silenced; the shared silence blocks active ability selection."", ""/workspace/guild_of_mystery-campaign/data/pathways/door.json:175"", ""/workspace/guild_of_mystery-campaign/js/engine.js:1047"", ""/workspace/guild_of_mystery-campaign/js/engine.js:1232"", ""/workspace/guild_of_mystery-campaign/js/engine.js:1303"", ""/workspace/game-audit/phase3/fool-group-probes.json: current normalized row and real-cast output at HEAD783ebb3""]",Generated description can say silences active skills for1 turn to match the actual silence scope.,[],"Preserved current implementation; generated description reflects actual effects, numbers and durations; verified on both teams.",,"Door of Concealment — Deals 170% INT Spatial damage (25% base DEF bypass); 100% chance: Silenced for 1 turn; subject to status resistance and immunity; Damage and hostile effects use accuracy and Dodge; critical, authority and defense modifiers still apply. 50 SP · Cooldown 3 turns.",tests/phase3-actual-casts.test.js + tests/phase3-description-dom.test.js
door,3,spatial_concealment,aligned,aligned,generated_description,True,"[""Real cast grants one-action untargetable; direct and periodic damage are negated, and AoE target selection also excludes the caster."", ""/workspace/guild_of_mystery-campaign/data/pathways/door.json:201"", ""/workspace/guild_of_mystery-campaign/js/engine.js:497"", ""/workspace/guild_of_mystery-campaign/js/engine.js:578"", ""/workspace/guild_of_mystery-campaign/js/engine.js:1123"", ""/workspace/guild_of_mystery-campaign/js/engine.js:1232"", ""/workspace/game-audit/phase3/fool-group-probes.json: current normalized row and real-cast output at HEAD783ebb3""]",Preserve spatial concealment. Generated description can specify untargetable and immune to incoming damage for1 turn.,[],"Preserved current implementation; generated description reflects actual effects, numbers and durations; verified on both teams.",,Spatial Concealment — 100% chance: avoids targeting and incoming damage for 1 turn. 70 SP · Cooldown 3 turns.,tests/phase3-actual-casts.test.js + tests/phase3-description-dom.test.js
door,2,spatial_exile,mismatch,already_fixed,generated_description,True,"[""Phase1 removed order-dependent extra action: _skipTurns=duration1, both banished and untargetable duration1, then one victim action clears removal. Real cast probe shows skip1."", ""/workspace/guild_of_mystery-campaign/data/pathways/door.json:226"", ""/workspace/guild_of_mystery-campaign/js/engine.js:1232"", ""/workspace/guild_of_mystery-campaign/js/engine.js:1432"", ""/workspace/game-audit/phase3/fool-group-probes.json: current normalized row and real-cast output at HEAD783ebb3""]",Spatial Exile — Banishes one enemy from target selection and prevents its next action. Describe victim actions rather than a global round.,[],"Preserved current implementation; generated description reflects actual effects, numbers and durations; verified on both teams.",,Spatial Exile — 100% chance: leaves targeting and cannot act for 1 turn; subject to status resistance and immunity. 85 SP · Cooldown 4 turns.,tests/phase3-actual-casts.test.js + tests/phase3-description-dom.test.js
door,1,star_gate_tear,aligned,aligned,generated_description,True,"[""Real cast targets all enemies, deals INT x3 generic elemental damage, and applies ATK/DEF0.75 for two victim actions."", ""/workspace/guild_of_mystery-campaign/data/pathways/door.json:251"", ""/workspace/guild_of_mystery-campaign/js/engine.js:1123"", ""/workspace/guild_of_mystery-campaign/js/engine.js:1231"", ""/workspace/guild_of_mystery-campaign/js/engine.js:1303"", ""/workspace/game-audit/phase3/fool-group-probes.json: current normalized row and real-cast output at HEAD783ebb3""]",Preserve the current ability; generated details may add the existing2-turn debuff duration.,[],"Preserved current implementation; generated description reflects actual effects, numbers and durations; verified on both teams.",,"Star Gate Tear — Targets all enemies; Deals 300% INT Elemental damage (25% base DEF bypass); resistance uses the average of Fire, Water, Lightning and Frost; Enemy ATK −25% for 2 turns; Enemy DEF −25% for 2 turns; Damage and hostile effects use accuracy and Dodge; critical, authority and defense modifiers still apply. 100 SP · Cooldown 4 turns.",tests/phase3-actual-casts.test.js + tests/phase3-description-dom.test.js
door,0,conceptual_unseal_seal,aligned,aligned,generated_description,True,"[""Real cast strips current stat buffs, guarded/evade and shield barriers, applies one-action silenced, and deals INT x4 True damage."", ""/workspace/guild_of_mystery-campaign/data/pathways/door.json:287"", ""/workspace/guild_of_mystery-campaign/js/engine.js:1226"", ""/workspace/guild_of_mystery-campaign/js/engine.js:1232"", ""/workspace/guild_of_mystery-campaign/js/engine.js:1289"", ""/workspace/guild_of_mystery-campaign/js/v15.js:69"", ""/workspace/game-audit/phase3/fool-group-probes.json: current normalized row and real-cast output at HEAD783ebb3""]",,[],"Preserved current implementation; generated description reflects actual effects, numbers and durations; verified on both teams.",,"Conceptual Unseal & Seal — Deals 400% INT True damage (ignores DEF and elemental resistance); Removes current stat buffs, Guarded, Evade and shields; 100% chance: Silenced for 1 turn; subject to status resistance and immunity; Damage and hostile effects use accuracy and Dodge; critical, authority and defense modifiers still apply. 120 SP · Cooldown 5 turns.",tests/phase3-actual-casts.test.js + tests/phase3-description-dom.test.js
error,9,combat_theft,mismatch,mismatch,generated_description,True,"[""Real steal_stat cast lowers target ATK/DEF by10%, but caster buffs multiply its own ATK/DEF by1.10, so the same numeric amount is not transferred."", ""/workspace/guild_of_mystery-campaign/data/pathways/error.json:32"", ""/workspace/guild_of_mystery-campaign/js/engine.js:1257"", ""/workspace/guild_of_mystery-campaign/js/engine.js:796"", ""/workspace/game-audit/phase3/fool-group-probes.json: current normalized row and real-cast output at HEAD783ebb3""]",Recommend implementing true target-amount transfer in the existing steal_stat handler after snapshot semantics are selected. Alternative Phase3 description: weakens target ATK/DEF by10% and raises your own ATK/DEF by10% for2 turns.,"[""Transferred baseline and buff stacking are unspecified. Recommend snapshot10% effective target ATK/DEF at cast time as additive caster gains and matching target losses for2 holder actions, independently preserved. Alternative: current independent percentage modifiers, described explicitly without theft of an equal amount.""]","Preserved current implementation; generated description reflects actual effects, numbers and durations; verified on both teams.","Lore/scope expansion remains deferred; original proposal below is evidence, not an implemented rule.",Combat Theft — Lowers target ATK by 10% and raises your own ATK by 10% for 2 turns; Lowers target DEF by 10% and raises your own DEF by 10% for 2 turns. 15 SP · Cooldown 2 turns.,tests/phase3-actual-casts.test.js + tests/phase3-description-dom.test.js
error,8,deceptive_feint,partial,partial,generated_description,True,"[""Phase1 fixed forced miss across basic and damaging active abilities: probe enemy HolyFlash deals0 and consumes the token. Damage remains the intentional agility hybrid1.10 x(0.85ATK+0.55INT), not pureATK."", ""/workspace/guild_of_mystery-campaign/data/pathways/error.json:64"", ""/workspace/guild_of_mystery-campaign/js/v15.js:63"", ""/workspace/guild_of_mystery-campaign/js/engine.js:887"", ""/workspace/guild_of_mystery-campaign/js/engine.js:1220"", ""/workspace/guild_of_mystery-campaign/js/engine.js:1266"", ""/workspace/game-audit/phase3/fool-group-probes.json: current normalized row and real-cast output at HEAD783ebb3""]",Deceptive Feint — Deals110% of(0.85ATK+0.55INT) Physical damage and forces the target next damaging action to miss. Preserve the intentional formula.,[],"Preserved current implementation; generated description reflects actual effects, numbers and durations; verified on both teams.",,"Deceptive Feint — Deals 110% × (85% ATK + 55% INT) Physical damage (22% base DEF bypass); Forces the target's next damaging action to miss with 100% chance; Damage and hostile effects use accuracy and Dodge; critical, authority and defense modifiers still apply. 20 SP · Cooldown 2 turns.",tests/phase3-actual-casts.test.js + tests/phase3-description-dom.test.js
error,7,flaw_exploitation,partial,partial,code_and_generated_description,True,"[""PassiveCombatModifier returns defPen0.20 and basic attacks pass it explicitly. v15Mods returns only atk/int, so its mod.defPen branch is unreachable for active ability damage. Probe same skill damage96 without forwarding versus108 with0.20 forwarded."", ""/workspace/guild_of_mystery-campaign/data/pathways/error.json:88"", ""/workspace/guild_of_mystery-campaign/js/v15.js:35"", ""/workspace/guild_of_mystery-campaign/js/v15.js:42"", ""/workspace/guild_of_mystery-campaign/js/engine.js:790"", ""/workspace/guild_of_mystery-campaign/js/engine.js:921"", ""/workspace/guild_of_mystery-campaign/js/engine.js:1303"", ""/workspace/game-audit/phase3/fool-group-probes.json: current normalized row and real-cast output at HEAD783ebb3""]","Combine passive, timed and per-skill DEF penetration exactly once in shared damage resolution for basic and active attacks. Do not double-count the basic attack explicit pm.defPen. Preserve the20 percentage-point passive bonus.",[],Corrected existing rule and generated actual numerical description; verified on both teams.,,Flaw Exploitation — +20% DEF bypass. Passive.,tests/phase3-actual-casts.test.js + tests/phase3-description-dom.test.js
error,6,rust_siphon,partial,partial,generated_description,True,"[""Current INT x1.40 Corrosion damage works; target ATK0.80 and caster ownATK1.20 are independent percentage modifiers, not transfer of20% target ATK."", ""/workspace/guild_of_mystery-campaign/data/pathways/error.json:112"", ""/workspace/guild_of_mystery-campaign/js/engine.js:1257"", ""/workspace/guild_of_mystery-campaign/js/v15.js:64"", ""/workspace/game-audit/phase3/fool-group-probes.json: current normalized row and real-cast output at HEAD783ebb3""]","Use the same agreed existing steal_stat correction as CombatTheft, or generate a truthful targetATK-20%/selfATK+20% description for2 turns.","[""Recommend effective-target-ATK cast snapshot as a true additive transfer; alternative preserve independent percentages and revise the theft promise. No damage formula change.""]","Preserved current implementation; generated description reflects actual effects, numbers and durations; verified on both teams.","Lore/scope expansion remains deferred; original proposal below is evidence, not an implemented rule.","Rust Siphon — Deals 140% INT Corrosion damage (25% base DEF bypass); Lowers target ATK by 20% and raises your own ATK by 20% for 2 turns; Damage and hostile effects use accuracy and Dodge; critical, authority and defense modifiers still apply. 35 SP · Cooldown 2 turns.",tests/phase3-actual-casts.test.js + tests/phase3-description-dom.test.js
error,5,logic_distortion,mismatch,mismatch,defer_whole_ability,True,"[""Real mind_control uses150% target combat ATK against the first living teammate, then stuns target for1 action. It does not choose/replay a primary skill; solo targets only receive stun."", ""/workspace/guild_of_mystery-campaign/data/pathways/error.json:138"", ""/workspace/guild_of_mystery-campaign/js/engine.js:1236"", ""/workspace/game-audit/phase3/fool-group-probes.json: current normalized row and real-cast output at HEAD783ebb3""]","Phase3: Logic Distortion — Compels a150% ATK strike against an enemy teammate and stuns the target for1 turn; against a lone enemy, applies only the stun. Primary-skill redirection is Phase4.","[""Primary skill, redirected targeting, self-support skills, SP/cooldown ownership and solo fallback are undefined. Recommend retain the current compelled strike now; Phase4 can redirect a selected eligible witnessed active skill with explicit resource rules.""]","Original definition, description and behavior preserved by explicit user direction; real-cast mismatch retained as a Phase4 diagnostic.",Whole ability logic and description deferred by user.,,tests/phase3-actual-casts.test.js (nonblocking diagnostic)
error,4,parasitic_contagion,partial,partial,defer_whole_ability,True,"[""Phase1 fixed canonical SP ownership. Real cast drains20 SP once and restores10% caster Max HP once; no periodic SP status/timer exists."", ""/workspace/guild_of_mystery-campaign/data/pathways/error.json:162"", ""/workspace/guild_of_mystery-campaign/js/engine.js:1229"", ""/workspace/guild_of_mystery-campaign/js/engine.js:1254"", ""/workspace/game-audit/phase3/fool-group-probes.json: current normalized row and real-cast output at HEAD783ebb3""]","Parasitic Contagion — Parasitizes the target, immediately draining20 SP and restoring10% of your Max HP. Defer a2-turn periodic resource drain to Phase4.","[""Periodic healing versus one-time healing is unspecified. Recommend current one-time heal/drain wording; alternative two target-action drains plus one caster heal requires a new periodic-resource mechanic.""]","Original definition, description and behavior preserved by explicit user direction; real-cast mismatch retained as a Phase4 diagnostic.",Whole ability logic and description deferred by user.,,tests/phase3-actual-casts.test.js (nonblocking diagnostic)
error,3,deceive_impact,partial,partial,generated_description,True,"[""Direct attacks are negated and reflect100% incoming damage until caster next turn. Indirect DoT skips the entire reflect/negate ward; probe700 Burn still removes700HP. Reflection also does not re-reflect reflected hits."", ""/workspace/guild_of_mystery-campaign/data/pathways/error.json:190"", ""/workspace/guild_of_mystery-campaign/js/engine.js:501"", ""/workspace/guild_of_mystery-campaign/js/engine.js:502"", ""/workspace/guild_of_mystery-campaign/js/engine.js:517"", ""/workspace/guild_of_mystery-campaign/js/engine.js:529"", ""/workspace/guild_of_mystery-campaign/js/engine.js:581"", ""/workspace/game-audit/phase3/fool-group-probes.json: current normalized row and real-cast output at HEAD783ebb3""]","Recommend applying the existing negate flag to all incoming damage, including DoT, while separately retaining recursion guards for reflection; choose the periodic-reflection source rule before extending reflection. Alternative truthful description restricts the ward to direct attacks.","[""All incoming promises DoT negation but reflecting a periodic source is unspecified when source is dead/absent. Recommend negate all sources and reflect100% once to a living identified original DoT source, never reflect reflection; alternative direct-hit-only reflection wording.""]","Preserved current implementation; generated description reflects actual effects, numbers and durations; verified on both teams.","Lore/scope expansion remains deferred; original proposal below is evidence, not an implemented rule.",Deceive Impact — Negates incoming direct hits and reflects 100% of incoming damage to the attacker until your next turn; periodic damage does not trigger reflection. 70 SP · Cooldown 4 turns.,tests/phase3-actual-casts.test.js + tests/phase3-description-dom.test.js
error,2,steal_destiny_turn,partial,partial,generated_description,True,"[""Real cast strips a subset of buffs/barriers instead of transferring them, grants own ATK/INT25% for2 holder actions, and creates one immediate extra action. No target turn-priority theft, DEF/HP/speed buff or all-positive-buff transfer exists."", ""/workspace/guild_of_mystery-campaign/data/pathways/error.json:217"", ""/workspace/guild_of_mystery-campaign/js/engine.js:1226"", ""/workspace/guild_of_mystery-campaign/js/engine.js:1230"", ""/workspace/guild_of_mystery-campaign/js/engine.js:1264"", ""/workspace/guild_of_mystery-campaign/js/engine.js:1454"", ""/workspace/game-audit/phase3/fool-group-probes.json: current normalized row and real-cast output at HEAD783ebb3""]","Phase3: Steal Destiny & Turn — Strips target stat buffs and barriers, grants+25% ATK/INT for2 turns, and takes an immediate extra action. Defer actual buff/priority theft to Phase4.","[""All positive buffs and +25% stats have undefined categories; recommend existing ATK/INT and extra-action scope. Alternative Phase4 transfer timed buffs with remaining durations and remove one target action.""]","Preserved current implementation; generated description reflects actual effects, numbers and durations; verified on both teams.","Lore/scope expansion remains deferred; original proposal below is evidence, not an implemented rule.","Steal Destiny & Turn — Removes current stat buffs, Guarded, Evade and shields; +25% ATK for 2 turns; +25% INT for 2 turns; Grants 1 extra action if you and the current enemy survive. 85 SP · Cooldown 4 turns.",tests/phase3-actual-casts.test.js + tests/phase3-description-dom.test.js
error,1,time_theft,aligned,aligned,generated_description,True,"[""Real cast targets a pending-action enemy where possible, applies stunned1 and grants one immediate extra caster action. Status resistance/immunity remains shared control behavior."", ""/workspace/guild_of_mystery-campaign/data/pathways/error.json:256"", ""/workspace/guild_of_mystery-campaign/js/engine.js:1117"", ""/workspace/guild_of_mystery-campaign/js/engine.js:1232"", ""/workspace/guild_of_mystery-campaign/js/engine.js:1264"", ""/workspace/guild_of_mystery-campaign/js/engine.js:1454"", ""/workspace/game-audit/phase3/fool-group-probes.json: current normalized row and real-cast output at HEAD783ebb3""]",,[],"Preserved current implementation; generated description reflects actual effects, numbers and durations; verified on both teams.",,Time Theft — 100% chance: Stunned (blocks actions) for 1 turn; subject to status resistance and immunity; Grants 1 extra action if you and the current enemy survive. 100 SP · Cooldown 4 turns.,tests/phase3-actual-casts.test.js + tests/phase3-description-dom.test.js
error,0,systemic_glitch,partial,partial,generated_description,True,"[""HP theft now removes/heals actual HP up to30% target Max HP, leaves target at least1HP, and respects no_heal. It applies independent targetATK-30%/selfATK+30% and strips buffs instead of transferring. Damage is intentional agility hybrid4.20 x(0.85ATK+0.55INT) True, despite INT metadata."", ""/workspace/guild_of_mystery-campaign/data/pathways/error.json:285"", ""/workspace/guild_of_mystery-campaign/js/engine.js:1257"", ""/workspace/guild_of_mystery-campaign/js/engine.js:1226"", ""/workspace/guild_of_mystery-campaign/js/v15.js:63"", ""/workspace/guild_of_mystery-campaign/js/v15.js:69"", ""/workspace/game-audit/phase3/fool-group-probes.json: current normalized row and real-cast output at HEAD783ebb3""]","Recommend generated description naming current nonlethal MaxHP siphon, independent ATK modifiers, buff/barrier stripping and4.20 agility-hybrid True damage; do not rebalance the intentional formula. Actual stat/buff transfers need the selected theft contract.","[""30% HP could mean current or maximum HP; recommend current targetMaxHP basis, capped by actually removableHP and preserving1HP. Recommend independent ATK modifiers/stripping now or approve equal target-amount ATK and timed-buff transfer.""]","Preserved current implementation; generated description reflects actual effects, numbers and durations; verified on both teams.","Lore/scope expansion remains deferred; original proposal below is evidence, not an implemented rule.","Systemic Glitch — Deals 420% × (85% ATK + 55% INT) True damage (ignores DEF and elemental resistance); Removes up to 30% enemy Max HP and restores the amount removed to you; cannot kill by this siphon; Lowers target ATK by 30% and raises your own ATK by 30% for 2 turns; Removes current stat buffs, Guarded, Evade and shields; Damage and hostile effects use accuracy and Dodge; critical, authority and defense modifiers still apply. 120 SP · Cooldown 5 turns.",tests/phase3-actual-casts.test.js + tests/phase3-description-dom.test.js
visionary,9,flaw_analysis,aligned,aligned,generated_description,True,"[""Current passive grants CritChance0.10 and CritDamage0.15 to user; critical damage applies to basic and structured damaging abilities."", ""/workspace/guild_of_mystery-campaign/data/pathways/visionary.json:32"", ""/workspace/guild_of_mystery-campaign/js/engine.js:790"", ""/workspace/guild_of_mystery-campaign/js/engine.js:922"", ""/workspace/guild_of_mystery-campaign/js/engine.js:1315"", ""/workspace/game-audit/phase3/fool-group-probes.json: current normalized row and real-cast output at HEAD783ebb3""]",,[],"Preserved current implementation; generated description reflects actual effects, numbers and durations; verified on both teams.",,Flaw Analysis — +10 percentage points critical chance; +15 percentage points critical damage. Passive.,tests/phase3-actual-casts.test.js + tests/phase3-description-dom.test.js
visionary,8,predictive_parry,partial,already_fixed,generated_description,True,"[""Phase1 routes periodic damage through passive incoming reduction. Probe700 Burn removes630HP. Dodge0.15 and incoming multiplier0.90 apply on either side."", ""/workspace/guild_of_mystery-campaign/data/pathways/visionary.json:60"", ""/workspace/guild_of_mystery-campaign/js/engine.js:457"", ""/workspace/guild_of_mystery-campaign/js/engine.js:506"", ""/workspace/guild_of_mystery-campaign/js/engine.js:581"", ""/workspace/guild_of_mystery-campaign/js/engine.js:789"", ""/workspace/guild_of_mystery-campaign/js/engine.js:790"", ""/workspace/game-audit/phase3/fool-group-probes.json: current normalized row and real-cast output at HEAD783ebb3""]",,[],"Preserved current implementation; generated description reflects actual effects, numbers and durations; verified on both teams.",,Predictive Parry — Reduces incoming all damage by 10% after shields; +15 percentage points Dodge. Passive.,tests/phase3-actual-casts.test.js + tests/phase3-description-dom.test.js
visionary,7,psychic_frenzy,aligned,aligned,generated_description,True,"[""Real cast deals INT x1.20 Psychic and applies ATK0.80 for2 victim actions on a connected damaging hit."", ""/workspace/guild_of_mystery-campaign/data/pathways/visionary.json:88"", ""/workspace/guild_of_mystery-campaign/js/engine.js:1223"", ""/workspace/guild_of_mystery-campaign/js/engine.js:1231"", ""/workspace/guild_of_mystery-campaign/js/engine.js:1303"", ""/workspace/game-audit/phase3/fool-group-probes.json: current normalized row and real-cast output at HEAD783ebb3""]",,[],"Preserved current implementation; generated description reflects actual effects, numbers and durations; verified on both teams.",,"Psychic Frenzy — Deals 120% INT Psychic damage (25% base DEF bypass); Enemy ATK −20% for 2 turns; Damage and hostile effects use accuracy and Dodge; critical, authority and defense modifiers still apply. 25 SP · Cooldown 2 turns.",tests/phase3-actual-casts.test.js + tests/phase3-description-dom.test.js
visionary,6,battle_hypnosis,partial,partial,generated_description,True,"[""Real cast deals1.00 physical hybrid damage directly to target and adds stun1; no alternative friendly-fire branch exists."", ""/workspace/guild_of_mystery-campaign/data/pathways/visionary.json:114"", ""/workspace/guild_of_mystery-campaign/js/engine.js:1232"", ""/workspace/guild_of_mystery-campaign/js/v15.js:62"", ""/workspace/game-audit/phase3/fool-group-probes.json: current normalized row and real-cast output at HEAD783ebb3""]",Battle Hypnosis — A hypnotic strike deals100% of(1.05ATK+0.30INT) Physical damage and prevents the target next action. Friendly-fire choice is Phase4.,"[""Skip or attack an ally does not specify choice/random selection. Recommend current strike-plus-stun wording; Phase4 alternative chooses either guaranteed skip or compelled enemy-teammate strike explicitly.""]","Preserved current implementation; generated description reflects actual effects, numbers and durations; verified on both teams.",,"Battle Hypnosis — Deals 100% × (105% ATK + 30% INT) Physical damage (22% base DEF bypass); 100% chance: Stunned (blocks actions) for 1 turn; subject to status resistance and immunity; Damage and hostile effects use accuracy and Dodge; critical, authority and defense modifiers still apply. 35 SP · Cooldown 3 turns.",tests/phase3-actual-casts.test.js + tests/phase3-description-dom.test.js
visionary,5,dream_tether,partial,partial,generated_description,True,"[""Real cast buffs own ATK20% for1 action and deals20% physical-hybrid Death damage; no timed fatal guard/death-deferral rule exists in settleFatalDamage or revival selection."", ""/workspace/guild_of_mystery-campaign/data/pathways/visionary.json:139"", ""/workspace/guild_of_mystery-campaign/js/engine.js:483"", ""/workspace/guild_of_mystery-campaign/js/engine.js:1230"", ""/workspace/guild_of_mystery-campaign/js/v15.js:101"", ""/workspace/game-audit/phase3/fool-group-probes.json: current normalized row and real-cast output at HEAD783ebb3""]",Phase3: Dream Tether — An invasive dream deals20% of(1.05ATK+0.30INT) Death damage and grants+20% ATK for1 turn. Timed fatal prevention belongs toPhase4.,"[""Upon fatal strike and for1 round leaves trigger/expiration unspecified. Recommend Phase4 an activated one-action cannot-die guard holdingHP at1; alternative a consumed self-revival changes the existing once-per-battle revival policy.""]","Preserved current implementation; generated description reflects actual effects, numbers and durations; verified on both teams.","Lore/scope expansion remains deferred; original proposal below is evidence, not an implemented rule.","Dream Tether — Deals 20% × (105% ATK + 30% INT) Death damage (22% base DEF bypass); +20% ATK for 1 turn; Damage and hostile effects use accuracy and Dodge; critical, authority and defense modifiers still apply. 45 SP · Cooldown 3 turns.",tests/phase3-actual-casts.test.js + tests/phase3-description-dom.test.js
visionary,4,psychological_invisibility,partial,partial,generated_description,True,"[""Real self untargetable excludes single/AoE targets and negates direct/DoT damage. next_damage_bonus0.30 applies to the next damaging structured ability regardless of element/formula, and is consumed inside the per-target loop so only first connected AoE hit gains it."", ""/workspace/guild_of_mystery-campaign/data/pathways/visionary.json:165"", ""/workspace/guild_of_mystery-campaign/js/engine.js:497"", ""/workspace/guild_of_mystery-campaign/js/engine.js:578"", ""/workspace/guild_of_mystery-campaign/js/engine.js:1123"", ""/workspace/guild_of_mystery-campaign/js/engine.js:1281"", ""/workspace/guild_of_mystery-campaign/js/engine.js:1301"", ""/workspace/game-audit/phase3/fool-group-probes.json: current normalized row and real-cast output at HEAD783ebb3""]","Recommend truthful current all-target concealment and next damaging skill wording, with an existing-hook correction to apply one saved30% bonus to the complete next damaging cast then consume it after the cast. Spell-only matching/single-target-only concealment require selected scope.","[""Single-target-only protection versus current immunity differs. Recommend preserve current complete concealment and describe it; alternative add a scoped targeting status. Next spell versus any damaging skill also differs; recommend preserve next damaging skill and correct all-hit AoE use, or define spell classification first.""]","Preserved current implementation; generated description reflects actual effects, numbers and durations; verified on both teams.","Lore/scope expansion remains deferred; original proposal below is evidence, not an implemented rule.",Psychological Invisibility — 100% chance: avoids targeting and incoming damage for 1 turn; Stores +30% damage for your next landed damaging-skill hit. 50 SP · Cooldown 3 turns.,tests/phase3-actual-casts.test.js + tests/phase3-description-dom.test.js
visionary,3,dream_prison,partial,partial,generated_description,True,"[""Real cast applies only stun1; target remains in target pools and no3% Psychic periodic effect exists. Supported DoT list has no psychic status and existing untargetability would suppress DoT if changed to banished alone."", ""/workspace/guild_of_mystery-campaign/data/pathways/visionary.json:194"", ""/workspace/guild_of_mystery-campaign/js/engine.js:574"", ""/workspace/guild_of_mystery-campaign/js/engine.js:578"", ""/workspace/guild_of_mystery-campaign/js/engine.js:1123"", ""/workspace/guild_of_mystery-campaign/js/engine.js:1232"", ""/workspace/game-audit/phase3/fool-group-probes.json: current normalized row and real-cast output at HEAD783ebb3""]",Phase3: Dream Prison — Traps the target in a nightmare that prevents its next action. Removal plus PsychicDoT requires an explicit Phase4 prison effect.,"[""Removed from fight plus takingDoT conflicts with normal banish immunity. Recommend Phase4 prison untargetability/skip that explicitly permits its own3% victimMaxHP Psychic tick; alternative ordinary stun only. Tick timing, tick count and resistance must be chosen.""]","Preserved current implementation; generated description reflects actual effects, numbers and durations; verified on both teams.","Lore/scope expansion remains deferred; original proposal below is evidence, not an implemented rule.",Dream Prison — 100% chance: Stunned (blocks actions) for 1 turn; subject to status resistance and immunity. 70 SP · Cooldown 4 turns.,tests/phase3-actual-casts.test.js + tests/phase3-description-dom.test.js
visionary,2,absolute_discernment,mismatch,mismatch,generated_description,True,"[""Current passive immunities cover confused,illusion,taunt; DEF stat multiplier1.20 applies against every nontrue damage type, not Psychic-only."", ""/workspace/guild_of_mystery-campaign/data/pathways/visionary.json:219"", ""/workspace/guild_of_mystery-campaign/js/engine.js:788"", ""/workspace/guild_of_mystery-campaign/js/engine.js:792"", ""/workspace/guild_of_mystery-campaign/js/engine.js:530"", ""/workspace/guild_of_mystery-campaign/js/v15.js:79"", ""/workspace/game-audit/phase3/fool-group-probes.json: current normalized row and real-cast output at HEAD783ebb3""]","Absolute Discernment — Immune to confusion, illusions and taunts; gains+20% DEF. Preserve current values; conditional Psychic-only DEF is a Phase4 choice.","[""Recommend describe the existing universalDEF bonus. A Psychic-only DEF computation needs a conditional mitigation rule and would change current protection.""]","Preserved current implementation; generated description reflects actual effects, numbers and durations; verified on both teams.",,Absolute Discernment — +20% DEF; Immune to Confused; Immune to Illusion; Immune to Taunt. Passive.,tests/phase3-actual-casts.test.js + tests/phase3-description-dom.test.js
visionary,1,author_s_script,mismatch,mismatch,generated_description,True,"[""Real cast deals INT x2.50 Psychic and applies one-action stun. No two-charge miss effect is encoded; next_attack_miss currently stores one chance and consumes it all on one damaging action."", ""/workspace/guild_of_mystery-campaign/data/pathways/visionary.json:256"", ""/workspace/guild_of_mystery-campaign/js/engine.js:887"", ""/workspace/guild_of_mystery-campaign/js/engine.js:1232"", ""/workspace/guild_of_mystery-campaign/js/engine.js:1266"", ""/workspace/game-audit/phase3/fool-group-probes.json: current normalized row and real-cast output at HEAD783ebb3""]",Phase3: Author Script — Writes a Psychic attack dealing250% INT damage and preventing the target next action. Two separate forced-miss charges are Phase4.,"[""Next2 strikes could mean2 target actions, individual AoE targets or multi-strike hits. Recommend2 damaging actions if implemented, following the approved shared-hit action rule. Current one-token chance cannot represent that count.""]","Preserved current implementation; generated description reflects actual effects, numbers and durations; verified on both teams.","Lore/scope expansion remains deferred; original proposal below is evidence, not an implemented rule.","Author's Script — Deals 250% INT Psychic damage (25% base DEF bypass); 100% chance: Stunned (blocks actions) for 1 turn; subject to status resistance and immunity; Damage and hostile effects use accuracy and Dodge; critical, authority and defense modifiers still apply. 90 SP · Cooldown 4 turns.",tests/phase3-actual-casts.test.js + tests/phase3-description-dom.test.js
visionary,0,envisioning_cataclysm,mismatch,already_fixed,generated_description,True,"[""Phase1 normalized true handling bypasses DEF and all elemental resistance even with psychic metadata. Probe90%Psychic resistance yields resistance0 and raw380 damage forINT100x3.8. AoE targets both enemies."", ""/workspace/guild_of_mystery-campaign/data/pathways/visionary.json:281"", ""/workspace/guild_of_mystery-campaign/js/engine.js:1289"", ""/workspace/guild_of_mystery-campaign/js/engine.js:1290"", ""/workspace/guild_of_mystery-campaign/js/engine.js:1319"", ""/workspace/guild_of_mystery-campaign/js/v15.js:69"", ""/workspace/game-audit/phase3/fool-group-probes.json: current normalized row and real-cast output at HEAD783ebb3""]",Preserve380% INT True Psychic damage to all enemies; shared incoming shields/reduction still apply by approved pipeline.,[],"Preserved current implementation; generated description reflects actual effects, numbers and durations; verified on both teams.",,"Envisioning Cataclysm — Targets all enemies; Deals 380% INT True Psychic damage (ignores DEF and elemental resistance); Damage and hostile effects use accuracy and Dodge; critical, authority and defense modifiers still apply. 120 SP · Cooldown 5 turns.",tests/phase3-actual-casts.test.js + tests/phase3-description-dom.test.js
hanged_man,9,blood_supplication,aligned,aligned,generated_description,True,"[""Passive lifesteal0.10 is used for basic attacks only; recovery uses resolvedHP loss plus absorbed shield damage and respects no_heal. Structured ability lifesteal does not inherit this passive."", ""/workspace/guild_of_mystery-campaign/data/pathways/hanged_man.json:32"", ""/workspace/guild_of_mystery-campaign/js/engine.js:790"", ""/workspace/guild_of_mystery-campaign/js/engine.js:936"", ""/workspace/guild_of_mystery-campaign/js/engine.js:937"", ""/workspace/guild_of_mystery-campaign/js/engine.js:1331"", ""/workspace/game-audit/phase3/fool-group-probes.json: current normalized row and real-cast output at HEAD783ebb3""]",,[],"Preserved current implementation; generated description reflects actual effects, numbers and durations; verified on both teams.",,Blood Supplication — Restores 10% of damage dealt by basic strikes. Passive.,tests/phase3-actual-casts.test.js + tests/phase3-description-dom.test.js
hanged_man,8,shadow_strike,partial,partial,generated_description,True,"[""Current damage is1.35 x(1.05ATK+0.30INT), one Shadow element; skill15%DEF penetration adds to shared22% hybrid bypass. There is no split Physical/Shadow hit."", ""/workspace/guild_of_mystery-campaign/data/pathways/hanged_man.json:56"", ""/workspace/guild_of_mystery-campaign/js/v15.js:62"", ""/workspace/guild_of_mystery-campaign/js/v15.js:68"", ""/workspace/guild_of_mystery-campaign/js/v15.js:75"", ""/workspace/game-audit/phase3/fool-group-probes.json: current normalized row and real-cast output at HEAD783ebb3""]",Shadow Strike — Deals135% of(1.05ATK+0.30INT) Shadow damage and adds15 percentage points DEF bypass. Preserve the intentional hybrid formula.,"[""Recommend Shadow as the actual damage school with physical blade imagery as flavor. A split Physical/Shadow hit requires a new multi-school contract; do not change the formula for this wording correction.""]","Preserved current implementation; generated description reflects actual effects, numbers and durations; verified on both teams.",,"Shadow Strike — Deals 135% × (105% ATK + 30% INT) Shadow damage (22% base DEF bypass); +15% DEF bypass on this cast; Damage and hostile effects use accuracy and Dodge; critical, authority and defense modifiers still apply. 15 SP · Cooldown 1 turn.",tests/phase3-actual-casts.test.js + tests/phase3-description-dom.test.js
hanged_man,7,flesh_healing,mismatch,mismatch,generated_description,True,"[""Real cast restores15% casterMaxHP immediately once; there is no regeneration timer. ProbeHP5000->6500."", ""/workspace/guild_of_mystery-campaign/data/pathways/hanged_man.json:80"", ""/workspace/guild_of_mystery-campaign/js/engine.js:1229"", ""/workspace/game-audit/phase3/fool-group-probes.json: current normalized row and real-cast output at HEAD783ebb3""]","Flesh Healing — Regenerates flesh, immediately restoring15% Max HP. Two-turn regeneration is Phase4.","[""Over2 turns does not define per-turn split/timing. Recommend current immediate15% heal; alternative7.5% per caster action twice is a new periodic-heal mechanic.""]","Preserved current implementation; generated description reflects actual effects, numbers and durations; verified on both teams.",,"Flesh Healing — Immediately restores 15% Max HP HP, capped at Max HP. 25 SP · Cooldown 3 turns.",tests/phase3-actual-casts.test.js + tests/phase3-description-dom.test.js
hanged_man,6,depravity_mark,aligned,partial,code_and_generated_description,True,"[""New finding in formerly aligned row: stored vulnerability1.20 is read only by structured damage. Probe basic damage59 before/aftermark; Burn700 before/aftermark. Basic,reflection andDoT incoming paths omit vulnerability."", ""/workspace/guild_of_mystery-campaign/data/pathways/hanged_man.json:106"", ""/workspace/guild_of_mystery-campaign/js/engine.js:1271"", ""/workspace/guild_of_mystery-campaign/js/engine.js:1304"", ""/workspace/guild_of_mystery-campaign/js/engine.js:921"", ""/workspace/guild_of_mystery-campaign/js/engine.js:506"", ""/workspace/guild_of_mystery-campaign/js/engine.js:581"", ""/workspace/game-audit/phase3/fool-group-probes.json: current normalized row and real-cast output at HEAD783ebb3""]","Apply the existing vulnerability modifier consistently to all incoming damage sources via the shared incoming path, without multiplying structured damage twice. Preserve20% and two victim actions.",[],Corrected existing rule and generated actual numerical description; verified on both teams.,,Depravity Mark — Target takes +20% incoming damage for 2 turns. 35 SP · Cooldown 2 turns.,tests/phase3-actual-casts.test.js + tests/phase3-description-dom.test.js
hanged_man,5,soul_drain,partial,partial,generated_description,True,"[""Phase1 fixed sp_drain to canonical target resource, mirrored to unitSP. Real cast drains15SP and deals1.70 x(1.05ATK+0.30INT) Blood damage; no casterSP gain is promised or executed."", ""/workspace/guild_of_mystery-campaign/data/pathways/hanged_man.json:131"", ""/workspace/guild_of_mystery-campaign/js/engine.js:1254"", ""/workspace/guild_of_mystery-campaign/js/v15.js:62"", ""/workspace/game-audit/phase3/fool-group-probes.json: current normalized row and real-cast output at HEAD783ebb3""]",Soul Drain — Deals170% of(1.05ATK+0.30INT) Blood damage and drains15SP from the target. Preserve the drain semantics and intentional hybrid formula.,[],"Preserved current implementation; generated description reflects actual effects, numbers and durations; verified on both teams.",,"Soul Drain — Deals 170% × (105% ATK + 30% INT) Blood damage (22% base DEF bypass); Immediately drains up to 15 target SP; Damage and hostile effects use accuracy and Dodge; critical, authority and defense modifiers still apply. 45 SP · Cooldown 3 turns.",tests/phase3-actual-casts.test.js + tests/phase3-description-dom.test.js
hanged_man,4,shadow_sword_execution,mismatch,already_fixed,generated_description,True,"[""Phase1 corrected absolute components: shared branch adds1.90 effectiveATK plus0.35 effectiveINT without multiplying INT by1.90. Real cast heals30% resolved damage via ability lifesteal; inherited10% basic-only passive is separate."", ""/workspace/guild_of_mystery-campaign/data/pathways/hanged_man.json:155"", ""/workspace/guild_of_mystery-campaign/js/v15.js:61"", ""/workspace/guild_of_mystery-campaign/js/engine.js:1218"", ""/workspace/guild_of_mystery-campaign/js/engine.js:1331"", ""/workspace/game-audit/phase3/fool-group-probes.json: current normalized row and real-cast output at HEAD783ebb3""]",Preserve190%ATK+35%INT Shadow damage with30% lifesteal. Generated description can spell0.35INT as35%INT for readability.,[],"Preserved current implementation; generated description reflects actual effects, numbers and durations; verified on both teams.",,"Shadow Sword Execution — Deals 190% ATK + 35% INT Shadow damage (22% base DEF bypass); Restores 30% of damage dealt by this cast; Damage and hostile effects use accuracy and Dodge; critical, authority and defense modifiers still apply. 50 SP · Cooldown 3 turns.",tests/phase3-actual-casts.test.js + tests/phase3-description-dom.test.js
hanged_man,3,flesh_creation,aligned,aligned,generated_description,True,"[""Real cast grants shield2500 at casterMaxHP10000; current shared incoming pipeline consumes shields before reductions, includingDoT."", ""/workspace/guild_of_mystery-campaign/data/pathways/hanged_man.json:184"", ""/workspace/guild_of_mystery-campaign/js/engine.js:1228"", ""/workspace/guild_of_mystery-campaign/js/engine.js:505"", ""/workspace/guild_of_mystery-campaign/js/engine.js:581"", ""/workspace/game-audit/phase3/fool-group-probes.json: current normalized row and real-cast output at HEAD783ebb3""]",,[],"Preserved current implementation; generated description reflects actual effects, numbers and durations; verified on both teams.",,Flesh Creation — Grants a 25% Max HP shield; lasts until depleted or dispelled. 65 SP · Cooldown 4 turns.,tests/phase3-actual-casts.test.js + tests/phase3-description-dom.test.js
hanged_man,2,devouring_shadow,partial,partial,generated_description,True,"[""Real cast deals2.70 x(1.05ATK+0.30INT) Shadow damage and heals25% resolved damage. Intentional hybrid formula remains, not pureATK."", ""/workspace/guild_of_mystery-campaign/data/pathways/hanged_man.json:209"", ""/workspace/guild_of_mystery-campaign/js/v15.js:62"", ""/workspace/guild_of_mystery-campaign/js/engine.js:1331"", ""/workspace/game-audit/phase3/fool-group-probes.json: current normalized row and real-cast output at HEAD783ebb3""]",Devouring Shadow — Deals270% of(1.05ATK+0.30INT) Shadow damage with25% lifesteal. Preserve the intentional formula.,[],"Preserved current implementation; generated description reflects actual effects, numbers and durations; verified on both teams.",,"Devouring Shadow — Deals 270% × (105% ATK + 30% INT) Shadow damage (22% base DEF bypass); Restores 25% of damage dealt by this cast; Damage and hostile effects use accuracy and Dodge; critical, authority and defense modifiers still apply. 85 SP · Cooldown 4 turns.",tests/phase3-actual-casts.test.js + tests/phase3-description-dom.test.js
hanged_man,1,degeneration_aura,aligned,aligned,generated_description,True,"[""Passive aura refreshes foe ATK/DEF0.80 each round on both combat sides; the duration is one victim action and refreshes while owner lives."", ""/workspace/guild_of_mystery-campaign/data/pathways/hanged_man.json:233"", ""/workspace/guild_of_mystery-campaign/js/engine.js:1370"", ""/workspace/guild_of_mystery-campaign/js/engine.js:1428"", ""/workspace/game-audit/phase3/fool-group-probes.json: current normalized row and real-cast output at HEAD783ebb3""]",,[],"Preserved current implementation; generated description reflects actual effects, numbers and durations; verified on both teams.",,Degeneration Aura — Enemy ATK −20% while you are alive; Enemy DEF −20% while you are alive. Passive.,tests/phase3-actual-casts.test.js + tests/phase3-description-dom.test.js
hanged_man,0,divine_depravity,partial,partial,generated_description,True,"[""Real cast targets all enemies and deals4.10 x(1.05ATK+0.30INT) untyped True damage. Shadow/Blood are not separate damage schools or resistance checks on this hit."", ""/workspace/guild_of_mystery-campaign/data/pathways/hanged_man.json:263"", ""/workspace/guild_of_mystery-campaign/js/engine.js:1123"", ""/workspace/guild_of_mystery-campaign/js/v15.js:62"", ""/workspace/guild_of_mystery-campaign/js/v15.js:69"", ""/workspace/game-audit/phase3/fool-group-probes.json: current normalized row and real-cast output at HEAD783ebb3""]","Divine Depravity — Unleashes a wave of shadow and blood, dealing410% of(1.05ATK+0.30INT) True damage to all enemies. Preserve lore as flavor and the intentional hybrid formula.","[""Recommend Shadow/Blood imagery as flavor on True damage. A split elemental True hit has no current independent damage-school contract and belongs toPhase4.""]","Preserved current implementation; generated description reflects actual effects, numbers and durations; verified on both teams.",,"Divine Depravity — Targets all enemies; Deals 410% × (105% ATK + 30% INT) True damage (ignores DEF and elemental resistance); Damage and hostile effects use accuracy and Dodge; critical, authority and defense modifiers still apply. 125 SP · Cooldown 5 turns.",tests/phase3-actual-casts.test.js + tests/phase3-description-dom.test.js
death,9,cold_body,mismatch,already_fixed,generated_description,True,"[""+10% Max HP; +10 percentage points Frost and Corrosion resistance through Cold→Frost/Rot→Corrosion aliases; Death20 and Dark10 path defaults remain."", ""data/pathways/death.json:32 (authored ID/spec); data/pathways/death.json:38 (current description)"", ""js/engine.js:754"", ""js/engine.js:777"", ""js/engine.js:788"", ""data/balance.json:853"", ""data/balance.json:854"", ""nature-probes.json rows[40]: current passive computed from normalized spec, Max HP 11000, resistances {'death': 20, 'dark': 10, 'corrosion': 10, 'frost': 10}; shared definitions immutable=True.""]",Cold Body — Undead physiology grants +10% Max HP and +10% Cold (Frost) and Rot (Corrosion) resistance. Preserve corrected units and additive defaults.,[],"Preserved current implementation; generated description reflects actual effects, numbers and durations; verified on both teams.",,"Cold Body — +10% Max HP; +10% Corrosion direct-damage resistance, +10% Frost direct-damage resistance. Passive.",tests/phase3-actual-casts.test.js + tests/phase3-description-dom.test.js
death,8,undying_touch,aligned,aligned,generated_description,True,"[""1.3 × INT Death damage and -15% target Speed for two target actions."", ""data/pathways/death.json:64 (authored ID/spec); data/pathways/death.json:70 (current description)"", ""js/v15.js:64"", ""js/engine.js:1231"", ""nature-probes.json rows[41]: actual normalized cast returned True; self HP delta 0, shield 0, hit damage [275], target statuses [[], []]; shared definitions immutable=True.""]",Undying Touch — Deals130% INT Death DMG and reduces one enemy Speed by15% for2 turns.,[],"Preserved current implementation; generated description reflects actual effects, numbers and durations; verified on both teams.",,"Undying Touch — Deals 130% INT Death damage (25% base DEF bypass); Enemy SPEED −15% for 2 turns; Damage and hostile effects use accuracy and Dodge; critical, authority and defense modifiers still apply. 15 SP · Cooldown 1 turn.",tests/phase3-actual-casts.test.js + tests/phase3-description-dom.test.js
death,7,necromancy_summon,partial,partial,generated_description,True,"[""A15% Max HP self shield; no independent skeleton unit, turn slots, attacks or interception target exists."", ""data/pathways/death.json:90 (authored ID/spec); data/pathways/death.json:96 (current description)"", ""js/engine.js:1228"", ""js/engine.js:1216"", ""js/engine.js:1400"", ""nature-probes.json rows[42]: actual normalized cast returned True; self HP delta 0, shield 1650, hit damage [], target statuses [[], []]; shared definitions immutable=True.""]",Necromancy Summon — Summons a skeleton soldier as a protective ward absorbing damage equal to15% of the user Max HP. Keep skeleton lore; independent summon tactics belong to Phase4.,"[{""question"": ""Is the skeleton soldier an abstract shield or an independently acting summon?"", ""recommended"": ""Preserve the currently encoded ward absorbing the stated Max HP amount, while naming the skeleton soldier in lore and describing its shield mechanics clearly."", ""alternative"": ""An independently acting undead summon needs health, action/targeting rules, duration, interception and portrait behavior; defer that new unit system to Phase4.""}]","Preserved current implementation; generated description reflects actual effects, numbers and durations; verified on both teams.",,Necromancy Summon — Grants a 15% Max HP shield; lasts until depleted or dispelled. 25 SP · Cooldown 3 turns.,tests/phase3-actual-casts.test.js + tests/phase3-description-dom.test.js
death,6,spirit_body_door,partial,already_fixed,generated_description,True,"[""1.6 × INT Death damage and Freeze for one target action. Freeze now disables actions and is side-consistent through canonical unit status backing; it retains its existing Speed/DEF penalties."", ""data/pathways/death.json:115 (authored ID/spec); data/pathways/death.json:121 (current description)"", ""js/engine.js:1232"", ""js/engine.js:1029"", ""js/engine.js:380"", ""js/engine.js:799"", ""js/engine.js:809"", ""nature-probes.json rows[43]: actual normalized cast returned True; self HP delta 0, shield 0, hit damage [350], target statuses [['freeze'], []]; shared definitions immutable=True.""]",Retain the1-turn Freeze and160% INT Death damage; do not undo the Phase1 action-denial correction.,[],"Preserved current implementation; generated description reflects actual effects, numbers and durations; verified on both teams.",,"Spirit Body Door — Deals 160% INT Death damage (25% base DEF bypass); 100% chance: Freeze (blocks actions) for 1 turn; subject to status resistance and immunity; Damage and hostile effects use accuracy and Dodge; critical, authority and defense modifiers still apply. 35 SP · Cooldown 2 turns.",tests/phase3-actual-casts.test.js + tests/phase3-description-dom.test.js
death,5,zombie_transformation,partial,partial,generated_description,True,"[""The intentional empowered_hybrid_physical formula applies the stated multiplier to (1.05 × modified ATK + 0.30 × modified INT), then ordinary combat modifiers; preserve this formula and coefficients. One immediate170%-hybrid Death strike and +25% DEF for two holder actions. No physical/slashing resistance effect is encoded and no ongoing on-hit stance exists."", ""data/pathways/death.json:140 (authored ID/spec); data/pathways/death.json:146 (current description)"", ""js/v15.js:54"", ""js/v15.js:62"", ""js/v15.js:65"", ""js/v15.js:75"", ""js/v15.js:79"", ""js/engine.js:1230"", ""js/engine.js:1262"", ""js/engine.js:1293"", ""nature-probes.json rows[44]: actual normalized cast returned True; self HP delta 0, shield 0, hit damage [369], target statuses [[], []]; shared definitions immutable=True.""]","Recommended safe current wording: Zombie Transformation — Transforms into a zombie, striking once for170% of (1.05 ATK +0.30 INT) Death DMG and granting +25% DEF for2 turns. The explicit missing slash-resistance promise cannot receive an invented amount/duration; approve it first or retain it as deferred lore.","[{""question"": ""How much physical/slashing resistance is promised, and for how long?"", ""recommended"": ""If retaining the promise, user selects a percentage and duration; implement the selected protection through the existing category/timed-damage-protection hook without inventing balance values."", ""alternative"": ""Keep the current DEF-only stance and remove slash-resistance from live mechanical text; preserve the unimplemented resistance promise in Phase4 scope.""}, {""question"": ""Is170% damage the transformation strike or a recurring on-hit stance?"", ""recommended"": ""One immediate transformation strike, matching current behavior; make that timing explicit."", ""alternative"": ""Recurring on-hit Death damage: define eligible hits/duration and defer the new trigger mechanic to Phase4.""}]","Preserved current implementation; generated description reflects actual effects, numbers and durations; verified on both teams.","Lore/scope expansion remains deferred; original proposal below is evidence, not an implemented rule.","Zombie Transformation — Deals 170% × (105% ATK + 30% INT) Death damage (22% base DEF bypass); +25% DEF for 2 turns; Damage and hostile effects use accuracy and Dodge; critical, authority and defense modifiers still apply. 45 SP · Cooldown 3 turns.",tests/phase3-actual-casts.test.js + tests/phase3-description-dom.test.js
death,4,undying_rebirth_aura,partial,partial,generated_description,True,"[""25% Max HP shield plus1.5 × INT Death damage to all hit enemies works. Phase1 now prioritizes this aura below30% HP, but the automatic AI still excludes it at HP≥30%; manual casting has no HP restriction."", ""data/pathways/death.json:166 (authored ID/spec); data/pathways/death.json:172 (current description)"", ""js/engine.js:1097"", ""js/engine.js:1099"", ""js/engine.js:1123"", ""js/engine.js:1228"", ""nature-probes.json rows[45]: actual normalized cast returned True; self HP delta 0, shield 2750, hit damage [323, 323], target statuses [[], []]; shared definitions immutable=True.""]",Undying Rebirth Aura — A death aura grants a25% Max HP shield and deals150% INT Death DMG to all enemies. Add AI-only behavior metadata: automatically prioritized below30% HP. Do not mislabel the AI preference as a manual cast prerequisite.,"[{""question"": ""Should the30% threshold be a retained AI preference or removed from automatic selection?"", ""recommended"": ""Retain the existing emergency AI policy and expose it separately from ability mechanics; manual casting remains available at any HP."", ""alternative"": ""Allow the AI to use it at healthy HP under ordinary damage/survival priorities; this is an AI policy change requiring approval, not a mechanical HP prerequisite.""}]","Preserved current implementation; generated description reflects actual effects, numbers and durations; verified on both teams.",,"Undying Rebirth Aura — Targets all enemies; Deals 150% INT Death damage (25% base DEF bypass); Grants a 25% Max HP shield; lasts until depleted or dispelled; Damage and hostile effects use accuracy and Dodge; critical, authority and defense modifiers still apply. 50 SP · Cooldown 3 turns.",tests/phase3-actual-casts.test.js + tests/phase3-description-dom.test.js
death,3,underworld_domain,aligned,aligned,generated_description,True,"[""One selected enemy receives -20% DEF and -20% Speed for two target actions. Pulls battlefield into Underworld is lore, not encoded all-enemy targeting."", ""data/pathways/death.json:195 (authored ID/spec); data/pathways/death.json:201 (current description)"", ""js/engine.js:1125"", ""js/engine.js:1231"", ""nature-probes.json rows[46]: actual normalized cast returned True; self HP delta 0, shield 0, hit damage [], target statuses [[], []]; shared definitions immutable=True.""]","Underworld Domain — Draws one enemy into an Underworld domain, reducing its DEF and Speed by20% for2 turns. Retain single-target behavior; no all-enemy promise is stated.",[],"Preserved current implementation; generated description reflects actual effects, numbers and durations; verified on both teams.",,Underworld Domain — Enemy DEF −20% for 2 turns; Enemy SPEED −20% for 2 turns. 70 SP · Cooldown 4 turns.,tests/phase3-actual-casts.test.js + tests/phase3-description-dom.test.js
death,2,pale_emperor_gaze,partial,already_fixed,generated_description,True,"[""2.8 × INT Death damage plus Freeze for three target actions. Freeze now disables action, while retaining existing Speed/DEF penalties; canonical units share status state."", ""data/pathways/death.json:227 (authored ID/spec); data/pathways/death.json:233 (current description)"", ""js/engine.js:1232"", ""js/engine.js:1029"", ""js/engine.js:380"", ""js/engine.js:799"", ""js/engine.js:809"", ""nature-probes.json rows[47]: actual normalized cast returned True; self HP delta 0, shield 0, hit damage [638], target statuses [['freeze'], []]; shared definitions immutable=True.""]",Retain the3-turn Freeze and280% INT Death damage; preserve the Phase1 correction.,[],"Preserved current implementation; generated description reflects actual effects, numbers and durations; verified on both teams.",,"Pale Emperor Gaze — Deals 280% INT Death damage (25% base DEF bypass); 100% chance: Freeze (blocks actions) for 3 turns; subject to status resistance and immunity; Damage and hostile effects use accuracy and Dodge; critical, authority and defense modifiers still apply. 85 SP · Cooldown 4 turns.",tests/phase3-actual-casts.test.js + tests/phase3-description-dom.test.js
death,1,death_s_herald,aligned,already_fixed,generated_description,True,"[""3.2 × INT Death damage. Execute at strictly below15% HP now kills through shields and incoming reduction after hit/immunity checks, then allows existing resurrection. Actual14999HP+100000shield victim died despite90% incoming reduction; log is fatal-outcome-gated."", ""data/pathways/death.json:252 (authored ID/spec); data/pathways/death.json:258 (current description)"", ""js/engine.js:1306"", ""js/engine.js:1308"", ""js/engine.js:506"", ""js/engine.js:1321"", ""js/engine.js:1323"", ""js/v15.js:96"", ""nature-probes.json rows[48]: actual normalized cast returned True; self HP delta 0, shield 0, hit damage [731], target statuses [[], []]; shared definitions immutable=True.""]","Retain the15% execute threshold and320% INT damage, with shared hit/immunity/resurrection rules. No numerical change is needed.",[],"Preserved current implementation; generated description reflects actual effects, numbers and durations; verified on both teams.",,"Death's Herald — Deals 320% INT Death damage (25% base DEF bypass); Executes targets already below 15% Max HP; Damage and hostile effects use accuracy and Dodge; critical, authority and defense modifiers still apply. 100 SP · Cooldown 4 turns.",tests/phase3-actual-casts.test.js + tests/phase3-description-dom.test.js
death,0,eternal_death,partial,partial,generated_description,True,"[""4.1 × INT True damage to one selected enemy. Death is lore only: normalized True type carries no Death element and bypasses DEF/resistance. No all-enemy/all-unit targeting exists."", ""data/pathways/death.json:277 (authored ID/spec); data/pathways/death.json:283 (current description)"", ""js/node-loader.js:19"", ""js/engine.js:1125"", ""js/engine.js:1289"", ""js/v15.js:69"", ""nature-probes.json rows[49]: actual normalized cast returned True; self HP delta 0, shield 0, hit damage [1230], target statuses [[], []]; shared definitions immutable=True.""]","Recommended safe wording: Eternal Death — Extinguishes the life force of one enemy, dealing410% INT True DMG. Retain Death as flavor metadata. If all life forces is a literal all-enemy promise, add the existing all_enemies target hook only after scope is approved; friendly-fire/all-units is a separate rule.","[{""question"": ""Does all life forces mean one selected enemy, all enemies, or everyone?"", ""recommended"": ""Preserve current single-enemy behavior and revise the flavor to that enemy life force; this makes no balance change."", ""alternative"": ""All enemies: existing all_enemies hook is available as a correctness correction if that explicit scope is approved. All combatants including allies would require an additional targeting/friendly-fire design and belongs in Phase4.""}]","Preserved current implementation; generated description reflects actual effects, numbers and durations; verified on both teams.","Lore/scope expansion remains deferred; original proposal below is evidence, not an implemented rule.","Eternal Death — Deals 410% INT True damage (ignores DEF and elemental resistance); Damage and hostile effects use accuracy and Dodge; critical, authority and defense modifiers still apply. 125 SP · Cooldown 5 turns.",tests/phase3-actual-casts.test.js + tests/phase3-description-dom.test.js
demoness,9,killing_point,partial,already_fixed,generated_description,True,"[""+12 percentage points Crit and +25 percentage points Poison resistance now read correctly. Poison resistance totals40% with the15% pathway baseline. Poison DoT does not consult that resistance."", ""data/pathways/demoness.json:32 (authored ID/spec); data/pathways/demoness.json:38 (current description)"", ""js/engine.js:790"", ""js/engine.js:791"", ""js/engine.js:777"", ""js/engine.js:855"", ""js/engine.js:574"", ""nature-probes.json rows[20]: current passive computed from normalized spec, Max HP 10000, resistances {'frost': 15, 'poison': 40, 'dark': 10}; shared definitions immutable=True.""]",Killing Point — Grants +12% Critical Chance and +25% Poison damage resistance. Preserve the additive25+15 baseline rule and settle shared DoT resistance scope.,"[{""question"": ""Does elemental Poison Resistance cover Poison DoT as well as structured Poison damage?"", ""recommended"": ""Keep current damage values and describe the current direct elemental-damage scope; defer any broader DoT resistance rule until explicitly chosen."", ""alternative"": ""Apply the existing poison resistance in processStatuses before the shared incoming pipeline; this changes Poison DoT damage and needs approval.""}]","Preserved current implementation; generated description reflects actual effects, numbers and durations; verified on both teams.",,Killing Point — +12 percentage points critical chance; +25% Poison direct-damage resistance. Passive.,tests/phase3-actual-casts.test.js + tests/phase3-description-dom.test.js
demoness,8,instigation,partial,partial,generated_description,True,"[""1.2 × INT Psychic damage with a35% base chance to Confuse for one target action, reduced by mental/status resistance. It does not guarantee Confusion."", ""data/pathways/demoness.json:61 (authored ID/spec); data/pathways/demoness.json:67 (current description)"", ""js/engine.js:1234"", ""js/v15.js:64"", ""nature-probes.json rows[21]: actual normalized cast returned True; self HP delta 0, shield 0, hit damage [323], target statuses [[], []]; shared definitions immutable=True.""]",Recommended truthful description: Instigation — Deals 120% INT Psychic DMG with a 35% base chance to Confuse the enemy for 1 turn. Retain current chance and resistance rules.,"[{""question"": ""Should Instigation guarantee Confusion or keep its current35% chance?"", ""recommended"": ""Keep the existing35% chance and expose it; this changes no numerical rule."", ""alternative"": ""Use guaranteed status application subject to the approved shared resistance contract; changing35% to100% is a combat rule change and needs approval.""}]","Preserved current implementation; generated description reflects actual effects, numbers and durations; verified on both teams.","Lore/scope expansion remains deferred; original proposal below is evidence, not an implemented rule.","Instigation — Deals 120% INT Psychic damage (25% base DEF bypass); 35% chance: Confused for 1 turn; subject to status resistance and immunity; Damage and hostile effects use accuracy and Dodge; critical, authority and defense modifiers still apply. 15 SP · Cooldown 2 turns.",tests/phase3-actual-casts.test.js + tests/phase3-description-dom.test.js
demoness,7,witch_s_curse,aligned,aligned,generated_description,True,"[""1.3 × INT Poison damage plus Curse for two target actions. Curse ticks3% target Max HP through shield-first/reduction pipeline and uses Dark DoT type. Shared status resistance can prevent the status."", ""data/pathways/demoness.json:87 (authored ID/spec); data/pathways/demoness.json:93 (current description)"", ""js/engine.js:1232"", ""js/engine.js:574"", ""js/engine.js:581"", ""nature-probes.json rows[22]: actual normalized cast returned True; self HP delta 0, shield 0, hit damage [200], target statuses [['curse'], []]; shared definitions immutable=True.""]","Witch's Curse — Deals 130% INT Poison DMG and curses the target for 2 turns, dealing 3% of its Max HP each turn. Preserve the existing Curse damage/status rules.",[],"Preserved current implementation; generated description reflects actual effects, numbers and durations; verified on both teams.",,"Witch's Curse — Deals 130% INT Poison damage (25% base DEF bypass); 100% chance: Curse (3% Max HP Dark damage before each affected turn) for 2 turns; subject to status resistance and immunity; Damage and hostile effects use accuracy and Dodge; critical, authority and defense modifiers still apply. 25 SP · Cooldown 2 turns.",tests/phase3-actual-casts.test.js + tests/phase3-description-dom.test.js
demoness,6,affliction_thread,partial,partial,generated_description,True,"[""1.5 × INT Physical damage, -20% Speed for two target actions, Bound for one target action and self Untargetable for one caster action. Effects on the enemy only apply to hit targets under the fixed shared hit pipeline."", ""data/pathways/demoness.json:112 (authored ID/spec); data/pathways/demoness.json:118 (current description)"", ""js/engine.js:1223"", ""js/engine.js:1231"", ""js/engine.js:1232"", ""js/engine.js:1029"", ""js/engine.js:497"", ""nature-probes.json rows[23]: actual normalized cast returned True; self HP delta 0, shield 0, hit damage [413], target statuses [['bound'], []]; shared definitions immutable=True.""]","Affliction Thread — Binds one enemy with invisible threads, dealing 150% INT Physical DMG and preventing its next action; reduces its Speed by20% for2 turns and makes the user untargetable for1 turn. Shared resistance rules apply to Bound.",[],"Preserved current implementation; generated description reflects actual effects, numbers and durations; verified on both teams.",,"Affliction Thread — Deals 150% INT Physical damage (25% base DEF bypass); Enemy SPEED −20% for 2 turns; 100% chance: Bound (blocks actions) for 1 turn; subject to status resistance and immunity; 100% chance: avoids targeting and incoming damage for 1 turn; Damage and hostile effects use accuracy and Dodge; critical, authority and defense modifiers still apply. 35 SP · Cooldown 2 turns.",tests/phase3-actual-casts.test.js + tests/phase3-description-dom.test.js
demoness,5,mirror_substitution,partial,mismatch,generated_description,True,"[""Limited whitelist cleanse plus Evade for one holder action. The Evade status makes every basic/structured damaging attack miss until expiry and is not consumed by the next attack. Two actual incoming Instigations both missed."", ""data/pathways/demoness.json:149 (authored ID/spec); data/pathways/demoness.json:155 (current description)"", ""js/engine.js:1227"", ""js/engine.js:893"", ""js/engine.js:1223"", ""js/engine.js:598"", ""js/engine.js:571"", ""nature-probes.json rows[24]: actual normalized cast returned True; self HP delta 0, shield 0, hit damage [], target statuses [[], []]; shared definitions immutable=True.""]",Preserve mirror substitution as a cleanse and one-use evasion mechanic through existing cleanse/attackHit/removeStatus hooks; agree the negative-effect exclusions and token trigger before changing the rule.,"[{""question"": ""What consumes the next-attack mirror substitution?"", ""recommended"": ""Consume the token on the first hostile direct basic/structured damaging attack attempt that targets the user, before ordinary accuracy rolls; retain the1-turn expiry as a time limit. Counter coverage must be chosen because counters currently bypass attackHit."", ""alternative"": ""Consume only on a would-hit attack, or retain round-wide evasion and change next attack to attacks until the next holder action; these produce different combat outcomes.""}, {""question"": ""Which debuffs does shedding debuffs remove?"", ""recommended"": ""Use the same approved shared negative-status/timed-debuff cleanse contract as Mother Touch, preserving deferred Spiritual Exhaustion and thread/progression rules."", ""alternative"": ""Keep the whitelist and explicitly enumerate its limited cleanse in the description.""}]","Preserved current implementation; generated description reflects actual effects, numbers and durations; verified on both teams.","Lore/scope expansion remains deferred; original proposal below is evidence, not an implemented rule.","Mirror Substitution — Removes Burn, Bleed, Poison, Curse, Silenced, Confused, Sleep, Stunned, Frozen, Freeze, Bound; 100% chance: evades direct damaging attack attempts for 1 turn. 45 SP · Cooldown 3 turns.",tests/phase3-actual-casts.test.js + tests/phase3-description-dom.test.js
demoness,4,unaging_mirror_clone,mismatch,mismatch,generated_description,True,"[""Only a proactive selected-target attack exists: 1.6 × INT Frost damage and Frozen for one target action. No self cleanse, evasion, clone unit, attacking-unit reaction or substitution effect exists."", ""data/pathways/demoness.json:177 (authored ID/spec); data/pathways/demoness.json:183 (current description)"", ""js/engine.js:1125"", ""js/engine.js:1223"", ""js/engine.js:1232"", ""js/engine.js:1029"", ""nature-probes.json rows[25]: actual normalized cast returned True; self HP delta 0, shield 0, hit damage [371], target statuses [['frozen'], []]; shared definitions immutable=True.""]",Recommended Phase3 description retains mirror lore while stating current combat: Unaging Mirror Clone — A mirror clone strikes one enemy for160% INT Frost DMG and freezes it for1 turn. Put an actual reactive substitution/attacker retaliation design in Phase4; adding an immediate cleanse can use the existing hook only after scope is approved.,"[{""question"": ""Should this be the current offensive mirror spell or a reactive substitute?"", ""recommended"": ""Retain proactive selected-target Frost damage/Freeze with a truthful mirror-clone description in Phase3; defer reactive clone substitution to Phase4."", ""alternative"": ""Preserve the reactive lore promise: define a one-use substitute, when it cleanses, which attacker triggers retaliation, and whether the160% damage occurs only on reaction; that is a new Phase4 mechanism.""}]","Preserved current implementation; generated description reflects actual effects, numbers and durations; verified on both teams.","Lore/scope expansion remains deferred; original proposal below is evidence, not an implemented rule.","Unaging Mirror Clone — Deals 160% INT Frost damage (25% base DEF bypass); 100% chance: Frozen (blocks actions) for 1 turn; subject to status resistance and immunity; Damage and hostile effects use accuracy and Dodge; critical, authority and defense modifiers still apply. 50 SP · Cooldown 3 turns.",tests/phase3-actual-casts.test.js + tests/phase3-description-dom.test.js
demoness,3,despair_thread,partial,partial,generated_description,True,"[""2.3 × INT generic Elemental damage, using average Fire/Water/Lightning/Frost resistance, plus Silence for one target action. No Black Flame element exists."", ""data/pathways/demoness.json:202 (authored ID/spec); data/pathways/demoness.json:208 (current description)"", ""js/v15.js:75"", ""js/v15.js:77"", ""js/engine.js:1232"", ""nature-probes.json rows[26]: actual normalized cast returned True; self HP delta 0, shield 0, hit damage [627], target statuses [['silenced'], []]; shared definitions immutable=True.""]",Recommended safe wording: Despair Thread — Black flames deal230% INT Elemental DMG and Silence one enemy for1 turn. Preserve current generic resistance behavior unless an element contract is approved.,"[{""question"": ""What actual element does Black Flame represent?"", ""recommended"": ""Treat Black Flame as lore for the current generic Elemental damage and disclose Elemental in generated combat text."", ""alternative"": ""Assign Dark, Fire, or a defined Dark/Fire mixture; this changes resistance interactions and requires approval, with any new Black Flame subsystem deferred to Phase4.""}]","Preserved current implementation; generated description reflects actual effects, numbers and durations; verified on both teams.","Lore/scope expansion remains deferred; original proposal below is evidence, not an implemented rule.","Despair Thread — Deals 230% INT Elemental damage (25% base DEF bypass); resistance uses the average of Fire, Water, Lightning and Frost; 100% chance: Silenced for 1 turn; subject to status resistance and immunity; Damage and hostile effects use accuracy and Dodge; critical, authority and defense modifiers still apply. 70 SP · Cooldown 4 turns.",tests/phase3-actual-casts.test.js + tests/phase3-description-dom.test.js
demoness,2,pestilence_realm,aligned,partial,generated_description,True,"[""2.8 × INT Poison damage to all enemies and an undisclosed two-target-action Poison status (5% Max HP each turn). Enemy effects apply only to successful hit targets."", ""data/pathways/demoness.json:228 (authored ID/spec); data/pathways/demoness.json:234 (current description)"", ""js/engine.js:1123"", ""js/engine.js:1223"", ""js/engine.js:1232"", ""js/engine.js:574"", ""js/engine.js:581"", ""nature-probes.json rows[27]: actual normalized cast returned True; self HP delta 0, shield 0, hit damage [467, 467], target statuses [['poison'], ['poison']]; shared definitions immutable=True.""]","Pestilence Realm — Spreads pestilence dealing280% INT Poison DMG to all enemies and inflicting Poison for2 turns (5% Max HP each turn), subject to shared status resistance.",[],"Preserved current implementation; generated description reflects actual effects, numbers and durations; verified on both teams.",,"Pestilence Realm — Targets all enemies; Deals 280% INT Poison damage (25% base DEF bypass); 100% chance: Poison (5% Max HP Poison damage before each affected turn) for 2 turns; subject to status resistance and immunity; Damage and hostile effects use accuracy and Dodge; critical, authority and defense modifiers still apply. 85 SP · Cooldown 4 turns.",tests/phase3-actual-casts.test.js + tests/phase3-description-dom.test.js
demoness,1,world_epidemic,mismatch,partial,generated_description,True,"[""3.3 × INT generic Elemental damage to all enemies, not Poison/Pestilence. Execute below15% HP is now fatal through shields/reductions when its hit is not negated; actual14999HP+100000shield victim died despite90% incoming reduction. Logs are fatal-outcome-gated."", ""data/pathways/demoness.json:258 (authored ID/spec); data/pathways/demoness.json:264 (current description)"", ""js/v15.js:75"", ""js/engine.js:1123"", ""js/engine.js:1306"", ""js/engine.js:506"", ""js/engine.js:1321"", ""nature-probes.json rows[28]: actual normalized cast returned True; self HP delta 0, shield 0, hit damage [915, 915], target statuses [[], []]; shared definitions immutable=True.""]","Recommended current truthful wording: World Epidemic — Deals330% INT Elemental DMG to all enemies and executes hit targets below15% HP, subject to existing damage immunity and resurrection rules. Preserve corrected execute behavior; resolve Pestilence element choice.","[{""question"": ""Is Pestilence lore for generic Elemental damage or the Poison element?"", ""recommended"": ""Preserve current generic Elemental damage and retain epidemic lore in the name/flavor; expose actual Elemental damage and all-enemy targeting."", ""alternative"": ""Use Poison to match Pestilence Realm: this changes resistance interactions and needs explicit approval; do not invent a separate Pestilence element in Phase3.""}]","Preserved current implementation; generated description reflects actual effects, numbers and durations; verified on both teams.","Lore/scope expansion remains deferred; original proposal below is evidence, not an implemented rule.","World Epidemic — Targets all enemies; Deals 330% INT Elemental damage (25% base DEF bypass); resistance uses the average of Fire, Water, Lightning and Frost; Executes targets already below 15% Max HP; Damage and hostile effects use accuracy and Dodge; critical, authority and defense modifiers still apply. 100 SP · Cooldown 4 turns.",tests/phase3-actual-casts.test.js + tests/phase3-description-dom.test.js
demoness,0,abyss_of_despair,aligned,aligned,generated_description,True,"[""4.0 × modified INT True damage to one enemy; DEF/elemental resistance bypass holds. Shared hit and incoming pipeline rules still apply."", ""data/pathways/demoness.json:287 (authored ID/spec); data/pathways/demoness.json:293 (current description)"", ""js/v15.js:69"", ""js/engine.js:1223"", ""js/engine.js:1319"", ""nature-probes.json rows[29]: actual normalized cast returned True; self HP delta 0, shield 0, hit damage [1200], target statuses [[], []]; shared definitions immutable=True.""]",Retain the400% INT True damage statement.,[],"Preserved current implementation; generated description reflects actual effects, numbers and durations; verified on both teams.",,"Abyss of Despair — Deals 400% INT True damage (ignores DEF and elemental resistance); Damage and hostile effects use accuracy and Dodge; critical, authority and defense modifiers still apply. 120 SP · Cooldown 5 turns.",tests/phase3-actual-casts.test.js + tests/phase3-description-dom.test.js
mother,9,earthy_vitality,mismatch,already_fixed,generated_description,True,"[""+15% Max HP, +15 percentage points Poison and Physical resistance. Blunt aliases to Physical; pathway Nature 20% is preserved additively. Poison DoT still does not consult elemental resistance."", ""data/pathways/mother.json:32 (authored ID/spec); data/pathways/mother.json:38 (current description)"", ""js/engine.js:777"", ""js/engine.js:788"", ""js/engine.js:791"", ""js/engine.js:574"", ""js/engine.js:581"", ""data/balance.json:852"", ""nature-probes.json rows[0]: current passive computed from normalized spec, Max HP 11500, resistances {'nature': 20, 'poison': 15, 'physical': 15}; shared definitions immutable=True.""]",Keep Earthy Vitality lore; generate the actual 15% resistance values and describe Blunt as the current Physical alias. Resolve the shared resistance/DoT scope before broadening it.,"[{""question"": ""Does elemental Poison Resistance cover Poison DoT as well as structured Poison damage?"", ""recommended"": ""Keep current damage values and describe the current direct elemental-damage scope; defer any broader DoT resistance rule until explicitly chosen."", ""alternative"": ""Apply the existing poison resistance in processStatuses before the shared incoming pipeline; this changes Poison DoT damage and needs approval.""}]","Preserved current implementation; generated description reflects actual effects, numbers and durations; verified on both teams.",,"Earthy Vitality — +15% Max HP; +15% Poison direct-damage resistance, +15% Physical direct-damage resistance. Passive.",tests/phase3-actual-casts.test.js + tests/phase3-description-dom.test.js
mother,8,nature_growth,partial,partial,generated_description,True,"[""The intentional empowered_hybrid_physical formula applies the stated multiplier to (1.05 × modified ATK + 0.30 × modified INT), then ordinary combat modifiers; preserve this formula and coefficients. Damage is Nature, not a mixture of Physical and Nature."", ""data/pathways/mother.json:64 (authored ID/spec); data/pathways/mother.json:70 (current description)"", ""js/v15.js:54"", ""js/v15.js:62"", ""js/v15.js:65"", ""js/v15.js:75"", ""js/v15.js:79"", ""js/node-loader.js:19"", ""nature-probes.json rows[1]: actual normalized cast returned True; self HP delta 0, shield 0, hit damage [285], target statuses [[], []]; shared definitions immutable=True.""]",Nature Growth — Deals 135% of (1.05 ATK + 0.30 INT) as Nature DMG. Preserve modified-stat and ordinary combat rules.,[],"Preserved current implementation; generated description reflects actual effects, numbers and durations; verified on both teams.",,"Nature Growth — Deals 135% × (105% ATK + 30% INT) Nature damage (22% base DEF bypass); Damage and hostile effects use accuracy and Dodge; critical, authority and defense modifiers still apply. 15 SP · Cooldown 1 turn.",tests/phase3-actual-casts.test.js + tests/phase3-description-dom.test.js
mother,7,harvest_blessing,mismatch,mismatch,generated_description,True,"[""One immediate 15% Max HP self-heal. Actual HP increased 1725 with maxHP11500 and stayed unchanged across two holder turns; no heal-over-time state exists."", ""data/pathways/mother.json:82 (authored ID/spec); data/pathways/mother.json:88 (current description)"", ""js/engine.js:1229"", ""js/engine.js:574"", ""js/engine.js:1384"", ""nature-probes.json rows[2]: actual normalized cast returned True; self HP delta 1725, shield 0, hit damage [], target statuses [[], []]; shared definitions immutable=True.""]",Live truthful description: Harvest Blessing — Harvests life energy to restore 15% Max HP immediately. Preserve the deferred lore promise of regeneration over two turns for Phase4; do not invent a HoT scheduler in Phase3.,"[{""question"": ""Which regeneration schedule should the deferred two-turn promise use?"", ""recommended"": ""Phase4: distribute the stated total 15% Max HP as 7.5% on each of two holder turns, with the first tick at the chosen existing status-tick point."", ""alternative"": ""Retain the immediate 15% heal as the final design and revise the regeneration wording; never reinterpret this as 15% each turn without approval.""}]","Preserved current implementation; generated description reflects actual effects, numbers and durations; verified on both teams.","Lore/scope expansion remains deferred; original proposal below is evidence, not an implemented rule.","Harvest Blessing — Immediately restores 15% Max HP HP, capped at Max HP. 25 SP · Cooldown 3 turns.",tests/phase3-actual-casts.test.js + tests/phase3-description-dom.test.js
mother,6,life_seed,partial,partial,generated_description,True,"[""The intentional empowered_hybrid_physical formula applies the stated multiplier to (1.05 × modified ATK + 0.30 × modified INT), then ordinary combat modifiers; preserve this formula and coefficients. Heals 10% of resolved target HP loss plus shield absorption after a successful hit; no_heal blocks the heal."", ""data/pathways/mother.json:108 (authored ID/spec); data/pathways/mother.json:114 (current description)"", ""js/v15.js:54"", ""js/v15.js:62"", ""js/v15.js:65"", ""js/v15.js:75"", ""js/v15.js:79"", ""js/engine.js:1320"", ""js/engine.js:1330"", ""js/engine.js:461"", ""nature-probes.json rows[3]: actual normalized cast returned True; self HP delta 37, shield 0, hit damage [369], target statuses [[], []]; shared definitions immutable=True.""]",Life Seed — Plants a life seed that deals 160% of (1.05 ATK + 0.30 INT) as Physical DMG and restores HP equal to 10% of damage dealt.,[],"Preserved current implementation; generated description reflects actual effects, numbers and durations; verified on both teams.",,"Life Seed — Deals 160% × (105% ATK + 30% INT) Physical damage (22% base DEF bypass); Restores 10% of this cast's damage dealt; Damage and hostile effects use accuracy and Dodge; critical, authority and defense modifiers still apply. 35 SP · Cooldown 2 turns.",tests/phase3-actual-casts.test.js + tests/phase3-description-dom.test.js
mother,5,life_bloom,aligned,aligned,generated_description,True,"[""Immediate self-heal of 20% Max HP, subject to no_heal and the Max HP cap."", ""data/pathways/mother.json:132 (authored ID/spec); data/pathways/mother.json:138 (current description)"", ""js/engine.js:1229"", ""js/engine.js:461"", ""nature-probes.json rows[4]: actual normalized cast returned True; self HP delta 2300, shield 0, hit damage [], target statuses [[], []]; shared definitions immutable=True.""]",Retain the stated 20% immediate self-heal.,[],"Preserved current implementation; generated description reflects actual effects, numbers and durations; verified on both teams.",,"Life Bloom — Immediately restores 20% Max HP HP, capped at Max HP. 45 SP · Cooldown 3 turns.",tests/phase3-actual-casts.test.js + tests/phase3-description-dom.test.js
mother,4,nature_s_growth_surge,aligned,aligned,generated_description,True,"[""Self-heals 15% Max HP, then applies Bound for one target holder action, subject to mental/status resistance. Vines are lore; no independent summon is encoded."", ""data/pathways/mother.json:158 (authored ID/spec); data/pathways/mother.json:164 (current description)"", ""js/engine.js:1229"", ""js/engine.js:1232"", ""js/engine.js:1029"", ""nature-probes.json rows[5]: actual normalized cast returned True; self HP delta 1725, shield 0, hit damage [], target statuses [['bound'], []]; shared definitions immutable=True.""]",Nature's Growth Surge — Calls giant thorn vines to bind one enemy for 1 turn and restores 15% of the user's Max HP. Shared status-resistance rules apply.,[],"Preserved current implementation; generated description reflects actual effects, numbers and durations; verified on both teams.",,"Nature's Growth Surge — Immediately restores 15% Max HP HP, capped at Max HP; 100% chance: Bound (blocks actions) for 1 turn; subject to status resistance and immunity. 50 SP · Cooldown 3 turns.",tests/phase3-actual-casts.test.js + tests/phase3-description-dom.test.js
mother,3,flesh_mutation,mismatch,partial,generated_description,True,"[""+25% DEF lasts two holder actions. Reflection is now correctly restricted to direct physical-category damage, reflects 30% of incoming damage, and expires at the caster next turn start; DoT is excluded."", ""data/pathways/mother.json:190 (authored ID/spec); data/pathways/mother.json:196 (current description)"", ""data/pathways/mother.json:214"", ""js/engine.js:498"", ""js/engine.js:501"", ""js/engine.js:517"", ""js/engine.js:529"", ""js/engine.js:1237"", ""nature-probes.json rows[6]: actual normalized cast returned True; self HP delta 0, shield 0, hit damage [], target statuses [[], []]; shared definitions immutable=True.""]","Flesh Mutation — Mutates flesh into armor, granting +25% DEF for 2 turns and reflecting 30% of direct Physical damage until the next turn. Preserve the corrected filter and two separate durations.","[{""question"": ""Does physical damage reflection include physical Bleed DoT?"", ""recommended"": ""Keep the current direct-hit reflection contract: reflect 30% of direct Physical/Piercing damage until the next turn; do not reflect periodic damage."", ""alternative"": ""Include physical Bleed ticks through the existing indirect incoming pipeline: define the source attribution and reflection interactions first. This changes outcomes and needs approval.""}]","Preserved current implementation; generated description reflects actual effects, numbers and durations; verified on both teams.","Lore/scope expansion remains deferred; original proposal below is evidence, not an implemented rule.",Flesh Mutation — +25% DEF for 2 turns; Reflects 30% of incoming damage to the attacker until your next turn; periodic damage does not trigger reflection. 65 SP · Cooldown 4 turns.,tests/phase3-actual-casts.test.js + tests/phase3-description-dom.test.js
mother,2,mother_s_touch,mismatch,mismatch,generated_description,True,"[""30% Max HP healing runs before a limited whitelist cleanse. Fear, root, no_heal, no_shield, controlled, dreambound, decay, spiritual_exhaustion and an actual Speed debuff survived the cast; no_heal prevented this cast healing."", ""data/pathways/mother.json:223 (authored ID/spec); data/pathways/mother.json:229 (current description)"", ""js/engine.js:1227"", ""js/engine.js:1229"", ""js/engine.js:543"", ""js/engine.js:544"", ""js/engine.js:1259"", ""js/engine.js:461"", ""nature-probes.json rows[7]: actual normalized cast returned True; self HP delta 3450, shield 0, hit damage [], target statuses [[], []]; shared definitions immutable=True.""]","Implement a shared negative-effect cleanse through existing removeStatus / _fx removal / recompute hooks after its exclusions and heal/cleanse order are approved. Preserve the 30% heal, cost and cooldown.","[{""question"": ""What does all negative status effects cleanse?"", ""recommended"": ""Remove every ordinary negative status and timed numerical debuff, including antiheal/antishield, fear, roots, control, damage-over-time, speed/accuracy/stat penalties and vulnerability; preserve intrinsic pathway/progression rules, spirit-thread mechanics and deferred Spiritual Exhaustion until their own contracts are approved."", ""alternative"": ""Limit the ability to an explicit named status-only list and change all wording accordingly; excluding normal debuffs requires user approval.""}, {""question"": ""Does cleanse happen before the 30% heal?"", ""recommended"": ""Cleanse first, then heal: removing no_heal allows this restorative cast to heal, using existing hooks."", ""alternative"": ""Preserve the current heal-then-cleanse ordering: an initial no_heal blocks this cast healing even if the cleanse removes it; disclose that ordering.""}]","Preserved current implementation; generated description reflects actual effects, numbers and durations; verified on both teams.","Lore/scope expansion remains deferred; original proposal below is evidence, not an implemented rule.","Mother's Touch — Immediately restores 30% Max HP HP, capped at Max HP; Removes Burn, Bleed, Poison, Curse, Silenced, Confused, Sleep, Stunned, Frozen, Freeze, Bound. 85 SP · Cooldown 4 turns.",tests/phase3-actual-casts.test.js + tests/phase3-description-dom.test.js
mother,1,creation_domain,partial,partial,generated_description,True,"[""The intentional empowered_hybrid_physical formula applies the stated multiplier to (1.05 × modified ATK + 0.30 × modified INT), then ordinary combat modifiers; preserve this formula and coefficients. One selected enemy takes Nature damage; no domain-wide targeting effect exists."", ""data/pathways/mother.json:253 (authored ID/spec); data/pathways/mother.json:259 (current description)"", ""js/v15.js:54"", ""js/v15.js:62"", ""js/v15.js:65"", ""js/v15.js:75"", ""js/v15.js:79"", ""js/engine.js:1125"", ""nature-probes.json rows[8]: actual normalized cast returned True; self HP delta 0, shield 0, hit damage [705], target statuses [[], []]; shared definitions immutable=True.""]","Creation Domain — Unleashes nature growth at one enemy, dealing 310% of (1.05 ATK + 0.30 INT) as Nature DMG.",[],"Preserved current implementation; generated description reflects actual effects, numbers and durations; verified on both teams.",,"Creation Domain — Deals 310% × (105% ATK + 30% INT) Nature damage (22% base DEF bypass); Damage and hostile effects use accuracy and Dodge; critical, authority and defense modifiers still apply. 100 SP · Cooldown 4 turns.",tests/phase3-actual-casts.test.js + tests/phase3-description-dom.test.js
mother,0,origin_of_life,partial,partial,generated_description,True,"[""The intentional empowered_hybrid_physical formula applies the stated multiplier to (1.05 × modified ATK + 0.30 × modified INT), then ordinary combat modifiers; preserve this formula and coefficients. True damage bypasses DEF and elemental resistance; full self-heal occurs on each permitted cast, before damage, with no once-per-battle latch. no_heal blocks healing."", ""data/pathways/mother.json:271 (authored ID/spec); data/pathways/mother.json:277 (current description)"", ""js/v15.js:54"", ""js/v15.js:62"", ""js/v15.js:65"", ""js/v15.js:75"", ""js/v15.js:79"", ""js/v15.js:69"", ""js/engine.js:1229"", ""js/engine.js:1289"", ""js/engine.js:1332"", ""nature-probes.json rows[9]: actual normalized cast returned True; self HP delta 4600, shield 0, hit damage [1230], target statuses [[], []]; shared definitions immutable=True.""]","Recommended truthful description: Origin of Life — Calls primordial life force, restoring the user to full HP on each cast and dealing 410% of (1.05 ATK + 0.30 INT) as True DMG to one enemy. Resolve once scope before implementation; preserve hybrid damage.","[{""question"": ""Does fully restoring HP once mean once per cast or once per battle?"", ""recommended"": ""Once per cast, matching current behavior; say on each cast and retain all current numerical rules."", ""alternative"": ""Once per battle: add a separate combat-only full-heal latch while leaving repeatable damage, SP cost and cooldown intact; this restriction requires approval.""}]","Preserved current implementation; generated description reflects actual effects, numbers and durations; verified on both teams.","Lore/scope expansion remains deferred; original proposal below is evidence, not an implemented rule.","Origin of Life — Deals 410% × (105% ATK + 30% INT) True damage (ignores DEF and elemental resistance); Immediately restores 100% Max HP HP, capped at Max HP; Damage and hostile effects use accuracy and Dodge; critical, authority and defense modifiers still apply. 125 SP · Cooldown 5 turns.",tests/phase3-actual-casts.test.js + tests/phase3-description-dom.test.js
moon,9,healing_touch,aligned,aligned,generated_description,True,"[""Immediate 12% Max HP self-heal; no_heal blocks it."", ""data/pathways/moon.json:32 (authored ID/spec); data/pathways/moon.json:38 (current description)"", ""js/engine.js:1229"", ""js/engine.js:461"", ""nature-probes.json rows[10]: actual normalized cast returned True; self HP delta 1200, shield 0, hit damage [], target statuses [[], []]; shared definitions immutable=True.""]",Retain the stated 12% immediate self-heal.,[],"Preserved current implementation; generated description reflects actual effects, numbers and durations; verified on both teams.",,"Healing Touch — Immediately restores 12% Max HP HP, capped at Max HP. 15 SP · Cooldown 2 turns.",tests/phase3-actual-casts.test.js + tests/phase3-description-dom.test.js
moon,8,vampiric_claws,aligned,aligned,generated_description,True,"[""1.35 × modified INT Blood damage. Heals 25% of resolved damage, including shield absorption, after a successful hit; prohibited healing is blocked."", ""data/pathways/moon.json:58 (authored ID/spec); data/pathways/moon.json:64 (current description)"", ""js/v15.js:64"", ""js/engine.js:1320"", ""js/engine.js:1331"", ""js/engine.js:461"", ""nature-probes.json rows[11]: actual normalized cast returned True; self HP delta 72, shield 0, hit damage [287], target statuses [[], []]; shared definitions immutable=True.""]",Retain the stated damage and 25% per-cast Lifesteal.,[],"Preserved current implementation; generated description reflects actual effects, numbers and durations; verified on both teams.",,"Vampiric Claws — Deals 135% INT Blood damage (25% base DEF bypass); Restores 25% of damage dealt by this cast; Damage and hostile effects use accuracy and Dodge; critical, authority and defense modifiers still apply. 20 SP · Cooldown 1 turn.",tests/phase3-actual-casts.test.js + tests/phase3-description-dom.test.js
moon,7,blood_siphon,aligned,aligned,generated_description,True,"[""1.50 × modified INT Blood damage. Heals 30% of resolved damage, including shield absorption, after a successful hit."", ""data/pathways/moon.json:82 (authored ID/spec); data/pathways/moon.json:88 (current description)"", ""js/v15.js:64"", ""js/engine.js:1320"", ""js/engine.js:1331"", ""nature-probes.json rows[12]: actual normalized cast returned True; self HP delta 97, shield 0, hit damage [323], target statuses [[], []]; shared definitions immutable=True.""]",Retain the stated damage and 30% per-cast Lifesteal.,[],"Preserved current implementation; generated description reflects actual effects, numbers and durations; verified on both teams.",,"Blood Siphon — Deals 150% INT Blood damage (25% base DEF bypass); Restores 30% of damage dealt by this cast; Damage and hostile effects use accuracy and Dodge; critical, authority and defense modifiers still apply. 30 SP · Cooldown 2 turns.",tests/phase3-actual-casts.test.js + tests/phase3-description-dom.test.js
moon,6,moonlight_shield,aligned,aligned,generated_description,True,"[""Creates a self shield pool of 20% Max HP. Shield consumes incoming damage before reductions, including DoT; no_shield blocks acquisition."", ""data/pathways/moon.json:106 (authored ID/spec); data/pathways/moon.json:112 (current description)"", ""js/engine.js:1228"", ""js/engine.js:505"", ""js/engine.js:581"", ""js/engine.js:466"", ""nature-probes.json rows[13]: actual normalized cast returned True; self HP delta 0, shield 2000, hit damage [], target statuses [[], []]; shared definitions immutable=True.""]",Retain the stated 20% Max HP shield and approved shared shield rules.,[],"Preserved current implementation; generated description reflects actual effects, numbers and durations; verified on both teams.",,Moonlight Shield — Grants a 20% Max HP shield; lasts until depleted or dispelled. 35 SP · Cooldown 3 turns.,tests/phase3-actual-casts.test.js + tests/phase3-description-dom.test.js
moon,5,vampire_transformation,mismatch,mismatch,code_and_generated_description,True,"[""+15% Speed is a two-holder-action buff. The active lifesteal effect is only read on its own damage (none); no timed modifier exists. Actual following basic strike healed 0; Blood Siphon healed only its native30%."", ""data/pathways/moon.json:131 (authored ID/spec); data/pathways/moon.json:137 (current description)"", ""js/engine.js:1230"", ""js/engine.js:1262"", ""js/engine.js:544"", ""js/engine.js:937"", ""js/engine.js:1331"", ""js/engine.js:1387"", ""nature-probes.json rows[14]: actual normalized cast returned True; self HP delta 0, shield 0, hit damage [], target statuses [[], []]; shared definitions immutable=True.""]","Correct the existing timed-modifier rule: persist +20 percentage points Lifesteal for the same 2-turn duration, add it to existing per-cast/passive Lifesteal for direct strikes, and consume it through existing recoverHP and expiry hooks. Do not alter Speed, coefficients, costs or cooldowns.","[{""question"": ""Which damage qualifies as all strikes for the timed Lifesteal bonus?"", ""recommended"": ""Basic attacks and structured damaging hits, adding 20 percentage points to native Lifesteal; include direct counter strikes if all strikes is taken literally. Exclude DoT and reflection, which are not strikes."", ""alternative"": ""Restrict it to ordinary basic attacks only and revise all strikes wording; applying it to all damage including DoT/reflection would be a new Phase4 scope choice.""}]",Corrected existing rule and generated actual numerical description; verified on both teams.,,Vampire Transformation — Restores 20% of damage dealt by basic strikes and damaging skills for 2 turns; +15% SPEED for 2 turns. 45 SP · Cooldown 3 turns.,tests/phase3-actual-casts.test.js + tests/phase3-description-dom.test.js
moon,4,scarlet_blood_domain,mismatch,partial,generated_description,True,"[""Blood/Crimson aliases correctly; damages every hit targetable enemy for 1.6 × INT. SP ownership/drain is fixed: targets with5 and30SP lost5 and15 exactly once; caster gained20 after paying50. Gain is capped at MaxSP."", ""data/pathways/moon.json:161 (authored ID/spec); data/pathways/moon.json:167 (current description)"", ""js/engine.js:1223"", ""js/engine.js:1239"", ""js/engine.js:1245"", ""js/engine.js:1250"", ""data/balance.json:850"", ""nature-probes.json rows[15]: actual normalized cast returned True; self HP delta 0, shield 0, hit damage [347, 347], target statuses [[], []]; shared definitions immutable=True.""]","Scarlet Blood Domain — Crimson moonlight deals 160% INT Blood DMG to all enemies and siphons up to 15 SP from each enemy hit, capped by available SP and the user SP capacity.",[],"Preserved current implementation; generated description reflects actual effects, numbers and durations; verified on both teams.",,"Scarlet Blood Domain — Targets all enemies; Deals 160% INT Blood damage (25% base DEF bypass); Immediately steals up to 15 SP per target, capped at your maximum SP; Damage and hostile effects use accuracy and Dodge; critical, authority and defense modifiers still apply. 50 SP · Cooldown 3 turns.",tests/phase3-actual-casts.test.js + tests/phase3-description-dom.test.js
moon,3,lunar_blessing,aligned,aligned,generated_description,True,"[""Immediate 25% Max HP self-heal and +20% INT for two holder actions. The INT buff remains useful under no_heal."", ""data/pathways/moon.json:190 (authored ID/spec); data/pathways/moon.json:196 (current description)"", ""js/engine.js:1229"", ""js/engine.js:1230"", ""js/engine.js:535"", ""js/engine.js:564"", ""nature-probes.json rows[16]: actual normalized cast returned True; self HP delta 2500, shield 0, hit damage [], target statuses [[], []]; shared definitions immutable=True.""]",Lunar Blessing — Restores 25% Max HP immediately and grants +20% INT for 2 turns.,[],"Preserved current implementation; generated description reflects actual effects, numbers and durations; verified on both teams.",,"Lunar Blessing — Immediately restores 25% Max HP HP, capped at Max HP; +20% INT for 2 turns. 70 SP · Cooldown 4 turns.",tests/phase3-actual-casts.test.js + tests/phase3-description-dom.test.js
moon,2,crimson_moon_curse,partial,already_fixed,generated_description,True,"[""2.6 × INT Blood damage; -20% Speed and +20 percentage-point miss probability for two target actions. Shared attackHit now reads the accuracy penalty for both basic and structured damaging attacks."", ""data/pathways/moon.json:222 (authored ID/spec); data/pathways/moon.json:228 (current description)"", ""js/engine.js:1231"", ""js/engine.js:1284"", ""js/engine.js:898"", ""js/engine.js:1223"", ""js/engine.js:1388"", ""nature-probes.json rows[17]: actual normalized cast returned True; self HP delta 0, shield 0, hit damage [587], target statuses [[], []]; shared definitions immutable=True.""]",Crimson Moon Curse — Deals 260% INT Blood DMG and reduces the enemy Speed and attack accuracy by 20% for 2 turns. Preserve the fixed shared hit-rule behavior.,[],"Preserved current implementation; generated description reflects actual effects, numbers and durations; verified on both teams.",,"Crimson Moon Curse — Deals 260% INT Blood damage (25% base DEF bypass); Enemy SPEED −20% for 2 turns; Lowers target accuracy by 20 percentage points for 2 turns; Damage and hostile effects use accuracy and Dodge; critical, authority and defense modifiers still apply. 85 SP · Cooldown 4 turns.",tests/phase3-actual-casts.test.js + tests/phase3-description-dom.test.js
moon,1,full_moon_cataclysm,partial,partial,generated_description,True,"[""3.2 × INT Crimson/Blood damage targets all living targetable enemies; text omits AoE."", ""data/pathways/moon.json:253 (authored ID/spec); data/pathways/moon.json:259 (current description)"", ""data/pathways/moon.json:267"", ""js/engine.js:1123"", ""data/balance.json:850"", ""nature-probes.json rows[18]: actual normalized cast returned True; self HP delta 0, shield 0, hit damage [731, 731], target statuses [[], []]; shared definitions immutable=True.""]",Full Moon Cataclysm — Calls a full-moon storm dealing 320% INT Blood DMG to all enemies. Retain Crimson as lore wording if paired with the Blood element.,[],"Preserved current implementation; generated description reflects actual effects, numbers and durations; verified on both teams.",,"Full Moon Cataclysm — Targets all enemies; Deals 320% INT Blood damage (25% base DEF bypass); Damage and hostile effects use accuracy and Dodge; critical, authority and defense modifiers still apply. 100 SP · Cooldown 4 turns.",tests/phase3-actual-casts.test.js + tests/phase3-description-dom.test.js
moon,0,goddess_of_crimson,aligned,aligned,generated_description,True,"[""4.0 × modified INT True damage to one selected enemy, bypassing DEF and elemental resistance; shared hit and incoming shield/reduction rules still apply."", ""data/pathways/moon.json:277 (authored ID/spec); data/pathways/moon.json:283 (current description)"", ""js/v15.js:69"", ""js/engine.js:1125"", ""js/engine.js:1223"", ""js/engine.js:1319"", ""nature-probes.json rows[19]: actual normalized cast returned True; self HP delta 0, shield 0, hit damage [1200], target statuses [[], []]; shared definitions immutable=True.""]",Retain the stated 400% INT True damage; generated target metadata may state one enemy.,[],"Preserved current implementation; generated description reflects actual effects, numbers and durations; verified on both teams.",,"Goddess of Crimson — Deals 400% INT True damage (ignores DEF and elemental resistance); Damage and hostile effects use accuracy and Dodge; critical, authority and defense modifiers still apply. 120 SP · Cooldown 5 turns.",tests/phase3-actual-casts.test.js + tests/phase3-description-dom.test.js
chained,9,shackled_endurance,mismatch,already_fixed,generated_description,True,"[""+15% DEF and +15 percentage points Physical resistance, including Slashing through its alias. Duplicate Physical/Slashing keys collapse to15, not30; additive path Dark/Corrosion15 defaults remain."", ""data/pathways/chained.json:32 (authored ID/spec); data/pathways/chained.json:38 (current description)"", ""js/engine.js:760"", ""js/engine.js:777"", ""js/engine.js:788"", ""data/balance.json:851"", ""nature-probes.json rows[30]: current passive computed from normalized spec, Max HP 10000, resistances {'dark': 15, 'corrosion': 15, 'physical': 15}; shared definitions immutable=True.""]","Shackled Endurance — Grants +15% DEF and +15% Physical damage resistance, including Slashing. Preserve the canonical deduplication and additive path defaults.",[],"Preserved current implementation; generated description reflects actual effects, numbers and durations; verified on both teams.",,Shackled Endurance — +15% DEF; +15% Physical direct-damage resistance. Passive.,tests/phase3-actual-casts.test.js + tests/phase3-description-dom.test.js
chained,8,madness_curse,partial,partial,generated_description,True,"[""The intentional empowered_hybrid_physical formula applies the stated multiplier to (1.05 × modified ATK + 0.30 × modified INT), then ordinary combat modifiers; preserve this formula and coefficients. Physical damage and -15% Speed for two target actions."", ""data/pathways/chained.json:64 (authored ID/spec); data/pathways/chained.json:70 (current description)"", ""js/v15.js:54"", ""js/v15.js:62"", ""js/v15.js:65"", ""js/v15.js:75"", ""js/v15.js:79"", ""js/engine.js:1231"", ""nature-probes.json rows[31]: actual normalized cast returned True; self HP delta 0, shield 0, hit damage [261], target statuses [[], []]; shared definitions immutable=True.""]",Madness Curse — Deals120% of (1.05 ATK +0.30 INT) as Physical DMG and reduces the enemy Speed by15% for2 turns.,[],"Preserved current implementation; generated description reflects actual effects, numbers and durations; verified on both teams.",,"Madness Curse — Deals 120% × (105% ATK + 30% INT) Physical damage (22% base DEF bypass); Enemy SPEED −15% for 2 turns; Damage and hostile effects use accuracy and Dodge; critical, authority and defense modifiers still apply. 15 SP · Cooldown 2 turns.",tests/phase3-actual-casts.test.js + tests/phase3-description-dom.test.js
chained,7,possession_phase,mismatch,partial,generated_description,True,"[""Canonical category check now negates direct Physical, Slashing, Blunt and Piercing damage for one holder action. It does not make the holder untargetable: target-side status/debuff effects can still be applied; DoT is excluded."", ""data/pathways/chained.json:90 (authored ID/spec); data/pathways/chained.json:96 (current description)"", ""js/engine.js:448"", ""js/engine.js:498"", ""js/engine.js:499"", ""js/engine.js:1224"", ""js/engine.js:1319"", ""nature-probes.json rows[32]: actual normalized cast returned True; self HP delta 0, shield 0, hit damage [], target statuses [[], []]; shared definitions immutable=True.""]","Possession Phase — Phases through direct Physical damage, including Slashing, Blunt and Piercing, for1 turn. Preserve the fixed category immunity; display it as damage immunity rather than literal target exclusion.","[{""question"": ""Does physical untargetability mean damage immunity or target exclusion?"", ""recommended"": ""Keep the existing direct physical-damage immunity and correct the description; status effects remain governed by shared status rules."", ""alternative"": ""Reject physical-targeted attacks and all their attached effects in target selection; that changes the current targeting rule and needs approval.""}]","Preserved current implementation; generated description reflects actual effects, numbers and durations; verified on both teams.",,Possession Phase — 100% chance: negates direct physical damage for 1 turn. 25 SP · Cooldown 3 turns.,tests/phase3-actual-casts.test.js + tests/phase3-description-dom.test.js
chained,6,spiteful_strike,partial,partial,generated_description,True,"[""The intentional empowered_hybrid_physical formula applies the stated multiplier to (1.05 × modified ATK + 0.30 × modified INT), then ordinary combat modifiers; preserve this formula and coefficients. Deals Physical/Slashing damage; +20% damage if caster HP is strictly below50%, correctly scoped to this cast then cleared."", ""data/pathways/chained.json:115 (authored ID/spec); data/pathways/chained.json:121 (current description)"", ""js/v15.js:54"", ""js/v15.js:62"", ""js/v15.js:65"", ""js/v15.js:75"", ""js/v15.js:79"", ""js/engine.js:1280"", ""js/engine.js:1300"", ""js/engine.js:1332"", ""data/balance.json:851"", ""nature-probes.json rows[33]: actual normalized cast returned True; self HP delta 0, shield 0, hit damage [363], target statuses [[], []]; shared definitions immutable=True.""]","Spiteful Strike — Deals160% of (1.05 ATK +0.30 INT) as Slashing (Physical) DMG, increased by20% while user HP is below50%.",[],"Preserved current implementation; generated description reflects actual effects, numbers and durations; verified on both teams.",,"Spiteful Strike — Deals 160% × (105% ATK + 30% INT) Physical damage (22% base DEF bypass); This cast deals +20% damage while below 50% Max HP; Damage and hostile effects use accuracy and Dodge; critical, authority and defense modifiers still apply. 35 SP · Cooldown 2 turns.",tests/phase3-actual-casts.test.js + tests/phase3-description-dom.test.js
chained,5,desire_control,aligned,aligned,generated_description,True,"[""Silence for one target action, subject to mental/status resistance. Silence prevents structured active skill selection and casting readiness; it does not disable basic attacks."", ""data/pathways/chained.json:139 (authored ID/spec); data/pathways/chained.json:145 (current description)"", ""js/engine.js:1232"", ""js/engine.js:1044"", ""js/engine.js:1047"", ""nature-probes.json rows[34]: actual normalized cast returned True; self HP delta 0, shield 0, hit damage [], target statuses [['silenced'], []]; shared definitions immutable=True.""]","Retain the1-turn active-skill Silence, with the shared resistance contract.",[],"Preserved current implementation; generated description reflects actual effects, numbers and durations; verified on both teams.",,Desire Control — 100% chance: Silenced for 1 turn; subject to status resistance and immunity. 45 SP · Cooldown 3 turns.,tests/phase3-actual-casts.test.js + tests/phase3-description-dom.test.js
chained,4,spiteful_shackles,partial,partial,generated_description,True,"[""The intentional empowered_hybrid_physical formula applies the stated multiplier to (1.05 × modified ATK + 0.30 × modified INT), then ordinary combat modifiers; preserve this formula and coefficients. Physical damage, -35% Speed for two target actions and Bound for one target action."", ""data/pathways/chained.json:165 (authored ID/spec); data/pathways/chained.json:171 (current description)"", ""js/v15.js:54"", ""js/v15.js:62"", ""js/v15.js:65"", ""js/v15.js:75"", ""js/v15.js:79"", ""js/engine.js:1231"", ""js/engine.js:1232"", ""js/engine.js:1029"", ""nature-probes.json rows[35]: actual normalized cast returned True; self HP delta 0, shield 0, hit damage [389], target statuses [['bound'], []]; shared definitions immutable=True.""]","Spiteful Shackles — Cursed chains deal170% of (1.05 ATK +0.30 INT) as Physical DMG, bind one enemy for1 turn and reduce its Speed by35% for2 turns.",[],"Preserved current implementation; generated description reflects actual effects, numbers and durations; verified on both teams.",,"Spiteful Shackles — Deals 170% × (105% ATK + 30% INT) Physical damage (22% base DEF bypass); Enemy SPEED −35% for 2 turns; 100% chance: Bound (blocks actions) for 1 turn; subject to status resistance and immunity; Damage and hostile effects use accuracy and Dodge; critical, authority and defense modifiers still apply. 50 SP · Cooldown 3 turns.",tests/phase3-actual-casts.test.js + tests/phase3-description-dom.test.js
chained,3,zombie_legion,partial,partial,generated_description,True,"[""A25% Max HP self shield pool; no independent zombies, summon HP/AI/turn slots or attacks are created."", ""data/pathways/chained.json:197 (authored ID/spec); data/pathways/chained.json:203 (current description)"", ""js/engine.js:1228"", ""js/engine.js:1125"", ""js/engine.js:1216"", ""js/engine.js:1400"", ""nature-probes.json rows[36]: actual normalized cast returned True; self HP delta 0, shield 2500, hit damage [], target statuses [[], []]; shared definitions immutable=True.""]","Zombie Legion — Calls a zombie horde as a protective ward, absorbing damage equal to25% of the user Max HP. Actual independently acting summons belong to Phase4.","[{""question"": ""Is the zombie horde an abstract shield or an independently acting summon?"", ""recommended"": ""Preserve the currently encoded ward absorbing the stated Max HP amount, while naming the zombie horde in lore and describing its shield mechanics clearly."", ""alternative"": ""An independently acting undead summon needs health, action/targeting rules, duration, interception and portrait behavior; defer that new unit system to Phase4.""}]","Preserved current implementation; generated description reflects actual effects, numbers and durations; verified on both teams.",,Zombie Legion — Grants a 25% Max HP shield; lasts until depleted or dispelled. 65 SP · Cooldown 4 turns.,tests/phase3-actual-casts.test.js + tests/phase3-description-dom.test.js
chained,2,abomination_form,partial,partial,generated_description,True,"[""The intentional empowered_hybrid_physical formula applies the stated multiplier to (1.05 × modified ATK + 0.30 × modified INT), then ordinary combat modifiers; preserve this formula and coefficients. One immediate260%-hybrid Physical strike and a +30% DEF buff for two holder actions. No repeated on-hit stance modifies subsequent attacks."", ""data/pathways/chained.json:222 (authored ID/spec); data/pathways/chained.json:228 (current description)"", ""js/v15.js:54"", ""js/v15.js:62"", ""js/v15.js:65"", ""js/v15.js:75"", ""js/v15.js:79"", ""js/engine.js:1230"", ""js/engine.js:1293"", ""nature-probes.json rows[37]: actual normalized cast returned True; self HP delta 0, shield 0, hit damage [618], target statuses [[], []]; shared definitions immutable=True.""]","Recommended current truthful wording: Abomination Form — Transforms into an abomination, striking one enemy for260% of (1.05 ATK +0.30 INT) Physical DMG and gaining +30% DEF for2 turns. Resolve on-hit meaning; do not create a repeated stance in Phase3.","[{""question"": ""Does deals260% on hit mean this cast strike or every later hit in the transformation?"", ""recommended"": ""This damaging transformation cast hits once, matching current behavior; say strikes once on transformation."", ""alternative"": ""A sustained stance replaces/adds damage to later attacks: define trigger, duration and eligible hits, then defer the new stance mechanic to Phase4.""}]","Preserved current implementation; generated description reflects actual effects, numbers and durations; verified on both teams.","Lore/scope expansion remains deferred; original proposal below is evidence, not an implemented rule.","Abomination Form — Deals 260% × (105% ATK + 30% INT) Physical damage (22% base DEF bypass); +30% DEF for 2 turns; Damage and hostile effects use accuracy and Dodge; critical, authority and defense modifiers still apply. 85 SP · Cooldown 4 turns.",tests/phase3-actual-casts.test.js + tests/phase3-description-dom.test.js
chained,1,spiteful_depravity,mismatch,partial,generated_description,True,"[""The intentional empowered_hybrid_physical formula applies the stated multiplier to (1.05 × modified ATK + 0.30 × modified INT), then ordinary combat modifiers; preserve this formula and coefficients. Execute below15% HP is already fixed to bypass incoming damage reduction and requires a real fatal outcome before logging. Slashing aliases Physical; misses and physical immunity still negate the attack."", ""data/pathways/chained.json:248 (authored ID/spec); data/pathways/chained.json:254 (current description)"", ""js/v15.js:54"", ""js/v15.js:62"", ""js/v15.js:65"", ""js/v15.js:75"", ""js/v15.js:79"", ""js/engine.js:1306"", ""js/engine.js:506"", ""js/engine.js:1321"", ""data/balance.json:851"", ""nature-probes.json rows[38]: actual normalized cast returned True; self HP delta 0, shield 0, hit damage [771], target statuses [[], []]; shared definitions immutable=True.""]","Spiteful Depravity — Deals320% of (1.05 ATK +0.30 INT) as Slashing (Physical) DMG and executes hit targets below15% HP, subject to existing immunity/resurrection rules. Keep corrected execute pipeline.",[],"Preserved current implementation; generated description reflects actual effects, numbers and durations; verified on both teams.",,"Spiteful Depravity — Deals 320% × (105% ATK + 30% INT) Physical damage (22% base DEF bypass); Executes targets already below 15% Max HP; Damage and hostile effects use accuracy and Dodge; critical, authority and defense modifiers still apply. 100 SP · Cooldown 4 turns.",tests/phase3-actual-casts.test.js + tests/phase3-description-dom.test.js
chained,0,god_of_chains,partial,partial,generated_description,True,"[""The intentional empowered_hybrid_physical formula applies the stated multiplier to (1.05 × modified ATK + 0.30 × modified INT), then ordinary combat modifiers; preserve this formula and coefficients. One enemy takes True damage; a Bound status for one target action is also applied. Slashing is lore only because normalized True damage has no Slashing element, intentionally bypassing physical resistance."", ""data/pathways/chained.json:273 (authored ID/spec); data/pathways/chained.json:279 (current description)"", ""js/v15.js:54"", ""js/v15.js:62"", ""js/v15.js:65"", ""js/v15.js:75"", ""js/v15.js:79"", ""js/node-loader.js:19"", ""js/engine.js:1232"", ""js/engine.js:1289"", ""js/v15.js:69"", ""nature-probes.json rows[39]: actual normalized cast returned True; self HP delta 0, shield 0, hit damage [1230], target statuses [['bound'], []]; shared definitions immutable=True.""]","God of Chains — Enchains one enemy, binding it for1 turn and dealing410% of (1.05 ATK +0.30 INT) as True DMG. Keep Slashing as flavor metadata only; do not change true-damage mitigation.",[],"Preserved current implementation; generated description reflects actual effects, numbers and durations; verified on both teams.",,"God of Chains — Deals 410% × (105% ATK + 30% INT) True damage (ignores DEF and elemental resistance); 100% chance: Bound (blocks actions) for 1 turn; subject to status resistance and immunity; Damage and hostile effects use accuracy and Dodge; critical, authority and defense modifiers still apply. 125 SP · Cooldown 5 turns.",tests/phase3-actual-casts.test.js + tests/phase3-description-dom.test.js
twilight_giant,9,martial_mastery,aligned,aligned,generated_description,"Normalized passive has ATK +0.15 and DEF +0.10; actual passive modifier is atk=1.15,def=1.10. ATK affects basic weapons and the ATK component of hybrid strikes. No separate physical-only stat exists.","[""data/pathways/twilight_giant.json:32"", ""js/engine.js:783"", ""js/engine.js:788"", ""js/v15.js:35"", ""phase3/physical-probes.json: martial_mastery""]",Retain Martial Mastery lore and +15% ATK/+10% DEF. Generated mechanics may call the ordinary ATK stat ATK rather than imply an elemental filter.,[],"Preserved current implementation; generated description reflects actual effects, numbers and durations; verified on both teams.",,Martial Mastery — +10% DEF; +15% ATK. Passive.,tests/phase3-actual-casts.test.js + tests/phase3-description-dom.test.js
twilight_giant,8,heavy_cleave,partial,partial,generated_description,"Actual normalized hit is 1.45*(1.05*modified ATK+0.30*modified INT), physical, one target. Explicit 0.15 DEF penetration adds to formula 0.22, yielding 37% bypass. Probe raw218.5875 with ATK100,INT100 and inherited +15%ATK; defPen=.37. Damaging skill uses shared hit rules.","[""data/pathways/twilight_giant.json:62"", ""js/node-loader.js:19"", ""js/v15.js:62"", ""js/v15.js:68"", ""js/engine.js:1223"", ""js/engine.js:1303"", ""phase3/physical-probes.json: heavy_cleave""]","Preserve Heavy Cleave. Display 145% of (1.05 ATK + 0.30 INT), Physical damage, +15 percentage points DEF penetration (37% total before other bonuses). Preserve the intentional hybrid formula.",[],"Preserved current implementation; generated description reflects actual effects, numbers and durations; verified on both teams.",,"Heavy Cleave — Deals 145% × (105% ATK + 30% INT) Physical damage (22% base DEF bypass); +15% DEF bypass on this cast; Damage and hostile effects use accuracy and Dodge; critical, authority and defense modifiers still apply. 15 SP · Cooldown 1 turn.",tests/phase3-actual-casts.test.js + tests/phase3-description-dom.test.js
twilight_giant,7,dawn_shield,aligned,aligned,generated_description,Actual cast grants self a 20% Max HP all-damage shield:100000MaxHP→20000shield. Shield grants replace with the larger pool and obey no_shield. Incoming direct and periodic damage consume shields before damage reduction.,"[""data/pathways/twilight_giant.json:87"", ""js/engine.js:468"", ""js/engine.js:469"", ""js/engine.js:505"", ""js/engine.js:1216"", ""js/engine.js:1228"", ""phase3/physical-probes.json: dawn_shield""]","Retain radiant shield lore and 20% Max HP shield promise; generated mechanics should say self and refreshes to at least20%MaxHP, not additive shield stacking.",[],"Preserved current implementation; generated description reflects actual effects, numbers and durations; verified on both teams.",,Dawn Shield — Grants a 20% Max HP shield; lasts until depleted or dispelled. 25 SP · Cooldown 3 turns.,tests/phase3-actual-casts.test.js + tests/phase3-description-dom.test.js
twilight_giant,6,light_of_dawn,mismatch,mismatch,generated_description,"Actual normalized damageType is elemental with no element. v15Damage resolves average resistance of fire/water/lightning/frost, not Light/Holy. Actual hit is1.60*(1.05modifiedATK+0.30modifiedINT),22%baseDEFbypass. Self-cleanse removes fixed status whitelist only; actual cast removed burn but retained fear and numerical ATK−20%.","[""data/pathways/twilight_giant.json:111"", ""data/pathways/twilight_giant.json:121"", ""data/balance.json:745"", ""js/node-loader.js:19"", ""js/v15.js:62"", ""js/v15.js:75"", ""js/engine.js:1227"", ""phase3/physical-probes.json: light_of_dawn""]","Set this ability damageType to existing holy element to fulfill Light promise without changing shared definitions. Generate hybrid scaling and self-cleanse scope:burn,bleed,poison,curse,silence,confusion,sleep,stun,freeze,binding. Preserve Dawn light lore. Do not silently add a broader cleansing taxonomy.","[""Minor debuffs has no defined taxonomy. Recommended: disclose existing named status cleanse. Alternative requiring an explicit scope decision: also remove numeric ATK/DEF/INT/Speed debuffs via existing timed-effect hooks. Fear/decay/corruption require their own explicit choice.""]","Preserved current implementation; generated description reflects actual effects, numbers and durations; verified on both teams.","Lore/scope expansion remains deferred; original proposal below is evidence, not an implemented rule.","Light of Dawn — Deals 160% × (105% ATK + 30% INT) Elemental damage (22% base DEF bypass); resistance uses the average of Fire, Water, Lightning and Frost; Removes Burn, Bleed, Poison, Curse, Silenced, Confused, Sleep, Stunned, Frozen, Freeze, Bound; Damage and hostile effects use accuracy and Dodge; critical, authority and defense modifiers still apply. 35 SP · Cooldown 2 turns.",tests/phase3-actual-casts.test.js + tests/phase3-description-dom.test.js
twilight_giant,5,guardian_stance,aligned,aligned,generated_description,"Actual cast self DEF×1.30 for2holder actions, taunt2holder actions, incoming damage×.80 until own next-turn start. Probe incoming100 consumed40shield then caused48HP; burn7000 caused5600HP, confirming periodic reduction now works.","[""data/pathways/twilight_giant.json:137"", ""js/engine.js:505"", ""js/engine.js:506"", ""js/engine.js:529"", ""js/engine.js:534"", ""js/engine.js:1230"", ""js/engine.js:1238"", ""js/engine.js:1274"", ""phase3/physical-probes.json: guardian_stance""]",Preserve Guardian Stance. State +30%DEF and taunt for2own turns;20%incoming damage reduction until own next turn. Keep approved shield-first reduction and DoT coverage.,[],"Preserved current implementation; generated description reflects actual effects, numbers and durations; verified on both teams.",,"Guardian Stance — +30% DEF for 2 turns; Reduces incoming all damage by 20% until your next turn after shields; Redirects enemy target selection to you for 2 turns, unless taunt-immune. 45 SP · Cooldown 3 turns.",tests/phase3-actual-casts.test.js + tests/phase3-description-dom.test.js
twilight_giant,4,dawn_guardian_barrier,aligned,aligned,generated_description,Actual cast grants user DEF×1.25 for2holder actions and all-damage shield at20%MaxHP. Probe DEF1.25 and20000shield on100000MaxHP. Support targets are caster only.,"[""data/pathways/twilight_giant.json:170"", ""js/engine.js:534"", ""js/engine.js:1216"", ""js/engine.js:1228"", ""js/engine.js:1230"", ""phase3/physical-probes.json: dawn_guardian_barrier""]","Retain radiant barrier; generated mechanics should include self,+25%DEF for2own turns,20%MaxHP shield, and larger-pool refresh behavior.",[],"Preserved current implementation; generated description reflects actual effects, numbers and durations; verified on both teams.",,Dawn Guardian Barrier — +25% DEF for 2 turns; Grants a 20% Max HP shield; lasts until depleted or dispelled. 50 SP · Cooldown 3 turns.,tests/phase3-actual-casts.test.js + tests/phase3-description-dom.test.js
twilight_giant,3,giant_s_might,mismatch,already_fixed,generated_description,"Current data resistance physical20 and blunt20 are percentage points; blunt aliases physical and duplicate keys canonicalize to maximum within one effect. Additive pathway baseline10 gives physical30%, not50%; passive HP×1.20 correctly gives120000from100000. Prior fraction/overwrite bug is fixed.","[""data/pathways/twilight_giant.json:200"", ""data/pathways/twilight_giant.json:221"", ""data/balance.json:810"", ""data/balance.json:852"", ""js/engine.js:759"", ""js/engine.js:777"", ""js/engine.js:788"", ""js/engine.js:371"", ""phase3/physical-probes.json: giant_s_might""]","Retain Giant strength lore. Disclose +20%MaxHP and +20percentage points Physical resistance (30% pathway total); blunt is flavor/alias, so do not promise blunt-only protection or a second20%resistance.",[],"Preserved current implementation; generated description reflects actual effects, numbers and durations; verified on both teams.",,Giant's Might — +20% Max HP; +20% Physical direct-damage resistance. Passive.,tests/phase3-actual-casts.test.js + tests/phase3-description-dom.test.js
twilight_giant,2,sword_of_twilight,partial,partial,generated_description,"Actual hit is2.70*(1.05modifiedATK+0.30modifiedINT), Decay element only,22%baseDEFbypass. Probe elements=[decay],resistance15. Physical is the formula/theme, not a separate damage component. Shared hit rules apply.","[""data/pathways/twilight_giant.json:232"", ""js/node-loader.js:19"", ""js/v15.js:62"", ""js/v15.js:75"", ""js/engine.js:1223"", ""phase3/physical-probes.json: sword_of_twilight""]","Preserve twilight blade lore; describe a Decay-imbued strike with270%of(1.05ATK+0.30INT),Decay damage and22%baseDEFbypass. Avoid suggesting split Physical/Decay mitigation.",[],"Preserved current implementation; generated description reflects actual effects, numbers and durations; verified on both teams.",,"Sword of Twilight — Deals 270% × (105% ATK + 30% INT) Decay damage (22% base DEF bypass); Damage and hostile effects use accuracy and Dodge; critical, authority and defense modifiers still apply. 85 SP · Cooldown 4 turns.",tests/phase3-actual-casts.test.js + tests/phase3-description-dom.test.js
twilight_giant,1,twilight_decay,partial,partial,generated_description,"Actual single target Decay hit is3.30*(1.05modifiedATK+0.30modifiedINT),22%baseDEFbypass. DEF−30% lasts2target actions, applied before the same hit is calculated; probe defense became7.7from11 before mitigation. Shared hit rules apply.","[""data/pathways/twilight_giant.json:250"", ""data/pathways/twilight_giant.json:264"", ""js/v15.js:62"", ""js/v15.js:79"", ""js/engine.js:1231"", ""js/engine.js:1303"", ""phase3/physical-probes.json: twilight_decay""]","Retain Twilight Decay; display330%of(1.05ATK+0.30INT),Decay damage and targetDEF−30%for2target turns, including this hit. Preserve existing effect order.",[],"Preserved current implementation; generated description reflects actual effects, numbers and durations; verified on both teams.",,"Twilight Decay — Deals 330% × (105% ATK + 30% INT) Decay damage (22% base DEF bypass); Enemy DEF −30% for 2 turns; Damage and hostile effects use accuracy and Dodge; critical, authority and defense modifiers still apply. 100 SP · Cooldown 4 turns.",tests/phase3-actual-casts.test.js + tests/phase3-description-dom.test.js
twilight_giant,0,twilight_colossus,partial,partial,generated_description,"Actual skill is one single-target true hit:4.20*(1.05modifiedATK+0.30modifiedINT), no retained Decay element and no form state or duration. Probe raw633.15,final633,defense/resistance0,caster _inForm absent. Only separate automatic mythical low-HP form sets _inForm.","[""data/pathways/twilight_giant.json:276"", ""js/node-loader.js:19"", ""js/v15.js:62"", ""js/v15.js:69"", ""js/v15.js:157"", ""js/engine.js:1289"", ""js/engine.js:1292"", ""phase3/physical-probes.json: twilight_colossus""]","Preserve Colossus imagery as instantaneous manifestation/overwhelming strike. Generate420%of(1.05ATK+0.30INT),True damage,bypassesDEFandresistance. Treat Decay as theme, not mitigation; persistent transformation isPhase4.","[""Recommended Phase3 wording: manifests a twilight colossus for one strike. Alternative: persistent transformation with duration/bonuses is a new mechanic and must remain Phase4 unless explicitly approved.""]","Preserved current implementation; generated description reflects actual effects, numbers and durations; verified on both teams.",,"Twilight Colossus — Deals 420% × (105% ATK + 30% INT) True damage (ignores DEF and elemental resistance); Damage and hostile effects use accuracy and Dodge; critical, authority and defense modifiers still apply. 125 SP · Cooldown 5 turns.",tests/phase3-actual-casts.test.js + tests/phase3-description-dom.test.js
tyrant,9,sea_born_body,mismatch,already_fixed,generated_description,"Passive data now grants HP+10% and Water/Lightning+10percentage points; additive baseline15 produces25%each for current allied/enemy combat units. Probe defaultMaxHp110000andresistancesWater25,Lightning25. Fraction/overwrite/side discrepancy is fixed.","[""data/pathways/tyrant.json:32"", ""data/pathways/tyrant.json:53"", ""data/balance.json:770"", ""js/engine.js:370"", ""js/engine.js:371"", ""js/engine.js:777"", ""js/engine.js:788"", ""phase3/physical-probes.json: sea_born_body""]","Retain Sea-Born Body; clarify +10%MaxHP,+10percentage points Water/Lightning resistance (25%total each including innate15%).",[],"Preserved current implementation; generated description reflects actual effects, numbers and durations; verified on both teams.",,"Sea-Born Body — +10% Max HP; +10% Water direct-damage resistance, +10% Lightning direct-damage resistance. Passive.",tests/phase3-actual-casts.test.js + tests/phase3-description-dom.test.js
tyrant,8,raging_blow,mismatch,already_fixed,generated_description,"Current component branch computes1.40modifiedATK+0.30modifiedINT exactly, not1.40*(ATK+.30INT). Probe ATK100/INT100raw170. Only Water element resistance is used,22%baseDEFbypass; no separate Physical hit. Shared hit rules apply.","[""data/pathways/tyrant.json:64"", ""js/node-loader.js:19"", ""js/v15.js:61"", ""js/v15.js:75"", ""js/engine.js:1218"", ""js/engine.js:1223"", ""phase3/physical-probes.json: raging_blow""]",Retain water-imbued blow lore; publish140%ATK+30%INT as Water damage and22%baseDEFbypass. Prior additive-coefficient bug is already fixed.,[],"Preserved current implementation; generated description reflects actual effects, numbers and durations; verified on both teams.",,"Raging Blow — Deals 140% ATK + 30% INT Water damage (22% base DEF bypass); Damage and hostile effects use accuracy and Dodge; critical, authority and defense modifiers still apply. 15 SP · Cooldown 1 turn.",tests/phase3-actual-casts.test.js + tests/phase3-description-dom.test.js
tyrant,7,wind_step,partial,already_fixed,generated_description,Actual active dodge+.20 lasts2holder actions. Shared attackHit now applies to every damaging structured ability; probe Raging Blow against Wind Step was dodged. Dodge bonus participates in shared caps/target-vs-attackerINT/hit-chance calculation.,"[""data/pathways/tyrant.json:89"", ""js/engine.js:534"", ""js/engine.js:844"", ""js/engine.js:896"", ""js/engine.js:1223"", ""js/engine.js:1279"", ""phase3/physical-probes.json: wind_step""]","Retain Wind Step;+20percentage points Dodge for2own turns, subject to shared cap. Keep approved damaging-ability hit rules.",[],"Preserved current implementation; generated description reflects actual effects, numbers and durations; verified on both teams.",,Wind Step — +20 percentage points Dodge for 2 turns. 25 SP · Cooldown 2 turns.,tests/phase3-actual-casts.test.js + tests/phase3-description-dom.test.js
tyrant,6,lightning_bolt,mismatch,already_fixed,generated_description,"Current component branch correctly computes1.60modifiedATK+0.30modifiedINT; probe raw190. Lightning hit,22%baseDEFbypass. Stun effect is30%base chance for1target turn, lowered by trait mental/status resistance; applies before damage after hit-success filtering.","[""data/pathways/tyrant.json:114"", ""js/v15.js:61"", ""js/engine.js:1223"", ""js/engine.js:1234"", ""js/engine.js:1303"", ""phase3/physical-probes.json: lightning_bolt""]","Retain Lightning Bolt;160%ATK+30%INT Lightning damage,22%baseDEFbypass and30%base chance toStun for1target turn (subject to resistances). Do not change coefficient or effect order.",[],"Preserved current implementation; generated description reflects actual effects, numbers and durations; verified on both teams.",,"Lightning Bolt — Deals 160% ATK + 30% INT Lightning damage (22% base DEF bypass); 30% chance: Stunned (blocks actions) for 1 turn; subject to status resistance and immunity; Damage and hostile effects use accuracy and Dodge; critical, authority and defense modifiers still apply. 35 SP · Cooldown 2 turns.",tests/phase3-actual-casts.test.js + tests/phase3-description-dom.test.js
tyrant,5,ocean_calling,partial,partial,generated_description,"Actual single-target Water hit is1.80*(1.05modifiedATK+0.30modifiedINT),22%baseDEFbypass. Target Speed×.80 for2holder actions, applied before hit; synced to target agent and consumed by speedFor/initiative. Probe raw243,speedDebuff.8.","[""data/pathways/tyrant.json:145"", ""js/v15.js:62"", ""js/engine.js:814"", ""js/engine.js:1231"", ""js/engine.js:1223"", ""phase3/physical-probes.json: ocean_calling""]","Preserve summoned tidal surge imagery as immediate wave; display180%of(1.05ATK+0.30INT),Water damage,22%baseDEFbypass,enemySpeed−20%for2target turns.",[],"Preserved current implementation; generated description reflects actual effects, numbers and durations; verified on both teams.",,"Ocean Calling — Deals 180% × (105% ATK + 30% INT) Water damage (22% base DEF bypass); Enemy SPEED −20% for 2 turns; Damage and hostile effects use accuracy and Dodge; critical, authority and defense modifiers still apply. 45 SP · Cooldown 3 turns.",tests/phase3-actual-casts.test.js + tests/phase3-description-dom.test.js
tyrant,4,interdiction_roar,mismatch,already_fixed,generated_description,"Current damage correctly computes1.80modifiedATK+0.35modifiedINT; probe raw215. Explicit all_enemies targeting hits every available enemy; all receiveDEF−25%for2target actions before damage. Lightning only,22%baseDEFbypass,shared independent hit checks per target. Physical is flavor, not split element.","[""data/pathways/tyrant.json:171"", ""data/pathways/tyrant.json:191"", ""js/v15.js:61"", ""js/engine.js:1123"", ""js/engine.js:1223"", ""js/engine.js:1231"", ""phase3/physical-probes.json: interdiction_roar""]","Preserve sonic shockwave. Clarify all enemies,180%ATK+35%INT Lightning damage,22%baseDEFbypass,andDEF−25%for2target turns including this hit. Prior coefficient bug already fixed.",[],"Preserved current implementation; generated description reflects actual effects, numbers and durations; verified on both teams.",,"Interdiction Roar — Targets all enemies; Deals 180% ATK + 35% INT Lightning damage (22% base DEF bypass); Enemy DEF −25% for 2 turns; Damage and hostile effects use accuracy and Dodge; critical, authority and defense modifiers still apply. 50 SP · Cooldown 3 turns.",tests/phase3-actual-casts.test.js + tests/phase3-description-dom.test.js
tyrant,3,thunder_god_stance,mismatch,mismatch,generated_description,"Actual cast DEF×1.20 for2holder actions; reflection until own next-turn start. Reflect uses0.80*(1.05modifiedATK+0.30modifiedINT),Lightning mitigation,22%baseDEFbypass; triggers on direct incoming attacks with attacker regardless physical/magic/ranged/true, excluding indirect/reflection. Probe incomingFire100 reflected77HP; nextturnclearedward. No delivery/melee hook exists.","[""data/pathways/tyrant.json:206"", ""data/pathways/tyrant.json:226"", ""js/engine.js:501"", ""js/engine.js:516"", ""js/engine.js:529"", ""js/engine.js:1237"", ""js/v15.js:62"", ""phase3/physical-probes.json: thunder_god_stance""]","Honor explicit user deferral of melee-only trigger; do not add delivery tags or melee filtering inPhase3. Generated current-rule text should disclose +20%DEFfor2own turns, direct-hit hybrid Lightning reflection until nextturn. Preserve lightning-armor lore and record requested melee restriction as deferred.","[""Melee trigger is explicitly deferred. The correctfuture alternative is defined attack-delivery tags plus filter; treating allPhysical as melee would misclassify guns and is not recommended.""]","Preserved current implementation; generated description reflects actual effects, numbers and durations; verified on both teams.","Lore/scope expansion remains deferred; original proposal below is evidence, not an implemented rule.",Thunder God Stance — +20% DEF for 2 turns; Reflects 80% × (105% ATK + 30% INT) Lightning damage to the attacker until your next turn; periodic damage does not trigger reflection. 65 SP · Cooldown 4 turns.,tests/phase3-actual-casts.test.js + tests/phase3-description-dom.test.js
tyrant,2,tidal_surge,partial,partial,generated_description,"Actual single-target Water hit is2.60*(1.05modifiedATK+0.30modifiedINT),22%baseDEFbypass. Knockback increments target.distance by3 up to60, applied after hit check and before damage. Probe5→8. Current engine never reads distance: neither ordinary attacks nor Spirit Threads use range; processSpiritThreads no longer checks range, while threadRange is an unused helper. The original audit range claim is stale.","[""data/pathways/tyrant.json:240"", ""js/v15.js:62"", ""js/engine.js:1268"", ""js/engine.js:405"", ""js/engine.js:902"", ""js/engine.js:712"", ""js/paths.js:57"", ""phase3/physical-probes.json: tidal_surge""]","Preserve crushing tidal-wave imagery;publish260%of(1.05ATK+0.30INT),Water damage,22%baseDEFbypass. Do not imply knockback changes attacks/turnorder. Internal distance+3currently has no gameplay effect; meaningful range/interrupt/delay remainsPhase4.","[""Recommended Phase3 wording: a crushing tide strikes theenemy, with implemented damage mechanics. Alternative: make knockback change range or interrupt/delay an action; this requires a new movement mechanic and remainsPhase4.""]","Preserved current implementation; generated description reflects actual effects, numbers and durations; verified on both teams.",,"Tidal Surge — Deals 260% × (105% ATK + 30% INT) Water damage (22% base DEF bypass); Moves the target 3 distance farther away; Damage and hostile effects use accuracy and Dodge; critical, authority and defense modifiers still apply. 85 SP · Cooldown 4 turns.",tests/phase3-actual-casts.test.js + tests/phase3-description-dom.test.js
tyrant,1,lightning_storm,mismatch,already_fixed,generated_description,"Current branch computes3.20modifiedATK+0.30modifiedINT correctly; probe raw350. Only selected target is hit: noall_enemiestargeting. Lightning element,22%baseDEFbypass,sharedhit rules. The name storm/thunderbolts is lore, notAoE.","[""data/pathways/tyrant.json:264"", ""js/v15.js:61"", ""js/engine.js:1125"", ""js/engine.js:1223"", ""phase3/physical-probes.json: lightning_storm""]","Preserve thunderbolt/storm imagery but state oneenemy,320%ATK+30%INT Lightning damage,22%baseDEFbypass. Do not inferAoE from the name or rebalance.",[],"Preserved current implementation; generated description reflects actual effects, numbers and durations; verified on both teams.",,"Lightning Storm — Deals 320% ATK + 30% INT Lightning damage (22% base DEF bypass); Damage and hostile effects use accuracy and Dodge; critical, authority and defense modifiers still apply. 100 SP · Cooldown 4 turns.",tests/phase3-actual-casts.test.js + tests/phase3-description-dom.test.js
tyrant,0,thunder_god_cataclysm,partial,partial,generated_description,Actual all-enemy True hit is4.20*(1.05modifiedATK+0.30modifiedINT); probe twoenemies eachraw/final567 andresistance/DEF0. True damage retains no Lightning element mitigation tag. Sharedhit checks apply per target; no persistent storm/form state.,"[""data/pathways/tyrant.json:289"", ""data/pathways/tyrant.json:303"", ""js/node-loader.js:19"", ""js/v15.js:62"", ""js/v15.js:69"", ""js/engine.js:1123"", ""js/engine.js:1292"", ""phase3/physical-probes.json: thunder_god_cataclysm""]","Preserve global sea-storm/lightningcataclysm lore;display allenemies,420%of(1.05ATK+0.30INT),True damage,bypassesDEF/resistance. Lightning ispresentation/theme for this True hit.",[],"Preserved current implementation; generated description reflects actual effects, numbers and durations; verified on both teams.",,"Thunder God Cataclysm — Targets all enemies; Deals 420% × (105% ATK + 30% INT) True damage (ignores DEF and elemental resistance); Damage and hostile effects use accuracy and Dodge; critical, authority and defense modifiers still apply. 125 SP · Cooldown 5 turns.",tests/phase3-actual-casts.test.js + tests/phase3-description-dom.test.js
red_priest,9,hunter_s_instinct,partial,partial,generated_description,"Hunter's Instinct costs0 SP/CD0. It grants +10 percentage points accuracy through the shared hit helper, so the former basic-only limitation is fixed and damaging skills also benefit. It grants +10% Initiative (speedFor ×1.10 for order) while displayed Speed/AV remain unchanged; direct sequence9 fixture Speed140 gives Initiative154, not Speed154. Fire20% comes from pathway baseline, not this passive. No ally effects.","[""/workspace/guild_of_mystery-campaign/data/pathways/red_priest.json:38 — description promises Speed while authored effect is initiative10 and hitChance.1"", ""/workspace/guild_of_mystery-campaign/js/engine.js:790 — passive initiative and hit bonus are separate"", ""/workspace/guild_of_mystery-campaign/js/engine.js:814 — Speed calculation has no passive initiative contribution"", ""/workspace/guild_of_mystery-campaign/js/engine.js:822 — initiative is Speed times1.10"", ""/workspace/guild_of_mystery-campaign/js/engine.js:896 — accuracy affects shared damaging-skill and basic hit gate"", ""/workspace/guild_of_mystery-campaign/data/balance.json:807 — baseline Fire20%"", ""/workspace/game-audit/phase3/abyss-red-probes.json — actual normalized passive/cast, cost/expiry and seeded battle probes""]","Concrete alternatives: (A) honor printed +10% Speed by representing one passive Speed modifier in the Speed hook and replacing the initiative grant, preserving the current1.10 order benefit; (B) retain the authored initiative grant and describe +10% Initiative with unchanged Speed/AV. Do not silently stack Speed and Initiative. Publish +10-point accuracy and baseline20% Fire resistance either way.","[""Recommended: preserve authored +10% Initiative and describe Initiative honestly, retaining present battle order and Speed/AV behavior. Alternative: replace it with +10% passive Speed, including Speed/AV, without stacking both grants. This typed-effect-versus-prose conflict needs a scope decision.""]","Preserved current implementation; generated description reflects actual effects, numbers and durations; verified on both teams.","Lore/scope expansion remains deferred; original proposal below is evidence, not an implemented rule.",Hunter's Instinct — +10% Initiative; +10 percentage points accuracy. Passive.,tests/phase3-actual-casts.test.js + tests/phase3-description-dom.test.js
red_priest,8,provocation,aligned,aligned,generated_description,"Provocation costs15 SP/CD2. Direct normalized cast applies target DEF ×.80 for two affected-enemy actions and actor taunt2 for two actor actions; it is nondamaging and does not consume a forced-miss token. Taunt makes eligible enemies select the taunter (subject to taunt immunity). No ally buff or damage effect. Numerical durations use holder turns after Phase1, not a global-round timer.","[""/workspace/guild_of_mystery-campaign/data/pathways/red_priest.json:66 — target DEF reduction20%/duration2 and taunt duration2"", ""/workspace/guild_of_mystery-campaign/js/engine.js:1231 — target DEF timed debuff"", ""/workspace/guild_of_mystery-campaign/js/engine.js:1238 — taunt state belongs to caster"", ""/workspace/guild_of_mystery-campaign/js/engine.js:530 — enemy target filter selects taunter"", ""/workspace/guild_of_mystery-campaign/js/engine.js:1386 — taunt ticks on holder actions"", ""/workspace/guild_of_mystery-campaign/js/engine.js:1455 — numeric effects tick after affected unit acts"", ""/workspace/game-audit/phase3/abyss-red-probes.json — actual normalized passive/cast, cost/expiry and seeded battle probes""]",Retain the existing effects. Generate scope and timing precisely: selected enemy −20% DEF for two enemy turns; caster taunts for two caster turns.,[],"Preserved current implementation; generated description reflects actual effects, numbers and durations; verified on both teams.",,"Provocation — Enemy DEF −20% for 2 turns; Redirects enemy target selection to you for 2 turns, unless taunt-immune. 15 SP · Cooldown 2 turns.",tests/phase3-actual-casts.test.js + tests/phase3-description-dom.test.js
red_priest,7,fireball_barrage,mismatch,already_fixed,generated_description,"The old component-scaling mismatch is already fixed. Fireball Barrage costs25 SP/CD1; damage uses1.4 modified ATK +.35 modified INT before sequence/path/outgoing modifiers and mitigation, overriding the nominal hybrid branch because an explicit component exists. Direct ATK=INT=100 probe raw175, not189; the Phase1 damage suite passes8/8, including actual Red Priest component. Single enemy, Fire element, shared hit gate, no ally/burn effect.","[""/workspace/guild_of_mystery-campaign/data/pathways/red_priest.json:96 — 1.4 ATK and independent .35 INT component"", ""/workspace/guild_of_mystery-campaign/js/data-loader.js:110 — component normalization preserves independent coefficient"", ""/workspace/guild_of_mystery-campaign/js/engine.js:1218 — current effects reconstruct effective damage components"", ""/workspace/guild_of_mystery-campaign/js/v15.js:61 — primary multiplier applies only to primary stat term"", ""/workspace/guild_of_mystery-campaign/tests/phase1-damage-pipeline.test.js:16 — real normalized Red Priest separate-component regression"", ""/workspace/guild_of_mystery-campaign/js/engine.js:1223 — shared hit rules"", ""/workspace/game-audit/phase3/abyss-red-probes.json — actual normalized passive/cast, cost/expiry and seeded battle probes""]",Retain1.4 ATK +0.35 INT Fire damage and current additive implementation. Do not rewrite this exception as the standard agility hybrid formula or increase INT to.49.,[],"Preserved current implementation; generated description reflects actual effects, numbers and durations; verified on both teams.",,"Fireball Barrage — Deals 140% ATK + 35% INT Fire damage (22% base DEF bypass); Damage and hostile effects use accuracy and Dodge; critical, authority and defense modifiers still apply. 25 SP · Cooldown 1 turn.",tests/phase3-actual-casts.test.js + tests/phase3-description-dom.test.js
red_priest,6,reaper_s_harvest,partial,partial,generated_description,"Reaper's Harvest costs35 SP/CD2 and uses1.7 × (0.85 modified ATK +.55 modified INT) Physical damage. Direct ATK=INT=100 probe raw238; crit chance is base.15 + authored.25 =.40 and critical-damage bonus is.25 (total critical multiplier1.75 with default base.50). Both +25-point bonuses are implemented, but only critical damage is advertised. Single target; shared hit gate; no ally effects.","[""/workspace/guild_of_mystery-campaign/data/pathways/red_priest.json:121 — hybrid Physical damage plus distinct crit.25 and critDamage.25"", ""/workspace/guild_of_mystery-campaign/js/data-loader.js:104 — normalizes scale, element/type, formula and independent components"", ""/workspace/guild_of_mystery-campaign/js/v15.js:63 — agility raw base is (0.85 modified ATK + 0.55 modified INT) times scale"", ""/workspace/guild_of_mystery-campaign/data/formulas.json:110 — configured agility coefficients and 22% base DEF bypass"", ""/workspace/guild_of_mystery-campaign/js/engine.js:1223 — shared damaging-skill hit gate also gates hostile effects"", ""/workspace/guild_of_mystery-campaign/js/engine.js:1184 — effective cost is checked, deducted and emitted in the cast receipt"", ""/workspace/guild_of_mystery-campaign/js/engine.js:1309 — critical damage bonus sums critDamage effects"", ""/workspace/guild_of_mystery-campaign/js/engine.js:1312 — critical chance adds separate crit effect"", ""/workspace/guild_of_mystery-campaign/js/engine.js:1315 — critical damage multiplier uses both base and skill bonus"", ""/workspace/game-audit/phase3/abyss-red-probes.json — actual normalized passive/cast, cost/expiry and seeded battle probes""]",Generate the intentional hybrid formula and publish +25 percentage points critical chance and +25 percentage points critical damage. Retain both existing coefficients.,[],"Preserved current implementation; generated description reflects actual effects, numbers and durations; verified on both teams.",,"Reaper's Harvest — Deals 170% × (85% ATK + 55% INT) Physical damage (22% base DEF bypass); +25 percentage points critical chance on this cast; +25 percentage points critical damage on this cast; Damage and hostile effects use accuracy and Dodge; critical, authority and defense modifiers still apply. 35 SP · Cooldown 2 turns.",tests/phase3-actual-casts.test.js + tests/phase3-description-dom.test.js
red_priest,5,iron_blood_vigor,mismatch,mismatch,code_and_generated_description,"Iron Blood Vigor still promises +15% Max HP and +15% DEF, but only the DEF stat_modifier is authored. Direct normalized sequence5 fixture has passiveDEF1.15, passiveHP1 and MaxHP10000 instead of11500. The shared passive hp multiplier and combat-unit MaxHP hook already exist, so this is an absent existing-rule datum, not a new combat mechanic. Passive0 SP/CD0, caster-only.","[""/workspace/guild_of_mystery-campaign/data/pathways/red_priest.json:149 — HP promise exists; effects only encode DEF.15"", ""/workspace/guild_of_mystery-campaign/js/engine.js:788 — shared stat_modifier handles hp and def"", ""/workspace/guild_of_mystery-campaign/js/engine.js:371 — combat MaxHP consumes passive hp multiplier"", ""/workspace/game-audit/phase3/abyss-red-probes.json — actual normalized passive/cast, cost/expiry and seeded battle probes""]","Add the promised stat_modifier(hp,.15) beside the existing DEF modifier through the existing shared hook; verify actual MaxHP on both teams and generated description. Keep coefficient15% and existing progression tables.",[],Corrected existing rule and generated actual numerical description; verified on both teams.,,Iron Blood Vigor — +15% Max HP; +15% DEF. Passive.,tests/phase3-actual-casts.test.js + tests/phase3-description-dom.test.js
red_priest,4,iron_blood_steel_body,mismatch,mismatch,generated_description,"Iron Blood Steel Body still costs50 SP/CD3 but its active stat_modifier(def,.3) is never handled, leaving inherited DEF1.15. It stores an indefinite agent next_damage_bonus1.8. Direct basic melee attack leaves that token intact; the next Reaper skill consumes it, multiplies hybrid scale1.7 to4.76, and remains Physical. For a component skill the token scales the primary term only after Phase1 independent-component fix. It has no melee classification, War Flame rider or expiry. The old selector gap is fixed: seeded real high-HP sequence4 battle cast Steel Body three times among15 caster actions.","[""/workspace/guild_of_mystery-campaign/data/pathways/red_priest.json:174 — printed Physical DEF/next-melee War Flame promise lacks duration and rider schema"", ""/workspace/guild_of_mystery-campaign/js/engine.js:1230 — active buff is supported, active stat_modifier is absent"", ""/workspace/guild_of_mystery-campaign/js/engine.js:1281 — next_damage_bonus persists on actual caster agent"", ""/workspace/guild_of_mystery-campaign/js/engine.js:921 — basic melee damage has no next_damage_bonus consumption"", ""/workspace/guild_of_mystery-campaign/js/engine.js:1301 — damaging skill consumes token and changes primary multiplier"", ""/workspace/guild_of_mystery-campaign/js/v15.js:61 — independent components are not multiplied by changed primary scale"", ""/workspace/guild_of_mystery-campaign/js/engine.js:1109 — current AI damage priority and useful fallback support permit actual casts"", ""/workspace/game-audit/phase3/abyss-red-probes.json — actual normalized passive/cast, cost/expiry and seeded battle probes""]","Concrete choices needed before rule correction: melee eligibility (unarmed/melee-weapon basics only, or those plus tagged Physical skills); War Flame calculation (separate1.8 × ATK/hybrid fire rider, or2.8× whole next hit with Fire conversion); DEF scope (ordinary shared DEF or Physical-only DEF); buff/token expiry (two holder turns via existing default, until next eligible hit, or battle-long). Missing DEF can use a timed buff hook once its scope/duration is settled. Do not invent those values or replace the printed promise with the accidental current skill-only behavior.","[""Recommended semantics if the promised melee/Fire rule is approved: ordinary DEF+30% for two holder turns using the existing buff duration default; empower the next successful unarmed/melee-weapon basic strike with a separate 180% agility-hybrid Fire rider; keep that token until the next eligible hit within the battle. This requires new delivery/rider support and remains Phase4 without an explicit exception. Alternatives: include tagged Physical skills as eligible melee, make the bonus a 2.8× Fire-converted whole hit, limit token to two holder turns, or add Physical-only DEF. Current data does not settle those choices; do not implement them silently.""]","Preserved current implementation; generated description reflects actual effects, numbers and durations; verified on both teams.","Lore/scope expansion remains deferred; original proposal below is evidence, not an implemented rule.",Iron Blood Steel Body — Stores +180% damage for your next landed damaging-skill hit. 50 SP · Cooldown 3 turns.,tests/phase3-actual-casts.test.js + tests/phase3-description-dom.test.js
red_priest,3,war_command,mismatch,mismatch,code_and_generated_description,"War Command costs65 SP/CD3 and promises caster ATK and Speed +25% for two rounds, but authors only buff(atk,.25,duration2). Direct normalized probe has _buffs.atk1.25 with no speed entry and no ally buffs. The existing buff handler accepts arbitrary stat keys and speedFor already reads _buffs.speed, so the promised Speed effect can be added without a new mechanic. The old AI gap is fixed: a seeded sequence3 high-HP battle cast War Command three times among15 caster actions. Numeric duration is two holder turns with self-action grace.","[""/workspace/guild_of_mystery-campaign/data/pathways/red_priest.json:203 — ATK/Speed promise; only ATK effect authored"", ""/workspace/guild_of_mystery-campaign/js/engine.js:1230 — existing timed buff hook can store speed"", ""/workspace/guild_of_mystery-campaign/js/engine.js:814 — shared Speed calculation reads timed speed multiplier"", ""/workspace/guild_of_mystery-campaign/js/engine.js:1216 — support scope defaults to caster"", ""/workspace/guild_of_mystery-campaign/js/engine.js:1058 — AI checks whether pure buff already active"", ""/workspace/guild_of_mystery-campaign/js/engine.js:1113 — latest useful support chosen once ready damage is unavailable"", ""/workspace/guild_of_mystery-campaign/js/engine.js:536 — self-action duration grace"", ""/workspace/game-audit/phase3/abyss-red-probes.json — actual normalized passive/cast, cost/expiry and seeded battle probes""]","Add buff(speed,.25,duration2) through the existing hook beside ATK. Keep self-only scope,65 SP/CD3 and25% coefficients. Generate two caster turns/actions and verify Speed/AV plus actual casts.",[],Corrected existing rule and generated actual numerical description; verified on both teams.,,War Command — +25% ATK for 2 turns; +25% SPEED for 2 turns. 65 SP · Cooldown 3 turns.,tests/phase3-actual-casts.test.js + tests/phase3-description-dom.test.js
red_priest,2,weather_storm,partial,partial,generated_description,"Fire skill costs85 SP/CD4; actual cost/log matched and cooldown stored5. Uses2.7 × (0.85 modified ATK +.55 modified INT), not pure ATK. Direct ATK=INT=100 probe raw378 on each of two living enemies; authored all_enemies scope works, with an independent shared hit roll per target. There is no Wind element, burn or weather payoff beyond flavor.","[""/workspace/guild_of_mystery-campaign/data/pathways/red_priest.json:229 — authored hybrid damage, scope/status/true rules, cost and cooldown"", ""/workspace/guild_of_mystery-campaign/js/data-loader.js:104 — normalizes scale, element/type, formula and independent components"", ""/workspace/guild_of_mystery-campaign/js/v15.js:63 — agility raw base is (0.85 modified ATK + 0.55 modified INT) times scale"", ""/workspace/guild_of_mystery-campaign/data/formulas.json:110 — configured agility coefficients and 22% base DEF bypass"", ""/workspace/guild_of_mystery-campaign/js/engine.js:1223 — shared damaging-skill hit gate also gates hostile effects"", ""/workspace/guild_of_mystery-campaign/js/engine.js:1184 — effective cost is checked, deducted and emitted in the cast receipt"", ""/workspace/guild_of_mystery-campaign/js/engine.js:1123 — all living targetable enemies selected"", ""/workspace/game-audit/phase3/abyss-red-probes.json — actual normalized passive/cast, cost/expiry and seeded battle probes""]","Generate2.7 × (0.85 ATK +.55 INT) Fire damage to all enemies. Wind/weather stays flavor; new burn, chaos, war-momentum and team mechanics belong to Phase4.",[],"Preserved current implementation; generated description reflects actual effects, numbers and durations; verified on both teams.",,"Weather Storm — Targets all enemies; Deals 270% × (85% ATK + 55% INT) Fire damage (22% base DEF bypass); Damage and hostile effects use accuracy and Dodge; critical, authority and defense modifiers still apply. 85 SP · Cooldown 4 turns.",tests/phase3-actual-casts.test.js + tests/phase3-description-dom.test.js
red_priest,1,conqueror_s_march,partial,partial,generated_description,"Fire skill costs100 SP/CD4; actual cost/log matched and cooldown stored5. Uses3.2 × (0.85 modified ATK +.55 modified INT), not pure ATK. Direct ATK=INT=100 probe raw448 and target stunned1. Stun applies only on a successful damaging hit and is subject to mental/status resistance. It expires after one affected-target action; no AoE or ally effect is authored.","[""/workspace/guild_of_mystery-campaign/data/pathways/red_priest.json:253 — authored hybrid damage, scope/status/true rules, cost and cooldown"", ""/workspace/guild_of_mystery-campaign/js/data-loader.js:104 — normalizes scale, element/type, formula and independent components"", ""/workspace/guild_of_mystery-campaign/js/v15.js:63 — agility raw base is (0.85 modified ATK + 0.55 modified INT) times scale"", ""/workspace/guild_of_mystery-campaign/data/formulas.json:110 — configured agility coefficients and 22% base DEF bypass"", ""/workspace/guild_of_mystery-campaign/js/engine.js:1223 — shared damaging-skill hit gate also gates hostile effects"", ""/workspace/guild_of_mystery-campaign/js/engine.js:1184 — effective cost is checked, deducted and emitted in the cast receipt"", ""/workspace/guild_of_mystery-campaign/js/engine.js:1232 — mental/status resistance governs stun"", ""/workspace/guild_of_mystery-campaign/js/engine.js:598 — status expires after victim actions"", ""/workspace/game-audit/phase3/abyss-red-probes.json — actual normalized passive/cast, cost/expiry and seeded battle probes""]",Generate3.2 × (0.85 ATK +.55 INT) Fire damage plus a resistible stun for one affected-target turn on hit.,[],"Preserved current implementation; generated description reflects actual effects, numbers and durations; verified on both teams.",,"Conqueror's March — Deals 320% × (85% ATK + 55% INT) Fire damage (22% base DEF bypass); 100% chance: Stunned (blocks actions) for 1 turn; subject to status resistance and immunity; Damage and hostile effects use accuracy and Dodge; critical, authority and defense modifiers still apply. 100 SP · Cooldown 4 turns.",tests/phase3-actual-casts.test.js + tests/phase3-description-dom.test.js
red_priest,0,war_flame_cataclysm,partial,partial,generated_description,"True skill costs125 SP/CD5; actual cost/log matched and cooldown stored6. Uses4.2 × (0.85 modified ATK +.55 modified INT), not pure ATK. Direct ATK=INT=100 probe raw588. Normalized type/rule true bypasses DEF and elemental resistance, then enters approved shield-first/reduction pipeline. Fire/war flame is flavor here; single selected enemy, no ally effect or burn.","[""/workspace/guild_of_mystery-campaign/data/pathways/red_priest.json:278 — authored hybrid damage, scope/status/true rules, cost and cooldown"", ""/workspace/guild_of_mystery-campaign/js/data-loader.js:104 — normalizes scale, element/type, formula and independent components"", ""/workspace/guild_of_mystery-campaign/js/v15.js:63 — agility raw base is (0.85 modified ATK + 0.55 modified INT) times scale"", ""/workspace/guild_of_mystery-campaign/data/formulas.json:110 — configured agility coefficients and 22% base DEF bypass"", ""/workspace/guild_of_mystery-campaign/js/engine.js:1223 — shared damaging-skill hit gate also gates hostile effects"", ""/workspace/guild_of_mystery-campaign/js/engine.js:1184 — effective cost is checked, deducted and emitted in the cast receipt"", ""/workspace/guild_of_mystery-campaign/js/v15.js:69 — true damage bypasses DEF/resistance"", ""/workspace/guild_of_mystery-campaign/js/engine.js:505 — shield precedes damage reduction"", ""/workspace/game-audit/phase3/abyss-red-probes.json — actual normalized passive/cast, cost/expiry and seeded battle probes""]","Generate4.2 × (0.85 ATK +.55 INT) True damage. Preserve the damage rules and use war-flame wording as flavor; do not add AoE, Fire mitigation or authority mechanics.",[],"Preserved current implementation; generated description reflects actual effects, numbers and durations; verified on both teams.",,"War Flame Cataclysm — Deals 420% × (85% ATK + 55% INT) True damage (ignores DEF and elemental resistance); Damage and hostile effects use accuracy and Dodge; critical, authority and defense modifiers still apply. 125 SP · Cooldown 5 turns.",tests/phase3-actual-casts.test.js + tests/phase3-description-dom.test.js
abyss,9,brutal_strike,partial,partial,generated_description,Physical skill costs 15 SP with authored 1-turn cooldown; actual cast deducted/logged the same cost and stored cooldown 2. Shared hit rules apply; no ally effects. Raw probe 196 at ATK=INT=100; the 15 percentage-point skill DEF bypass adds to the formula's 22% base bypass.,"[""/workspace/guild_of_mystery-campaign/data/pathways/abyss.json:38 — authored damage description, cost, cooldown, formula and effects"", ""/workspace/guild_of_mystery-campaign/js/data-loader.js:104 — normalizes scale, element/type, formula and independent components"", ""/workspace/guild_of_mystery-campaign/js/v15.js:63 — agility raw base is (0.85 modified ATK + 0.55 modified INT) times scale"", ""/workspace/guild_of_mystery-campaign/data/formulas.json:110 — configured agility coefficients and 22% base DEF bypass"", ""/workspace/guild_of_mystery-campaign/js/engine.js:1223 — shared damaging-skill hit gate also gates hostile effects"", ""/workspace/guild_of_mystery-campaign/js/engine.js:1184 — effective cost is checked, deducted and emitted in the cast receipt"", ""/workspace/guild_of_mystery-campaign/js/engine.js:1303 — skill-specific DEF penetration enters the damage formula"", ""/workspace/guild_of_mystery-campaign/js/v15.js:68 — additional bypass stacks with formula bypass"", ""/workspace/game-audit/phase3/abyss-red-probes.json — actual normalized passive/cast, cost/expiry and seeded battle probes""]",Describe 1.4 × (0.85 ATK + 0.55 INT) Physical damage and +15 percentage points of DEF bypass; keep coefficients unchanged.,[],"Preserved current implementation; generated description reflects actual effects, numbers and durations; verified on both teams.",,"Brutal Strike — Deals 140% × (85% ATK + 55% INT) Physical damage (22% base DEF bypass); +15% DEF bypass on this cast; Damage and hostile effects use accuracy and Dodge; critical, authority and defense modifiers still apply. 15 SP · Cooldown 1 turn.",tests/phase3-actual-casts.test.js + tests/phase3-description-dom.test.js
abyss,8,desire_ignition,mismatch,partial,generated_description,"The old surcharge bug is already fixed. Desire Ignition costs 20 SP/CD2, uses 1.2 × (0.85 modified ATK + 0.55 modified INT) Fire damage (raw168 at ATK=INT=100), and applies +30% skill cost for one affected-target action. A real target Brutal Strike with base15 SP requires, pays and logs20 SP; after one target duration tick the penalty clears. Damage and hostile surcharge share the successful-hit gate. No ally effects; strongest surcharge wins rather than stacking.","[""/workspace/guild_of_mystery-campaign/data/pathways/abyss.json:62 — hybrid Fire damage plus +30% surcharge, duration1"", ""/workspace/guild_of_mystery-campaign/js/data-loader.js:104 — normalizes scale, element/type, formula and independent components"", ""/workspace/guild_of_mystery-campaign/js/v15.js:63 — agility raw base is (0.85 modified ATK + 0.55 modified INT) times scale"", ""/workspace/guild_of_mystery-campaign/data/formulas.json:110 — configured agility coefficients and 22% base DEF bypass"", ""/workspace/guild_of_mystery-campaign/js/engine.js:1223 — shared damaging-skill hit gate also gates hostile effects"", ""/workspace/guild_of_mystery-campaign/js/engine.js:1184 — effective cost is checked, deducted and emitted in the cast receipt"", ""/workspace/guild_of_mystery-campaign/js/engine.js:1043 — one rounded effective-cost function governs readiness"", ""/workspace/guild_of_mystery-campaign/js/engine.js:1255 — target surcharge and duration are stored"", ""/workspace/guild_of_mystery-campaign/js/engine.js:1336 — target multiplier synchronizes to actual casting agent"", ""/workspace/guild_of_mystery-campaign/js/engine.js:1388 — penalty expires after affected-unit actions"", ""/workspace/game-audit/phase3/abyss-red-probes.json — actual normalized passive/cast, cost/expiry and seeded battle probes""]",Generate the hybrid formula and state +30% skill SP cost for one affected-target turn. Retain the corrected readiness/deduction/log pipeline; no further surcharge repair is needed.,[],"Preserved current implementation; generated description reflects actual effects, numbers and durations; verified on both teams.",,"Desire Ignition — Deals 120% × (85% ATK + 55% INT) Fire damage (22% base DEF bypass); Increases target skill SP costs by 30% for 1 turns; Damage and hostile effects use accuracy and Dodge; critical, authority and defense modifiers still apply. 20 SP · Cooldown 2 turns.",tests/phase3-actual-casts.test.js + tests/phase3-description-dom.test.js
abyss,7,devil_s_skin,mismatch,already_fixed,generated_description,"The old fraction/overwrite mismatch is fixed. Normalized Devil's Skin contributes DEF ×1.15 plus15 percentage points Physical and Fire resistance. Default Fire20 + passiveFire15 produces Fire35, Physical15, Magma20, Corrosion10 on both teams. Direct normalized probe confirmed those values. The current label omits its separately authored Physical resistance. Resistance regression suite passes31/31, including fresh generated enemy parity. Passive costs0 SP/CD0 and has no ally scope.","[""/workspace/guild_of_mystery-campaign/data/pathways/abyss.json:95 — passive DEF +15% and Physical/Fire resistance15 points"", ""/workspace/guild_of_mystery-campaign/js/engine.js:788 — passive DEF modifier works"", ""/workspace/guild_of_mystery-campaign/js/engine.js:791 — canonical passive resistance grants add"", ""/workspace/guild_of_mystery-campaign/js/engine.js:777 — defaults and passive grants merge additively"", ""/workspace/guild_of_mystery-campaign/data/balance.json:791 — innate Abyss Fire20/Magma20/Corrosion10"", ""/workspace/guild_of_mystery-campaign/js/v15.js:85 — mitigation reads percentage points"", ""/workspace/guild_of_mystery-campaign/tests/phase1-progression-resistance.test.js:74 — same totals for fresh generated enemies"", ""/workspace/game-audit/phase3/abyss-red-probes.json — actual normalized passive/cast, cost/expiry and seeded battle probes""]","Retain corrected resistance rules. Generate separate +15% DEF, +15-point Physical resistance and +15-point Fire resistance contributions, optionally displaying Fire35% including its20% pathway baseline.",[],"Preserved current implementation; generated description reflects actual effects, numbers and durations; verified on both teams.",,"Devil's Skin — +15% DEF; +15% Physical direct-damage resistance, +15% Fire direct-damage resistance. Passive.",tests/phase3-actual-casts.test.js + tests/phase3-description-dom.test.js
abyss,6,magma_arrow,partial,partial,generated_description,"Magma skill costs 35 SP with authored 2-turn cooldown; actual cast deducted/logged the same cost and stored cooldown 3. Shared hit rules apply; no ally effects. Raw probe 224 at ATK=INT=100; normalized element is magma only, not Fire/Magma. Projectile is flavor with no projectile classification.","[""/workspace/guild_of_mystery-campaign/data/pathways/abyss.json:119 — authored damage description, cost, cooldown, formula and effects"", ""/workspace/guild_of_mystery-campaign/js/data-loader.js:104 — normalizes scale, element/type, formula and independent components"", ""/workspace/guild_of_mystery-campaign/js/v15.js:63 — agility raw base is (0.85 modified ATK + 0.55 modified INT) times scale"", ""/workspace/guild_of_mystery-campaign/data/formulas.json:110 — configured agility coefficients and 22% base DEF bypass"", ""/workspace/guild_of_mystery-campaign/js/engine.js:1223 — shared damaging-skill hit gate also gates hostile effects"", ""/workspace/guild_of_mystery-campaign/js/engine.js:1184 — effective cost is checked, deducted and emitted in the cast receipt"", ""/workspace/game-audit/phase3/abyss-red-probes.json — actual normalized passive/cast, cost/expiry and seeded battle probes""]",Describe 1.6 × (0.85 ATK + 0.55 INT) Magma damage. Retain projectile as flavor; do not invent dual-element or projectile-counter rules.,[],"Preserved current implementation; generated description reflects actual effects, numbers and durations; verified on both teams.",,"Magma Arrow — Deals 160% × (85% ATK + 55% INT) Magma damage (22% base DEF bypass); Damage and hostile effects use accuracy and Dodge; critical, authority and defense modifiers still apply. 35 SP · Cooldown 2 turns.",tests/phase3-actual-casts.test.js + tests/phase3-description-dom.test.js
abyss,5,corrupted_flesh,aligned,aligned,generated_description,"Corrupted Flesh costs45 SP/CD3 and heals the caster for15% Max HP, capped to missing HP. Direct cast with MaxHP10000 and HP5000 restored1500 to6500; there is no INT bonus (multiplier0), enemy effect or ally healing. Healing is blocked by living no_heal; selector avoids prohibited pure healing.","[""/workspace/guild_of_mystery-campaign/data/pathways/abyss.json:137 — 15% Max HP healing effect; multiplier0"", ""/workspace/guild_of_mystery-campaign/js/engine.js:1216 — support scope defaults to caster"", ""/workspace/guild_of_mystery-campaign/js/engine.js:1229 — heal amount uses target Max HP and actual capped recovery"", ""/workspace/guild_of_mystery-campaign/js/engine.js:462 — living recovery observes no_heal"", ""/workspace/guild_of_mystery-campaign/js/engine.js:1056 — AI avoids prohibited/useless pure heal"", ""/workspace/guild_of_mystery-campaign/js/engine.js:1184 — cost45 is deducted and logged"", ""/workspace/game-audit/phase3/abyss-red-probes.json — actual normalized passive/cast, cost/expiry and seeded battle probes""]","Retain the existing rule and15% Max HP description. Do not add flesh inventory, consumption requirements or a new heal loop in Phase3.",[],"Preserved current implementation; generated description reflects actual effects, numbers and durations; verified on both teams.",,"Corrupted Flesh — Immediately restores 15% Max HP HP, capped at Max HP. 45 SP · Cooldown 3 turns.",tests/phase3-actual-casts.test.js + tests/phase3-description-dom.test.js
abyss,4,desire_ignition_burst,mismatch,partial,generated_description,"The old surcharge bug is already fixed. Desire Ignition Burst costs50 SP/CD3 and deals1.8 × (0.85 modified ATK +0.55 modified INT) Magma damage (raw252 at ATK=INT=100). +50% cost lasts two affected-target actions. A target base15-SP Brutal Strike requires/pays/logs23 after rounding; duration ticks yielded (1,.5), then(0,0). Damage and hostile surcharge both require a successful hit. No ally effects; weaker +30% does not stack with +50%.","[""/workspace/guild_of_mystery-campaign/data/pathways/abyss.json:163 — hybrid Magma damage, +50% cost, duration2"", ""/workspace/guild_of_mystery-campaign/js/data-loader.js:104 — normalizes scale, element/type, formula and independent components"", ""/workspace/guild_of_mystery-campaign/js/v15.js:63 — agility raw base is (0.85 modified ATK + 0.55 modified INT) times scale"", ""/workspace/guild_of_mystery-campaign/data/formulas.json:110 — configured agility coefficients and 22% base DEF bypass"", ""/workspace/guild_of_mystery-campaign/js/engine.js:1223 — shared damaging-skill hit gate also gates hostile effects"", ""/workspace/guild_of_mystery-campaign/js/engine.js:1184 — effective cost is checked, deducted and emitted in the cast receipt"", ""/workspace/guild_of_mystery-campaign/js/engine.js:1043 — rounded effective cost used for readiness"", ""/workspace/guild_of_mystery-campaign/js/engine.js:1255 — strongest target surcharge with declared duration"", ""/workspace/guild_of_mystery-campaign/js/engine.js:1388 — expiry after two affected-unit actions"", ""/workspace/game-audit/phase3/abyss-red-probes.json — actual normalized passive/cast, cost/expiry and seeded battle probes""]",Generate the hybrid damage formula and +50% target skill SP cost for two affected-target turns. Retain the already-correct effective-cost pipeline; do not rebalance costs or add desire meter mechanics.,[],"Preserved current implementation; generated description reflects actual effects, numbers and durations; verified on both teams.",,"Desire Ignition Burst — Deals 180% × (85% ATK + 55% INT) Magma damage (22% base DEF bypass); Increases target skill SP costs by 50% for 2 turns; Damage and hostile effects use accuracy and Dodge; critical, authority and defense modifiers still apply. 50 SP · Cooldown 3 turns.",tests/phase3-actual-casts.test.js + tests/phase3-description-dom.test.js
abyss,3,devil_mutation,aligned,aligned,generated_description,"Devil Mutation costs65 SP/CD4 and applies caster-only ATK ×1.25 and DEF ×1.20 for two holder actions. Direct probe found both _buffs and no ally buffs. These multiply inherited passives (Devil Skin DEF ×1.15 gives totalDEF ×1.38). Numerical duration now follows approved affected-unit turns, including expiry grace if applied during that unit's current action. Archdemon transformation is flavor in this ability; it does not invoke mythical form.","[""/workspace/guild_of_mystery-campaign/data/pathways/abyss.json:188 — caster ATK25%/DEF20% buffs with duration2"", ""/workspace/guild_of_mystery-campaign/js/engine.js:1216 — default support target is caster"", ""/workspace/guild_of_mystery-campaign/js/engine.js:1230 — both buff effects become timed holders"", ""/workspace/guild_of_mystery-campaign/js/engine.js:536 — self-cast effects receive current-action grace"", ""/workspace/guild_of_mystery-campaign/js/engine.js:563 — holder-action expiry"", ""/workspace/guild_of_mystery-campaign/js/engine.js:796 — timed buffs multiply inherited passive stats"", ""/workspace/guild_of_mystery-campaign/js/engine.js:1455 — durations tick on the affected unit action"", ""/workspace/game-audit/phase3/abyss-red-probes.json — actual normalized passive/cast, cost/expiry and seeded battle probes""]",Retain both buffs and their coefficients. Regenerate wording as two caster turns/actions rather than global rounds; leave new transformation mechanics to Phase4.,[],"Preserved current implementation; generated description reflects actual effects, numbers and durations; verified on both teams.",,Devil Mutation — +25% ATK for 2 turns; +20% DEF for 2 turns. 65 SP · Cooldown 4 turns.,tests/phase3-actual-casts.test.js + tests/phase3-description-dom.test.js
abyss,2,foul_corruption,partial,partial,generated_description,"Magma skill costs 85 SP with authored 4-turn cooldown; actual cast deducted/logged the same cost and stored cooldown 5. Shared hit rules apply; no ally effects. Raw probe 378 at ATK=INT=100; single selected enemy, no corruption/debuff payoff authored.","[""/workspace/guild_of_mystery-campaign/data/pathways/abyss.json:220 — authored damage description, cost, cooldown, formula and effects"", ""/workspace/guild_of_mystery-campaign/js/data-loader.js:104 — normalizes scale, element/type, formula and independent components"", ""/workspace/guild_of_mystery-campaign/js/v15.js:63 — agility raw base is (0.85 modified ATK + 0.55 modified INT) times scale"", ""/workspace/guild_of_mystery-campaign/data/formulas.json:110 — configured agility coefficients and 22% base DEF bypass"", ""/workspace/guild_of_mystery-campaign/js/engine.js:1223 — shared damaging-skill hit gate also gates hostile effects"", ""/workspace/guild_of_mystery-campaign/js/engine.js:1184 — effective cost is checked, deducted and emitted in the cast receipt"", ""/workspace/game-audit/phase3/abyss-red-probes.json — actual normalized passive/cast, cost/expiry and seeded battle probes""]",Describe 2.7 × (0.85 ATK + 0.55 INT) Magma damage. New desire/debuff suffering payoffs and meter behavior remain Phase 4.,[],"Preserved current implementation; generated description reflects actual effects, numbers and durations; verified on both teams.",,"Foul Corruption — Deals 270% × (85% ATK + 55% INT) Magma damage (22% base DEF bypass); Damage and hostile effects use accuracy and Dodge; critical, authority and defense modifiers still apply. 85 SP · Cooldown 4 turns.",tests/phase3-actual-casts.test.js + tests/phase3-description-dom.test.js
abyss,1,abyssal_emperor,partial,partial,generated_description,Magma skill costs 100 SP with authored 4-turn cooldown; actual cast deducted/logged the same cost and stored cooldown 5. Shared hit rules apply; no ally effects. Raw probe 462 at ATK=INT=100; single selected enemy.,"[""/workspace/guild_of_mystery-campaign/data/pathways/abyss.json:238 — authored damage description, cost, cooldown, formula and effects"", ""/workspace/guild_of_mystery-campaign/js/data-loader.js:104 — normalizes scale, element/type, formula and independent components"", ""/workspace/guild_of_mystery-campaign/js/v15.js:63 — agility raw base is (0.85 modified ATK + 0.55 modified INT) times scale"", ""/workspace/guild_of_mystery-campaign/data/formulas.json:110 — configured agility coefficients and 22% base DEF bypass"", ""/workspace/guild_of_mystery-campaign/js/engine.js:1223 — shared damaging-skill hit gate also gates hostile effects"", ""/workspace/guild_of_mystery-campaign/js/engine.js:1184 — effective cost is checked, deducted and emitted in the cast receipt"", ""/workspace/game-audit/phase3/abyss-red-probes.json — actual normalized passive/cast, cost/expiry and seeded battle probes""]",Describe 3.3 × (0.85 ATK + 0.55 INT) Magma damage; keep the intentional hybrid formula.,[],"Preserved current implementation; generated description reflects actual effects, numbers and durations; verified on both teams.",,"Abyssal Emperor — Deals 330% × (85% ATK + 55% INT) Magma damage (22% base DEF bypass); Damage and hostile effects use accuracy and Dodge; critical, authority and defense modifiers still apply. 100 SP · Cooldown 4 turns.",tests/phase3-actual-casts.test.js + tests/phase3-description-dom.test.js
abyss,0,monarch_of_magma,partial,partial,generated_description,"True skill costs 125 SP with authored 5-turn cooldown; actual cast deducted/logged the same cost and stored cooldown 6. Shared hit rules apply; no ally effects. Raw probe 588 at ATK=INT=100; normalized type/rule is true and bypasses DEF and elemental resistance, then uses the approved shield-first/reduction pipeline. Magma is flavor, not a separate incoming element.","[""/workspace/guild_of_mystery-campaign/data/pathways/abyss.json:256 — authored damage description, cost, cooldown, formula and effects"", ""/workspace/guild_of_mystery-campaign/js/data-loader.js:104 — normalizes scale, element/type, formula and independent components"", ""/workspace/guild_of_mystery-campaign/js/v15.js:63 — agility raw base is (0.85 modified ATK + 0.55 modified INT) times scale"", ""/workspace/guild_of_mystery-campaign/data/formulas.json:110 — configured agility coefficients and 22% base DEF bypass"", ""/workspace/guild_of_mystery-campaign/js/engine.js:1223 — shared damaging-skill hit gate also gates hostile effects"", ""/workspace/guild_of_mystery-campaign/js/engine.js:1184 — effective cost is checked, deducted and emitted in the cast receipt"", ""/workspace/guild_of_mystery-campaign/js/v15.js:69 — true damage bypasses DEF/resistance"", ""/workspace/guild_of_mystery-campaign/js/engine.js:505 — shield absorbs before damage reduction"", ""/workspace/game-audit/phase3/abyss-red-probes.json — actual normalized passive/cast, cost/expiry and seeded battle probes""]",Describe 4.2 × (0.85 ATK + 0.55 INT) True damage. Magma/hellfire may remain flavor; do not add elemental mitigation or new authority mechanics.,[],"Preserved current implementation; generated description reflects actual effects, numbers and durations; verified on both teams.",,"Monarch of Magma — Deals 420% × (85% ATK + 55% INT) True damage (ignores DEF and elemental resistance); Damage and hostile effects use accuracy and Dodge; critical, authority and defense modifiers still apply. 125 SP · Cooldown 5 turns.",tests/phase3-actual-casts.test.js + tests/phase3-description-dom.test.js
black_emperor,9,exploit_loophole,partial,partial,generated_description,True,"[""Normalized steal_stat(def,.1,2) gives target DEF x.9 and caster own DEF x1.1, not a numeric transfer. Unequal-stat probe: target DEF400 loses40; caster DEF100 gains10."", ""/workspace/guild_of_mystery-campaign/data/pathways/black_emperor.json:32 authoritative ability; /workspace/guild_of_mystery-campaign/js/node-loader.js:19 normalized damage/effects"", ""/workspace/guild_of_mystery-campaign/js/engine.js:1257"", ""/workspace/guild_of_mystery-campaign/js/engine.js:535"", ""/workspace/guild_of_mystery-campaign/js/engine.js:549"", ""/workspace/game-audit/phase3/authority-probes.json: rows ability=exploit_loophole; actual normalized cast/passive check at HEAD783ebb3; definitionsUnchanged=true""]","Describe a two-action 10% target DEF debuff and 10% self DEF buff, retaining loophole/theft flavor. Numeric DEF transfer is different scaling and belongs to Phase4.",false,"Preserved current implementation; generated description reflects actual effects, numbers and durations; verified on both teams.",,Exploit Loophole — Lowers target DEF by 10% and raises your own DEF by 10% for 2 turns. 15 SP · Cooldown 2 turns.,tests/phase3-actual-casts.test.js + tests/phase3-description-dom.test.js
black_emperor,8,barbaric_physique,partial,partial,generated_description,True,"[""Passive stat_modifier yields DEF1.1 and HP1.12; common DEF mitigates all non-true damage types, not Physical only. Actor probe maxHP112000 from100000."", ""/workspace/guild_of_mystery-campaign/data/pathways/black_emperor.json:58 authoritative ability; /workspace/guild_of_mystery-campaign/js/node-loader.js:19 normalized damage/effects"", ""/workspace/guild_of_mystery-campaign/js/engine.js:788"", ""/workspace/guild_of_mystery-campaign/js/engine.js:370"", ""/workspace/guild_of_mystery-campaign/js/v15.js:79"", ""/workspace/game-audit/phase3/authority-probes.json: rows ability=barbaric_physique; actual normalized cast/passive check at HEAD783ebb3; definitionsUnchanged=true""]",Generate +12% Max HP and +10% DEF; preserve Barbaric Physique flavor. Do not create physical-only armor or rebalance.,false,"Preserved current implementation; generated description reflects actual effects, numbers and durations; verified on both teams.",,Barbaric Physique — +10% DEF; +12% Max HP. Passive.,tests/phase3-actual-casts.test.js + tests/phase3-description-dom.test.js
black_emperor,7,bribe_weakening,aligned,aligned,generated_description,True,"[""Normalized debuff(atk,.2,2) applies only to selected target, which receives ATK x.8 for two holder actions; second foe unchanged."", ""/workspace/guild_of_mystery-campaign/data/pathways/black_emperor.json:88 authoritative ability; /workspace/guild_of_mystery-campaign/js/node-loader.js:19 normalized damage/effects"", ""/workspace/guild_of_mystery-campaign/js/engine.js:1231"", ""/workspace/guild_of_mystery-campaign/js/engine.js:534"", ""/workspace/guild_of_mystery-campaign/js/engine.js:563"", ""/workspace/game-audit/phase3/authority-probes.json: rows ability=bribe_weakening; actual normalized cast/passive check at HEAD783ebb3; definitionsUnchanged=true""]",Retain mechanic and lore; generated shared details should say selected enemy and two target actions instead of ambiguous global rounds.,false,"Preserved current implementation; generated description reflects actual effects, numbers and durations; verified on both teams.",,Bribe Weakening — Enemy ATK −20% for 2 turns. 25 SP · Cooldown 2 turns.,tests/phase3-actual-casts.test.js + tests/phase3-description-dom.test.js
black_emperor,6,distort_impact,aligned,aligned,generated_description,True,"[""damage_taken -.4 next_turn creates self dtm.6 until next turn starts; shared incoming damage covers direct, true and periodic damage after shield absorption."", ""/workspace/guild_of_mystery-campaign/data/pathways/black_emperor.json:114 authoritative ability; /workspace/guild_of_mystery-campaign/js/node-loader.js:19 normalized damage/effects"", ""/workspace/guild_of_mystery-campaign/js/engine.js:1274"", ""/workspace/guild_of_mystery-campaign/js/engine.js:529"", ""/workspace/guild_of_mystery-campaign/js/engine.js:505"", ""/workspace/guild_of_mystery-campaign/js/engine.js:581"", ""/workspace/game-audit/phase3/authority-probes.json: rows ability=distort_impact; actual normalized cast/passive check at HEAD783ebb3; definitionsUnchanged=true""]",Describe 40% incoming damage reduction until the caster next acts; applies after shields and includes DoT under the approved pipeline.,false,"Preserved current implementation; generated description reflects actual effects, numbers and durations; verified on both teams.",,Distort Impact — Reduces incoming all damage by 40% until your next turn after shields. 35 SP · Cooldown 2 turns.,tests/phase3-actual-casts.test.js + tests/phase3-description-dom.test.js
black_emperor,5,order_distortion,partial,partial,generated_description,True,"[""Shared forced miss now affects next damaging basic/skill action. The hit uses agility hybrid(0.85ATK+.55INT)x1.5 and Physical damage, rather than pureATK."", ""/workspace/guild_of_mystery-campaign/data/pathways/black_emperor.json:139 authoritative ability; /workspace/guild_of_mystery-campaign/js/node-loader.js:19 normalized damage/effects"", ""/workspace/guild_of_mystery-campaign/js/engine.js:1266"", ""/workspace/guild_of_mystery-campaign/js/engine.js:1220"", ""/workspace/guild_of_mystery-campaign/js/engine.js:1223"", ""/workspace/guild_of_mystery-campaign/js/v15.js:63"", ""/workspace/game-audit/phase3/authority-probes.json: rows ability=order_distortion; actual normalized cast/passive check at HEAD783ebb3; definitionsUnchanged=true""]",Generate selected-enemy Physical damage at150% agility hybrid plus next damaging action forced to miss. Keep hybrid coefficients unchanged.,false,"Preserved current implementation; generated description reflects actual effects, numbers and durations; verified on both teams.",,"Order Distortion — Deals 150% × (85% ATK + 55% INT) Physical damage (22% base DEF bypass); Forces the target's next damaging action to miss with 100% chance; Damage and hostile effects use accuracy and Dodge; critical, authority and defense modifiers still apply. 45 SP · Cooldown 3 turns.",tests/phase3-actual-casts.test.js + tests/phase3-description-dom.test.js
black_emperor,4,magnify_disorder,mismatch,mismatch,generated_description,True,"[""Normalized cooldown_increase(amount1,duration1) only applies future skill-CD penalty. Probe leaves ready paper_card_dagger0 and existing thread_binding3 unchanged; sets penalty1 for one holder action. Damage is1.8 agility hybrid/Disorder."", ""/workspace/guild_of_mystery-campaign/data/pathways/black_emperor.json:163 authoritative ability; /workspace/guild_of_mystery-campaign/js/node-loader.js:19 normalized damage/effects"", ""/workspace/guild_of_mystery-campaign/js/engine.js:1256"", ""/workspace/guild_of_mystery-campaign/js/engine.js:1188"", ""/workspace/guild_of_mystery-campaign/js/engine.js:1388"", ""/workspace/guild_of_mystery-campaign/js/v15.js:63"", ""/workspace/game-audit/phase3/authority-probes.json: rows ability=magnify_disorder; actual normalized cast/passive check at HEAD783ebb3; definitionsUnchanged=true""]","Recommend describing +1 to cooldown assigned by the target's next-action skill and180% agility-hybrid Disorder damage in Phase3. If enforcing authored immediate lock instead, approve a policy: set each ready active CD to1 and retain existing counters, or add1 to every active CD. Do not invent a multi-round disable.",true,"Preserved current implementation; generated description reflects actual effects, numbers and durations; verified on both teams.","Lore/scope expansion remains deferred; original proposal below is evidence, not an implemented rule.","Magnify Disorder — Deals 180% × (85% ATK + 55% INT) Disorder damage (22% base DEF bypass); Adds 1 turn to newly assigned target skill cooldowns for 1 turns; Damage and hostile effects use accuracy and Dodge; critical, authority and defense modifiers still apply. 50 SP · Cooldown 3 turns.",tests/phase3-actual-casts.test.js + tests/phase3-description-dom.test.js
black_emperor,3,chaos_field,mismatch,already_fixed,generated_description,True,"[""Misfire chance is read only from caster existing _skillMisfireChance; outgoing .3 payload no longer makes caster fail. Low-RNG actual cast affects both foes .3 for2 actions with caster0."", ""/workspace/guild_of_mystery-campaign/data/pathways/black_emperor.json:188 authoritative ability; /workspace/guild_of_mystery-campaign/js/node-loader.js:19 normalized damage/effects"", ""/workspace/guild_of_mystery-campaign/js/engine.js:1200"", ""/workspace/guild_of_mystery-campaign/js/engine.js:1215"", ""/workspace/guild_of_mystery-campaign/js/engine.js:1235"", ""/workspace/game-audit/phase3/authority-probes.json: rows ability=chaos_field; actual normalized cast/passive check at HEAD783ebb3; definitionsUnchanged=true""]",Keep30% hostile skill misfire aura; generate all-enemies scope and two target actions. Existing hostile disorder can still legitimately misfire this cast.,false,"Preserved current implementation; generated description reflects actual effects, numbers and durations; verified on both teams.",,Chaos Field — Targets all enemies; Target skills have a 30% misfire chance for 2 turns; SP and cooldown are still spent. 65 SP · Cooldown 4 turns.,tests/phase3-actual-casts.test.js + tests/phase3-description-dom.test.js
black_emperor,2,entropy_crush,partial,partial,generated_description,True,"[""Normalized damage is2.7 empowered_hybrid_agility, elemental Disorder only. Loader emits elements[disorder]; no Physical/Disorder blend exists."", ""/workspace/guild_of_mystery-campaign/data/pathways/black_emperor.json:217 authoritative ability; /workspace/guild_of_mystery-campaign/js/node-loader.js:19 normalized damage/effects"", ""/workspace/guild_of_mystery-campaign/js/node-loader.js:19"", ""/workspace/guild_of_mystery-campaign/js/v15.js:63"", ""/workspace/guild_of_mystery-campaign/js/v15.js:75"", ""/workspace/game-audit/phase3/authority-probes.json: rows ability=entropy_crush; actual normalized cast/passive check at HEAD783ebb3; definitionsUnchanged=true""]",Describe selected-enemy270% agility hybrid(0.85ATK+.55INT) Disorder damage; keep Physical as lore only if clearly separated. No coefficient or resistance rebalancing.,false,"Preserved current implementation; generated description reflects actual effects, numbers and durations; verified on both teams.",,"Entropy Crush — Deals 270% × (85% ATK + 55% INT) Disorder damage (22% base DEF bypass); Damage and hostile effects use accuracy and Dodge; critical, authority and defense modifiers still apply. 85 SP · Cooldown 4 turns.",tests/phase3-actual-casts.test.js + tests/phase3-description-dom.test.js
black_emperor,1,abolish_rules,partial,partial,generated_description,True,"[""Selected target stat-buff category, guarded/evade and numeric shield are removed before hit, matching status-shield abolition. Damage is3.2 agility hybrid Physical. Reflection/form/outgoing modifiers survive."", ""/workspace/guild_of_mystery-campaign/data/pathways/black_emperor.json:235 authoritative ability; /workspace/guild_of_mystery-campaign/js/node-loader.js:19 normalized damage/effects"", ""/workspace/guild_of_mystery-campaign/js/engine.js:1226"", ""/workspace/guild_of_mystery-campaign/js/v15.js:63"", ""/workspace/guild_of_mystery-campaign/js/engine.js:1215"", ""/workspace/game-audit/phase3/authority-probes.json: rows ability=abolish_rules; actual normalized cast/passive check at HEAD783ebb3; definitionsUnchanged=true""]",Generate selected-target320% agility hybrid Physical damage and precise dispel list. Retain Abolish Rules name; broader rule abolition is Phase4.,false,"Preserved current implementation; generated description reflects actual effects, numbers and durations; verified on both teams.",,"Abolish Rules — Deals 320% × (85% ATK + 55% INT) Physical damage (22% base DEF bypass); Removes current stat buffs, Guarded, Evade and shields; Damage and hostile effects use accuracy and Dodge; critical, authority and defense modifiers still apply. 100 SP · Cooldown 4 turns.",tests/phase3-actual-casts.test.js + tests/phase3-description-dom.test.js
black_emperor,0,shadow_re_establishment,partial,partial,generated_description,True,"[""All-enemy4.2 agility hybrid True hit bypasses DEF/resistance, with no heal/revival/order persistence. Actual probe hits both foes for588 raw; survival metadata falsely calls skill[Heal]."", ""/workspace/guild_of_mystery-campaign/data/pathways/black_emperor.json:258 authoritative ability; /workspace/guild_of_mystery-campaign/js/node-loader.js:19 normalized damage/effects"", ""/workspace/guild_of_mystery-campaign/js/v15.js:63"", ""/workspace/guild_of_mystery-campaign/js/v15.js:69"", ""/workspace/guild_of_mystery-campaign/js/engine.js:1215"", ""/workspace/guild_of_mystery-campaign/data/pathways/black_emperor.json:11"", ""/workspace/game-audit/phase3/authority-probes.json: rows ability=shadow_re_establishment; actual normalized cast/passive check at HEAD783ebb3; definitionsUnchanged=true""]",Generate420% agility hybrid True damage to all enemies; remove false[Heal] survival label and retain imperial re-establishment as flavor. Persistent rule/order resurrection stays Phase4.,false,"Preserved current implementation; generated description reflects actual effects, numbers and durations; verified on both teams.",,"Shadow Re-establishment — Targets all enemies; Deals 420% × (85% ATK + 55% INT) True damage (ignores DEF and elemental resistance); Damage and hostile effects use accuracy and Dodge; critical, authority and defense modifiers still apply. 125 SP · Cooldown 5 turns.",tests/phase3-actual-casts.test.js + tests/phase3-description-dom.test.js
justiciar,9,deterrent_aura,partial,partial,generated_description,True,"[""Passive effect list gives DEF1.1 only. Baseline resistance is Piercing15; no Psychic resistance is encoded or earned."", ""/workspace/guild_of_mystery-campaign/data/pathways/justiciar.json:32 authoritative ability; /workspace/guild_of_mystery-campaign/js/node-loader.js:19 normalized damage/effects"", ""/workspace/guild_of_mystery-campaign/js/engine.js:788"", ""/workspace/guild_of_mystery-campaign/js/engine.js:778"", ""/workspace/guild_of_mystery-campaign/data/balance.json:833"", ""/workspace/game-audit/phase3/authority-probes.json: rows ability=deterrent_aura; actual normalized cast/passive check at HEAD783ebb3; definitionsUnchanged=true""]",Describe +10% DEF; retain deterrence/judgment flavor. Psychic resistance has no approved amount and should not be invented; optional explicit Psychic resistance is Phase4.,false,"Preserved current implementation; generated description reflects actual effects, numbers and durations; verified on both teams.",,Deterrent Aura — +10% DEF. Passive.,tests/phase3-actual-casts.test.js + tests/phase3-description-dom.test.js
justiciar,8,fines_penalties,partial,partial,generated_description,True,"[""SP drain now writes persistent getCombatAgent(target).sp and target alias consistently. Actual cast drains10SP only from selected foe. Damage remains1.3 physical hybrid(1.05ATK+.30INT), Piercing."", ""/workspace/guild_of_mystery-campaign/data/pathways/justiciar.json:57 authoritative ability; /workspace/guild_of_mystery-campaign/js/node-loader.js:19 normalized damage/effects"", ""/workspace/guild_of_mystery-campaign/js/engine.js:1254"", ""/workspace/guild_of_mystery-campaign/js/engine.js:378"", ""/workspace/guild_of_mystery-campaign/js/v15.js:62"", ""/workspace/game-audit/phase3/authority-probes.json: rows ability=fines_penalties; actual normalized cast/passive check at HEAD783ebb3; definitionsUnchanged=true""]",Generate130% physical-hybrid Piercing damage and up to10SP drain on a hit; retain Phase1 resource fix and hybrid coefficients.,false,"Preserved current implementation; generated description reflects actual effects, numbers and durations; verified on both teams.",,"Fines & Penalties — Deals 130% × (105% ATK + 30% INT) Piercing damage (22% base DEF bypass); Immediately drains up to 10 target SP; Damage and hostile effects use accuracy and Dodge; critical, authority and defense modifiers still apply. 15 SP · Cooldown 2 turns.",tests/phase3-actual-casts.test.js + tests/phase3-description-dom.test.js
justiciar,7,prohibition_barrier,aligned,aligned,generated_description,True,"[""Self shield encodes maxHpRatio.2; actual cast grants20000 at MaxHP100000. Shield replaces pool only if stronger, obeys no_shield and absorbs incoming damage before reduction."", ""/workspace/guild_of_mystery-campaign/data/pathways/justiciar.json:81 authoritative ability; /workspace/guild_of_mystery-campaign/js/node-loader.js:19 normalized damage/effects"", ""/workspace/guild_of_mystery-campaign/js/engine.js:1228"", ""/workspace/guild_of_mystery-campaign/js/engine.js:468"", ""/workspace/guild_of_mystery-campaign/js/engine.js:471"", ""/workspace/guild_of_mystery-campaign/js/engine.js:505"", ""/workspace/game-audit/phase3/authority-probes.json: rows ability=prohibition_barrier; actual normalized cast/passive check at HEAD783ebb3; definitionsUnchanged=true""]",Keep20% MaxHP shield and prohibition-barrier lore; show self target and nonstacking pool semantics in generated mechanics.,false,"Preserved current implementation; generated description reflects actual effects, numbers and durations; verified on both teams.",,Prohibition Barrier — Grants a 20% Max HP shield; lasts until depleted or dispelled. 25 SP · Cooldown 3 turns.,tests/phase3-actual-casts.test.js + tests/phase3-description-dom.test.js
justiciar,6,interdiction_zone,mismatch,mismatch,code_and_generated_description,True,"[""movement_block2 adds root; neither abilityReady nor chooseStructuredAbility nor powerEffect checks root against Escape tags. Real rooted Demoness AI still casts Escape-tagged Affliction Thread. Interdiction itself is wrongly Escape-tagged."", ""/workspace/guild_of_mystery-campaign/data/pathways/justiciar.json:106 authoritative ability; /workspace/guild_of_mystery-campaign/js/node-loader.js:19 normalized damage/effects"", ""/workspace/guild_of_mystery-campaign/js/engine.js:1269"", ""/workspace/guild_of_mystery-campaign/js/engine.js:1044"", ""/workspace/guild_of_mystery-campaign/js/engine.js:1046"", ""/workspace/guild_of_mystery-campaign/js/engine.js:1338"", ""/workspace/game-audit/phase3/authority-probes.json: rows ability=interdiction_zone; actual normalized cast/passive check at HEAD783ebb3; definitionsUnchanged=true""]",Block Escape-tagged active abilities at readiness/selection and actual cast entry while root lasts two target actions; remove this prohibition skill's own Escape tag. Do not infer new movement classes for currently untagged skills.,false,Corrected existing rule and generated actual numerical description; verified on both teams.,,"Interdiction Zone — Applies Root for 2 turns, blocking Escape-tagged skills. 35 SP · Cooldown 3 turns.",tests/phase3-actual-casts.test.js + tests/phase3-description-dom.test.js
justiciar,5,law_enforcement,partial,partial,generated_description,True,"[""Only target _buffs numeric-stat map triggers vulnerability1.2 for2 actions, amplifying this hit and subsequent attacks. Guarded/shield/form/reflect/outgoing bonuses do not trigger. Damage is1.7 physical hybrid/Piercing."", ""/workspace/guild_of_mystery-campaign/data/pathways/justiciar.json:130 authoritative ability; /workspace/guild_of_mystery-campaign/js/node-loader.js:19 normalized damage/effects"", ""/workspace/guild_of_mystery-campaign/js/engine.js:1272"", ""/workspace/guild_of_mystery-campaign/js/engine.js:1304"", ""/workspace/guild_of_mystery-campaign/js/v15.js:62"", ""/workspace/game-audit/phase3/authority-probes.json: rows ability=law_enforcement; actual normalized cast/passive check at HEAD783ebb3; definitionsUnchanged=true""]","Recommend generated description:170% physical-hybrid Piercing damage; if target has a temporary stat buff, +20% damage taken for two target actions. Alternative existing-rule correction: define a shared beneficial-effect catalog and count wards/forms/other positive categories. Single-hit-only bonus would change the encoded duration2 effect and needs a separate choice.",true,"Preserved current implementation; generated description reflects actual effects, numbers and durations; verified on both teams.","Lore/scope expansion remains deferred; original proposal below is evidence, not an implemented rule.","Law Enforcement — Deals 170% × (105% ATK + 30% INT) Piercing damage (22% base DEF bypass); If the target has a stat buff, it takes +20% incoming damage for 2 turns; Damage and hostile effects use accuracy and Dodge; critical, authority and defense modifiers still apply. 45 SP · Cooldown 3 turns.",tests/phase3-actual-casts.test.js + tests/phase3-description-dom.test.js
justiciar,4,imperator_s_decree,partial,partial,generated_description,True,"[""Existing no_heal/no_shield2 are now enforced by living-unit recovery and shield-grant helpers, including basic lifesteal and mythical shield. Approved resurrection exemption works; probe returns heal0/shield0 and ResetFate revive35%. Only remaining row gap is1.7 hybrid vs pureATK."", ""/workspace/guild_of_mystery-campaign/data/pathways/justiciar.json:155 authoritative ability; /workspace/guild_of_mystery-campaign/js/node-loader.js:19 normalized damage/effects"", ""/workspace/guild_of_mystery-campaign/js/engine.js:463"", ""/workspace/guild_of_mystery-campaign/js/engine.js:468"", ""/workspace/guild_of_mystery-campaign/js/engine.js:937"", ""/workspace/guild_of_mystery-campaign/js/v15.js:110"", ""/workspace/guild_of_mystery-campaign/js/v15.js:161"", ""/workspace/game-audit/phase3/authority-probes.json: rows ability=imperator_s_decree; actual normalized cast/passive check at HEAD783ebb3; definitionsUnchanged=true""]",Generate170% physical-hybrid Piercing damage and selected-enemy healing/shield prohibition for two target actions; explicitly retain resurrection exception. Existing categorical guards require no further mechanics.,false,"Preserved current implementation; generated description reflects actual effects, numbers and durations; verified on both teams.",,"Imperator's Decree — Deals 170% × (105% ATK + 30% INT) Piercing damage (22% base DEF bypass); Blocks target living-unit healing for 2 turns; resurrection remains possible; Blocks new target shields for 2 turns; Damage and hostile effects use accuracy and Dodge; critical, authority and defense modifiers still apply. 50 SP · Cooldown 3 turns.",tests/phase3-actual-casts.test.js + tests/phase3-description-dom.test.js
justiciar,3,strict_prohibition,partial,partial,generated_description,True,"[""Generic silenced1 prevents every active ability in readiness/AI, irrespective of damage school or stat. Status application follows mental/status resistance."", ""/workspace/guild_of_mystery-campaign/data/pathways/justiciar.json:183 authoritative ability; /workspace/guild_of_mystery-campaign/js/node-loader.js:19 normalized damage/effects"", ""/workspace/guild_of_mystery-campaign/js/engine.js:1232"", ""/workspace/guild_of_mystery-campaign/js/engine.js:1044"", ""/workspace/guild_of_mystery-campaign/js/engine.js:1047"", ""/workspace/game-audit/phase3/authority-probes.json: rows ability=strict_prohibition; actual normalized cast/passive check at HEAD783ebb3; definitionsUnchanged=true""]","Describe one-target universal active-ability silence for one target action, subject to resistance. Spell-only filtering requires defined spell categories and belongs to Phase4 alongside already-deferred Hermit spell distinctions.",false,"Preserved current implementation; generated description reflects actual effects, numbers and durations; verified on both teams.",,Strict Prohibition — 100% chance: Silenced for 1 turn; subject to status resistance and immunity. 65 SP · Cooldown 4 turns.,tests/phase3-actual-casts.test.js + tests/phase3-description-dom.test.js
justiciar,2,executioner_stance,mismatch,mismatch,code_and_generated_description,True,"[""Actual stance gives ATK1.25 for2 actions but scale.25 causes an unadvertised attack. Since damaging, defense_penetration.3 never becomes _defPenBonus; probe attack total bypass.52, persistentPen0."", ""/workspace/guild_of_mystery-campaign/data/pathways/justiciar.json:208 authoritative ability; /workspace/guild_of_mystery-campaign/js/node-loader.js:19 normalized damage/effects"", ""/workspace/guild_of_mystery-campaign/js/engine.js:1230"", ""/workspace/guild_of_mystery-campaign/js/engine.js:1278"", ""/workspace/guild_of_mystery-campaign/js/engine.js:1337"", ""/workspace/guild_of_mystery-campaign/js/v15.js:43"", ""/workspace/game-audit/phase3/authority-probes.json: rows ability=executioner_stance; actual normalized cast/passive check at HEAD783ebb3; definitionsUnchanged=true""]","Set stance scale0 and persist encoded +30 percentage-point DEF bypass with explicit duration2, alongside existing ATK25% buff. This corrects advertised stance semantics; do not add a new strike, change costs, or rebalance coefficients.",false,Corrected existing rule and generated actual numerical description; verified on both teams.,,Executioner Stance — +25% ATK for 2 turns; +30% DEF bypass for 2 turns. 85 SP · Cooldown 4 turns.,tests/phase3-actual-casts.test.js + tests/phase3-description-dom.test.js
justiciar,1,decree_of_abolition,partial,partial,generated_description,True,"[""No AoE targeting exists: selected enemy only. strip_buffs removes numeric stat buffs, guarded, evade and shield; form, reflect, outgoing/dodge/counter/penetration bonuses survive. Damage is3.2 physical hybrid/Piercing."", ""/workspace/guild_of_mystery-campaign/data/pathways/justiciar.json:238 authoritative ability; /workspace/guild_of_mystery-campaign/js/node-loader.js:19 normalized damage/effects"", ""/workspace/guild_of_mystery-campaign/js/engine.js:1215"", ""/workspace/guild_of_mystery-campaign/js/engine.js:1226"", ""/workspace/guild_of_mystery-campaign/js/v15.js:62"", ""/workspace/game-audit/phase3/authority-probes.json: rows ability=decree_of_abolition; actual normalized cast/passive check at HEAD783ebb3; definitionsUnchanged=true""]","Recommend selected-target scope and a shared defined dispel catalog for all removable temporary beneficial effects to honor all buffs, preserving innate passives and used-once flags. Alternative truthful Phase3 description lists current limited dispel categories. All enemies scope is a separate Phase4 change.",true,"Preserved current implementation; generated description reflects actual effects, numbers and durations; verified on both teams.","Lore/scope expansion remains deferred; original proposal below is evidence, not an implemented rule.","Decree of Abolition — Deals 320% × (105% ATK + 30% INT) Piercing damage (22% base DEF bypass); Removes current stat buffs, Guarded, Evade and shields; Damage and hostile effects use accuracy and Dodge; critical, authority and defense modifiers still apply. 100 SP · Cooldown 4 turns.",tests/phase3-actual-casts.test.js + tests/phase3-description-dom.test.js
justiciar,0,absolute_prohibition,partial,partial,generated_description,True,"[""Selected-target4.1 physical hybrid True attack bypasses DEF/resistance. Piercing is flavor here and no ongoing prohibition is created. Actual normalized effect list contains damage_rule true only."", ""/workspace/guild_of_mystery-campaign/data/pathways/justiciar.json:261 authoritative ability; /workspace/guild_of_mystery-campaign/js/node-loader.js:19 normalized damage/effects"", ""/workspace/guild_of_mystery-campaign/js/v15.js:62"", ""/workspace/guild_of_mystery-campaign/js/v15.js:69"", ""/workspace/guild_of_mystery-campaign/js/engine.js:1292"", ""/workspace/game-audit/phase3/authority-probes.json: rows ability=absolute_prohibition; actual normalized cast/passive check at HEAD783ebb3; definitionsUnchanged=true""]",Generate selected-target410% physical-hybrid True damage; retain existence-prohibition lore without promising persistent control. New law/punishment behavior stays Phase4.,false,"Preserved current implementation; generated description reflects actual effects, numbers and durations; verified on both teams.",,"Absolute Prohibition — Deals 410% × (105% ATK + 30% INT) True damage (ignores DEF and elemental resistance); Damage and hostile effects use accuracy and Dodge; critical, authority and defense modifiers still apply. 125 SP · Cooldown 5 turns.",tests/phase3-actual-casts.test.js + tests/phase3-description-dom.test.js
wheel_of_fortune,9,danger_sense,partial,partial,generated_description,True,"[""Passive dodge+.15 and damage_taken-.15 yield +15 percentage points Evasion and15% universal incoming reduction. Fate20 is baseline, not this ability. No misfortune immunity/resistance effect exists."", ""/workspace/guild_of_mystery-campaign/data/pathways/wheel_of_fortune.json:33 authoritative ability; /workspace/guild_of_mystery-campaign/js/node-loader.js:19 normalized damage/effects"", ""/workspace/guild_of_mystery-campaign/js/engine.js:789"", ""/workspace/guild_of_mystery-campaign/js/engine.js:790"", ""/workspace/guild_of_mystery-campaign/js/engine.js:455"", ""/workspace/guild_of_mystery-campaign/data/balance.json:845"", ""/workspace/game-audit/phase3/authority-probes.json: rows ability=danger_sense; actual normalized cast/passive check at HEAD783ebb3; definitionsUnchanged=true""]",Generate +15 percentage points Evasion and15% incoming damage reduction; show baseline Fate resistance separately. Preserve danger/luck flavor without inventing misfortune resistance or stacking another Fate20.,false,"Preserved current implementation; generated description reflects actual effects, numbers and durations; verified on both teams.",,Danger Sense — Reduces incoming all damage by 15% after shields; +15 percentage points Dodge. Passive.,tests/phase3-actual-casts.test.js + tests/phase3-description-dom.test.js
wheel_of_fortune,8,bad_luck_curse,mismatch,already_fixed,generated_description,True,"[""next_crit_fail token is consumed from the attacker for basics and damaging structured casts, and correctly sets crit chance0. Focused skill cast consumes target token and trace criticalfalse/critChance0. Token is consumed on next attempted damaging action, even if miss/noncrit."", ""/workspace/guild_of_mystery-campaign/data/pathways/wheel_of_fortune.json:61 authoritative ability; /workspace/guild_of_mystery-campaign/js/node-loader.js:19 normalized damage/effects"", ""/workspace/guild_of_mystery-campaign/js/engine.js:888"", ""/workspace/guild_of_mystery-campaign/js/engine.js:903"", ""/workspace/guild_of_mystery-campaign/js/engine.js:1221"", ""/workspace/guild_of_mystery-campaign/js/engine.js:1313"", ""/workspace/game-audit/phase3/authority-probes.json: rows ability=bad_luck_curse; actual normalized cast/passive check at HEAD783ebb3; definitionsUnchanged=true""]",Describe target's next attempted damaging action cannot critically hit; keep the approved shared hit-rule consumption. Do not promise a token held until an otherwise successful critical roll.,false,"Preserved current implementation; generated description reflects actual effects, numbers and durations; verified on both teams.",,Bad Luck Curse — Prevents critical hits on the target’s next damaging action. 15 SP · Cooldown 2 turns.,tests/phase3-actual-casts.test.js + tests/phase3-description-dom.test.js
wheel_of_fortune,7,lucky_break,partial,already_fixed,generated_description,True,"[""Selected enemy receives next_attack_miss1; common resolver consumes token for basics and damaging abilities. Actual next Paper Card Dagger emits forced miss and leaves defender HP unchanged."", ""/workspace/guild_of_mystery-campaign/data/pathways/wheel_of_fortune.json:85 authoritative ability; /workspace/guild_of_mystery-campaign/js/node-loader.js:19 normalized damage/effects"", ""/workspace/guild_of_mystery-campaign/js/engine.js:887"", ""/workspace/guild_of_mystery-campaign/js/engine.js:1220"", ""/workspace/guild_of_mystery-campaign/js/engine.js:1223"", ""/workspace/game-audit/phase3/authority-probes.json: rows ability=lucky_break; actual normalized cast/passive check at HEAD783ebb3; definitionsUnchanged=true""]","Describe selected enemy's next attempted damaging action is forced to miss, including a damaging AoE action under shared hit rules; non-damaging casts do not consume it.",false,"Preserved current implementation; generated description reflects actual effects, numbers and durations; verified on both teams.",,Lucky Break — Forces the target's next damaging action to miss with 100% chance. 25 SP · Cooldown 3 turns.,tests/phase3-actual-casts.test.js + tests/phase3-description-dom.test.js
wheel_of_fortune,6,misfortune_aura,partial,partial,code_and_generated_description,True,"[""Only selected target speed_debuff.8 exists for2 actions; no debuff_hit effect is authored. Actual second foe and target accuracy are unchanged."", ""/workspace/guild_of_mystery-campaign/data/pathways/wheel_of_fortune.json:109 authoritative ability; /workspace/guild_of_mystery-campaign/js/node-loader.js:19 normalized damage/effects"", ""/workspace/guild_of_mystery-campaign/js/engine.js:1231"", ""/workspace/guild_of_mystery-campaign/js/engine.js:1284"", ""/workspace/guild_of_mystery-campaign/js/engine.js:1215"", ""/workspace/game-audit/phase3/authority-probes.json: rows ability=misfortune_aura; actual normalized cast/passive check at HEAD783ebb3; definitionsUnchanged=true""]","Add existing debuff_hit amount.2 duration2 to fulfill explicit Accuracy20% promise, retaining single-target scope and existing Speed20%. Generate selected-enemy duration2 actions. Whole-enemy aura scope is an alternative Phase4 choice.",true,Corrected existing rule and generated actual numerical description; verified on both teams.,,Misfortune Aura — Enemy SPEED −20% for 2 turns; Lowers target accuracy by 20 percentage points for 2 turns. 35 SP · Cooldown 3 turns.,tests/phase3-actual-casts.test.js + tests/phase3-description-dom.test.js
wheel_of_fortune,5,reset_fate,partial,already_fixed,generated_description,True,"[""ResetFate is now passive0SP/CD0. Common fatal transition uses getCombatAgent and automatic once-per-battle revive at hpRatio.35. Focused lethal Burn revives either side at35000/100000 from0SP, then second lethal Burn kills. Revive also retains generic SP floor20/50% policy."", ""/workspace/guild_of_mystery-campaign/data/pathways/wheel_of_fortune.json:135 authoritative ability; /workspace/guild_of_mystery-campaign/js/node-loader.js:19 normalized damage/effects"", ""/workspace/guild_of_mystery-campaign/data/pathways/wheel_of_fortune.json:137"", ""/workspace/guild_of_mystery-campaign/js/engine.js:483"", ""/workspace/guild_of_mystery-campaign/js/engine.js:581"", ""/workspace/guild_of_mystery-campaign/js/v15.js:96"", ""/workspace/game-audit/phase3/authority-probes.json: rows ability=reset_fate; actual normalized cast/passive check at HEAD783ebb3; definitionsUnchanged=true""]",Retain approved automatic35% MaxHP revival once per battle; generated mechanics should expose passive trigger and shared SP-retention policy. Healing prohibition allows this resurrection.,false,"Preserved current implementation; generated description reflects actual effects, numbers and durations; verified on both teams.",,Reset Fate — Automatically revives once per battle at 35% Max HP. Passive.,tests/phase3-actual-casts.test.js + tests/phase3-description-dom.test.js
wheel_of_fortune,4,misfortune_inversion,partial,partial,generated_description,True,"[""Actual cast unconditionally cleanses a limited named-status list and grants ATK/INT1.2 for2 actions, even with no negatives. Numeric debuffs, fear/corruption, accuracy/misfire flags survive; no conversion state or prerequisite exists."", ""/workspace/guild_of_mystery-campaign/data/pathways/wheel_of_fortune.json:160 authoritative ability; /workspace/guild_of_mystery-campaign/js/node-loader.js:19 normalized damage/effects"", ""/workspace/guild_of_mystery-campaign/js/engine.js:1227"", ""/workspace/guild_of_mystery-campaign/js/engine.js:1230"", ""/workspace/game-audit/phase3/authority-probes.json: rows ability=misfortune_inversion; actual normalized cast/passive check at HEAD783ebb3; definitionsUnchanged=true""]",Generate unconditional20% ATK/INT buff for two caster actions plus exact cleanse scope. Shared cleanse categories can be repaired as an existing promise; requiring/counting/converting debuffs into buffs is new mechanics for Phase4.,false,"Preserved current implementation; generated description reflects actual effects, numbers and durations; verified on both teams.",,"Misfortune Inversion — Removes Burn, Bleed, Poison, Curse, Silenced, Confused, Sleep, Stunned, Frozen, Freeze, Bound; +20% ATK for 2 turns; +20% INT for 2 turns. 50 SP · Cooldown 3 turns.",tests/phase3-actual-casts.test.js + tests/phase3-description-dom.test.js
wheel_of_fortune,3,chaos_probability,mismatch,already_fixed,generated_description,True,"[""Low-RNG actual ChaosProbability cast no longer self-misfires from its outgoing payload; both foes receive.4 skill misfire2 actions, caster0. Existing incoming disorder is still checked normally."", ""/workspace/guild_of_mystery-campaign/data/pathways/wheel_of_fortune.json:195 authoritative ability; /workspace/guild_of_mystery-campaign/js/node-loader.js:19 normalized damage/effects"", ""/workspace/guild_of_mystery-campaign/js/engine.js:1200"", ""/workspace/guild_of_mystery-campaign/js/engine.js:1215"", ""/workspace/guild_of_mystery-campaign/js/engine.js:1235"", ""/workspace/game-audit/phase3/authority-probes.json: rows ability=chaos_probability; actual normalized cast/passive check at HEAD783ebb3; definitionsUnchanged=true""]","Retain40% all-enemy active-skill misfire debuff, generating two target actions and existing hostile-disorder interaction.",false,"Preserved current implementation; generated description reflects actual effects, numbers and durations; verified on both teams.",,Chaos Probability — Targets all enemies; Target skills have a 40% misfire chance for 2 turns; SP and cooldown are still spent. 70 SP · Cooldown 4 turns.,tests/phase3-actual-casts.test.js + tests/phase3-description-dom.test.js
wheel_of_fortune,2,reincarnation_loop,mismatch,mismatch,code_and_generated_description,True,"[""reset_state amount2 performs no history/snapshot lookup: it clamps current HP, removes buff category and erases all cooldowns, including the just-assigned CD4. Probe HP60000 unchanged and cooldowns{}."", ""/workspace/guild_of_mystery-campaign/data/pathways/wheel_of_fortune.json:224 authoritative ability; /workspace/guild_of_mystery-campaign/js/node-loader.js:19 normalized damage/effects"", ""/workspace/guild_of_mystery-campaign/js/engine.js:1265"", ""/workspace/guild_of_mystery-campaign/js/engine.js:1188"", ""/workspace/guild_of_mystery-campaign/js/engine.js:543"", ""/workspace/game-audit/phase3/authority-probes.json: rows ability=reincarnation_loop; actual normalized cast/passive check at HEAD783ebb3; definitionsUnchanged=true""]",Historical HP/buff rewind needs Phase4 snapshots and explicit timeline policy. Phase3 should describe current limited reset and independently preserve this skill's own advertised cooldown; do not silently add historical healing. Rewinding debuffs/SP/shields/used revival charges requires separate rules.,true,Corrected existing rule and generated actual numerical description; verified on both teams.,Historical rewind/reincarnation remains deferred; current reset retains its own cooldown.,Reincarnation Loop — Removes your stat buffs and resets your other current cooldowns; this skill keeps its cooldown and HP stays unchanged. 85 SP · Cooldown 4 turns.,tests/phase3-actual-casts.test.js + tests/phase3-description-dom.test.js
wheel_of_fortune,1,snake_of_mercury,partial,partial,generated_description,True,"[""Damage3 INT/Fate works; active revive(self,.01) only sets unused _revivePending. Automatic survival intentionally selects passive ResetFate only. Probe Snake cast followed by lethals gives first35% ResetFate revival then death; no1% or separate negation."", ""/workspace/guild_of_mystery-campaign/data/pathways/wheel_of_fortune.json:248 authoritative ability; /workspace/guild_of_mystery-campaign/js/node-loader.js:19 normalized damage/effects"", ""/workspace/guild_of_mystery-campaign/js/engine.js:1258"", ""/workspace/guild_of_mystery-campaign/js/v15.js:99"", ""/workspace/guild_of_mystery-campaign/js/engine.js:1303"", ""/workspace/game-audit/phase3/authority-probes.json: rows ability=snake_of_mercury; actual normalized cast/passive check at HEAD783ebb3; definitionsUnchanged=true""]",Generate300% INT Fate damage without a live fatal-protection promise in Phase3; preserve Snake shedding lore. Separate Snake fatal protection and priority/charge policy remain explicitly deferred to Phase4 and must not become a second ResetFate charge.,false,"Preserved current implementation; generated description reflects actual effects, numbers and durations; verified on both teams.","Lore/scope expansion remains deferred; original proposal below is evidence, not an implemented rule.","Snake of Mercury — Deals 300% INT Fate damage (25% base DEF bypass); Damage and hostile effects use accuracy and Dodge; critical, authority and defense modifiers still apply. 100 SP · Cooldown 4 turns.",tests/phase3-actual-casts.test.js + tests/phase3-description-dom.test.js
wheel_of_fortune,0,wheel_of_destiny,aligned,aligned,generated_description,True,"[""All-enemy3.9 INT True hit; True bypasses DEF/resistance, Fate is thematic. Actual normalized targeting all_enemies hits both foes, with raw390 each at INT100."", ""/workspace/guild_of_mystery-campaign/data/pathways/wheel_of_fortune.json:273 authoritative ability; /workspace/guild_of_mystery-campaign/js/node-loader.js:19 normalized damage/effects"", ""/workspace/guild_of_mystery-campaign/js/engine.js:1215"", ""/workspace/guild_of_mystery-campaign/js/v15.js:64"", ""/workspace/guild_of_mystery-campaign/js/v15.js:69"", ""/workspace/game-audit/phase3/authority-probes.json: rows ability=wheel_of_destiny; actual normalized cast/passive check at HEAD783ebb3; definitionsUnchanged=true""]","Keep390% INT True damage and destiny/Fate lore; generate all-enemy scope, without implying an additional Fate resistance test or historical rewrite.",false,"Preserved current implementation; generated description reflects actual effects, numbers and durations; verified on both teams.",,"Wheel of Destiny — Targets all enemies; Deals 390% INT True damage (ignores DEF and elemental resistance); Damage and hostile effects use accuracy and Dodge; critical, authority and defense modifiers still apply. 120 SP · Cooldown 5 turns.",tests/phase3-actual-casts.test.js + tests/phase3-description-dom.test.js
sun,9,courageous_song,aligned,aligned,generated_description,True,"[""Passive effects yield ATK/DEF1.12 and immunityfear. Actual addStatus fear attempt is rejected by statusImmune; no all-allies effect exists."", ""/workspace/guild_of_mystery-campaign/data/pathways/sun.json:32 authoritative ability; /workspace/guild_of_mystery-campaign/js/node-loader.js:19 normalized damage/effects"", ""/workspace/guild_of_mystery-campaign/js/engine.js:788"", ""/workspace/guild_of_mystery-campaign/js/engine.js:793"", ""/workspace/guild_of_mystery-campaign/js/engine.js:569"", ""/workspace/game-audit/phase3/authority-probes.json: rows ability=courageous_song; actual normalized cast/passive check at HEAD783ebb3; definitionsUnchanged=true""]","Retain self +12% ATK/DEF and Fear Immunity. Show self scope; party Bard support is new Phase4 design, while overview can keep support flavor.",false,"Preserved current implementation; generated description reflects actual effects, numbers and durations; verified on both teams.",,Courageous Song — +12% ATK; +12% DEF; Immune to Fear. Passive.,tests/phase3-actual-casts.test.js + tests/phase3-description-dom.test.js
sun,8,holy_flash,partial,already_fixed,generated_description,True,"[""Holy1.3 INT damage and debuff_hit.2 duration2 now share accuracy rules with basics/damaging skills. Focused target Paper Card Dagger with accuracy-roll.1 misses under the20% debuff."", ""/workspace/guild_of_mystery-campaign/data/pathways/sun.json:66 authoritative ability; /workspace/guild_of_mystery-campaign/js/node-loader.js:19 normalized damage/effects"", ""/workspace/guild_of_mystery-campaign/js/engine.js:1284"", ""/workspace/guild_of_mystery-campaign/js/engine.js:898"", ""/workspace/guild_of_mystery-campaign/js/engine.js:1223"", ""/workspace/guild_of_mystery-campaign/js/v15.js:64"", ""/workspace/game-audit/phase3/authority-probes.json: rows ability=holy_flash; actual normalized cast/passive check at HEAD783ebb3; definitionsUnchanged=true""]",Keep130% INT Holy damage and20% Accuracy penalty for two target actions; remove old basic-attack-only qualification. Damaging miss prevents both hit and attached debuff.,false,"Preserved current implementation; generated description reflects actual effects, numbers and durations; verified on both teams.",,"Holy Flash — Deals 130% INT Holy damage (25% base DEF bypass); Lowers target accuracy by 20 percentage points for 2 turns; Damage and hostile effects use accuracy and Dodge; critical, authority and defense modifiers still apply. 15 SP · Cooldown 1 turn.",tests/phase3-actual-casts.test.js + tests/phase3-description-dom.test.js
sun,7,purification_halo,partial,partial,generated_description,True,"[""Actual heal12% MaxHP matches; cleanse removes only eleven named statuses. Probe burn removed but numeric ATKx.8, accuracy-.2 and corruption status remain; fear is blocked by inherited immunity rather than cleansed."", ""/workspace/guild_of_mystery-campaign/data/pathways/sun.json:91 authoritative ability; /workspace/guild_of_mystery-campaign/js/node-loader.js:19 normalized damage/effects"", ""/workspace/guild_of_mystery-campaign/js/engine.js:1227"", ""/workspace/guild_of_mystery-campaign/js/engine.js:1229"", ""/workspace/guild_of_mystery-campaign/js/engine.js:463"", ""/workspace/guild_of_mystery-campaign/js/engine.js:543"", ""/workspace/game-audit/phase3/authority-probes.json: rows ability=purification_halo; actual normalized cast/passive check at HEAD783ebb3; definitionsUnchanged=true""]","Define/clear existing temporary negative statuses, numeric timed debuffs and negative combat flags to honor debuff cleanse. Preserve positive effects and persistent corruption/madness/progression. Recommended include transient corruption status only, never reduce saved corruption meter. Confirm whether no_heal/no_shield/root are removable prohibitions or protected rules.",true,"Preserved current implementation; generated description reflects actual effects, numbers and durations; verified on both teams.","Lore/scope expansion remains deferred; original proposal below is evidence, not an implemented rule.","Purification Halo — Immediately restores 12% Max HP HP, capped at Max HP; Removes Burn, Bleed, Poison, Curse, Silenced, Confused, Sleep, Stunned, Frozen, Freeze, Bound. 25 SP · Cooldown 2 turns.",tests/phase3-actual-casts.test.js + tests/phase3-description-dom.test.js
sun,6,notarize,mismatch,mismatch,generated_description,True,"[""nullify_buffs is exactly the strip_buffs immediate branch; it strips current stat buffs/guarded/evade/shield. Duration1 is ignored and following stat buff succeeds, as focused probe shows."", ""/workspace/guild_of_mystery-campaign/data/pathways/sun.json:121 authoritative ability; /workspace/guild_of_mystery-campaign/js/node-loader.js:19 normalized damage/effects"", ""/workspace/guild_of_mystery-campaign/js/engine.js:1226"", ""/workspace/guild_of_mystery-campaign/js/engine.js:1230"", ""/workspace/game-audit/phase3/authority-probes.json: rows ability=notarize; actual normalized cast/passive check at HEAD783ebb3; definitionsUnchanged=true""]",Phase3 truthful description should say immediate selected-target stat-buff/stance/shield dispel. Next-buff prevention needs a one-charge expiring state and clear stance categories; keep that new mechanic for Phase4 unless expressly approved as a Phase3 contract exception.,true,"Preserved current implementation; generated description reflects actual effects, numbers and durations; verified on both teams.","Lore/scope expansion remains deferred; original proposal below is evidence, not an implemented rule.","Notarize — Removes current stat buffs, Guarded, Evade and shields. 35 SP · Cooldown 3 turns.",tests/phase3-actual-casts.test.js + tests/phase3-description-dom.test.js
sun,5,holy_sun_bolt,mismatch,mismatch,code_and_generated_description,True,"[""Actual holy1.7 INT hit uses vulnerability_vs_corrupted to set generic2-action vuln1.4. Condition checks flat unit.corruption, MadnessProne trait, or corruption status only. Death-path target and agent.corruption10 each receive no bonus; flat corruption10 gets vuln1.4. No undead taxonomy exists."", ""/workspace/guild_of_mystery-campaign/data/pathways/sun.json:145 authoritative ability; /workspace/guild_of_mystery-campaign/js/node-loader.js:19 normalized damage/effects"", ""/workspace/guild_of_mystery-campaign/js/engine.js:1273"", ""/workspace/guild_of_mystery-campaign/js/engine.js:1304"", ""/workspace/guild_of_mystery-campaign/js/engine.js:1215"", ""/workspace/game-audit/phase3/authority-probes.json: rows ability=holy_sun_bolt; actual normalized cast/passive check at HEAD783ebb3; definitionsUnchanged=true""]","Recommend Phase3 fix existing backing-agent corruption lookup and generate40% two-action damage-taken vulnerability for the explicit current qualifying condition, retaining purification flavor. Undead tags/classification belong to Phase4. Alternative honor authored per-hit Undead/Corrupted bonus after approving explicit tags and whether MadnessProne trait counts; do not equate every Death-path human with undead.",true,Corrected existing rule and generated actual numerical description; verified on both teams.,"Lore/scope expansion remains deferred; original proposal below is evidence, not an implemented rule.","Holy Sun Bolt — Deals 170% INT Holy damage (25% base DEF bypass); A target with corruption or the Madness Prone trait takes +40% incoming damage for 2 turns; Damage and hostile effects use accuracy and Dodge; critical, authority and defense modifiers still apply. 45 SP · Cooldown 2 turns.",tests/phase3-actual-casts.test.js + tests/phase3-description-dom.test.js
sun,4,unshadowed_execution,mismatch,mismatch,generated_description,True,"[""Selected-target strip_buffs works before2 INT Holy damage. The same broken flat-only corruption/trait/status condition gives generic2-action vuln1.5, not an undead per-hit bonus. Wider beneficial categories survive strip."", ""/workspace/guild_of_mystery-campaign/data/pathways/sun.json:170 authoritative ability; /workspace/guild_of_mystery-campaign/js/node-loader.js:19 normalized damage/effects"", ""/workspace/guild_of_mystery-campaign/js/engine.js:1226"", ""/workspace/guild_of_mystery-campaign/js/engine.js:1273"", ""/workspace/guild_of_mystery-campaign/js/engine.js:1304"", ""/workspace/guild_of_mystery-campaign/js/v15.js:64"", ""/workspace/game-audit/phase3/authority-probes.json: rows ability=unshadowed_execution; actual normalized cast/passive check at HEAD783ebb3; definitionsUnchanged=true""]",Use same approved corruption/bonus policy as HolySunBolt; recommended Phase3 backing-agent lookup plus truthful50% vulnerability2-action description and precise shield-dispel scope. Undead taxonomy or changing vulnerability to hit-only bonus is an explicit Phase4/approval choice.,true,"Preserved current implementation; generated description reflects actual effects, numbers and durations; verified on both teams.","Lore/scope expansion remains deferred; original proposal below is evidence, not an implemented rule.","Unshadowed Execution — Deals 200% INT Holy damage (25% base DEF bypass); Removes current stat buffs, Guarded, Evade and shields; A target with corruption or the Madness Prone trait takes +50% incoming damage for 2 turns; Damage and hostile effects use accuracy and Dodge; critical, authority and defense modifiers still apply. 50 SP · Cooldown 3 turns.",tests/phase3-actual-casts.test.js + tests/phase3-description-dom.test.js
sun,3,exorcism_charter,mismatch,mismatch,generated_description,True,"[""Normalized status silenced chance1 duration1 blocks all active abilities; no dark-spell filter. Actual hit2.2 INT Holy and target statusMeta silenced duration1; second enemy untouched."", ""/workspace/guild_of_mystery-campaign/data/pathways/sun.json:198 authoritative ability; /workspace/guild_of_mystery-campaign/js/node-loader.js:19 normalized damage/effects"", ""/workspace/guild_of_mystery-campaign/js/engine.js:1232"", ""/workspace/guild_of_mystery-campaign/js/engine.js:1044"", ""/workspace/guild_of_mystery-campaign/js/engine.js:1047"", ""/workspace/game-audit/phase3/authority-probes.json: rows ability=exorcism_charter; actual normalized cast/passive check at HEAD783ebb3; definitionsUnchanged=true""]",Recommend correct existing explicit duration to2 target actions and describe universal active-ability silence plus220% INT Holy damage. Alternative preserve authored effect duration1 and generate one-action silence. Dark-spell-specific categories/filtering are new Phase4 mechanics; neither Dark-path-only nor INT-only classification should be invented.,true,"Preserved current implementation; generated description reflects actual effects, numbers and durations; verified on both teams.","Lore/scope expansion remains deferred; original proposal below is evidence, not an implemented rule.","Exorcism Charter — Deals 220% INT Holy damage (25% base DEF bypass); 100% chance: Silenced for 1 turn; subject to status resistance and immunity; Damage and hostile effects use accuracy and Dodge; critical, authority and defense modifiers still apply. 70 SP · Cooldown 4 turns.",tests/phase3-actual-casts.test.js + tests/phase3-description-dom.test.js
sun,2,dawn_radiance,mismatch,mismatch,code_and_generated_description,True,"[""Passive damage_taken-.3 lacks category, so every incoming category gets.7 after shield. Focused Physical/Holy/Dark/True hits100 each lose70HP; it is not restricted to Dark/Shadow. Both Dark and Shadow are distinct supported elements."", ""/workspace/guild_of_mystery-campaign/data/pathways/sun.json:224 authoritative ability; /workspace/guild_of_mystery-campaign/js/node-loader.js:19 normalized damage/effects"", ""/workspace/guild_of_mystery-campaign/js/engine.js:789"", ""/workspace/guild_of_mystery-campaign/js/engine.js:455"", ""/workspace/guild_of_mystery-campaign/js/engine.js:506"", ""/workspace/guild_of_mystery-campaign/data/balance.json:758"", ""/workspace/game-audit/phase3/authority-probes.json: rows ability=dawn_radiance; actual normalized cast/passive check at HEAD783ebb3; definitionsUnchanged=true""]","Use existing incomingCategory handling to encode separate Dark and Shadow30% reductions, honoring explicit elemental restriction without new categories or numerical rebalance. If broad reduction is intended instead, generate30% universal reduction; do not silently treat Shadow as a Dark alias.",false,Corrected existing rule and generated actual numerical description; verified on both teams.,,Dawn Radiance — Reduces incoming dark damage by 30% after shields; Reduces incoming shadow damage by 30% after shields. Passive.,tests/phase3-actual-casts.test.js + tests/phase3-description-dom.test.js
sun,1,purifying_sunfire,aligned,aligned,generated_description,True,"[""Normalized3.1 INT Holy damage has all_enemies targeting; actual cast hits both foes, raw310 before mitigation at INT100. No additional burn/cleanse mechanic is encoded."", ""/workspace/guild_of_mystery-campaign/data/pathways/sun.json:248 authoritative ability; /workspace/guild_of_mystery-campaign/js/node-loader.js:19 normalized damage/effects"", ""/workspace/guild_of_mystery-campaign/js/engine.js:1215"", ""/workspace/guild_of_mystery-campaign/js/v15.js:64"", ""/workspace/guild_of_mystery-campaign/js/engine.js:1303"", ""/workspace/game-audit/phase3/authority-probes.json: rows ability=purifying_sunfire; actual normalized cast/passive check at HEAD783ebb3; definitionsUnchanged=true""]",Keep310% INT Holy damage and solar-firestorm flavor; generated description must expose all-enemy scope. Do not add burning or purification-meter payoff.,false,"Preserved current implementation; generated description reflects actual effects, numbers and durations; verified on both teams.",,"Purifying Sunfire — Targets all enemies; Deals 310% INT Holy damage (25% base DEF bypass); Damage and hostile effects use accuracy and Dodge; critical, authority and defense modifiers still apply. 95 SP · Cooldown 4 turns.",tests/phase3-actual-casts.test.js + tests/phase3-description-dom.test.js
sun,0,solar_cataclysm,aligned,aligned,generated_description,True,"[""Normalized4 INT True hit targets selected enemy only. True bypasses DEF/resistance; Holy is thematic rather than an additional resisted element. Actual target loses400, second foe unchanged."", ""/workspace/guild_of_mystery-campaign/data/pathways/sun.json:272 authoritative ability; /workspace/guild_of_mystery-campaign/js/node-loader.js:19 normalized damage/effects"", ""/workspace/guild_of_mystery-campaign/js/v15.js:64"", ""/workspace/guild_of_mystery-campaign/js/v15.js:69"", ""/workspace/guild_of_mystery-campaign/js/engine.js:1292"", ""/workspace/game-audit/phase3/authority-probes.json: rows ability=solar_cataclysm; actual normalized cast/passive check at HEAD783ebb3; definitionsUnchanged=true""]",Keep miniature-sun/Holy lore and400% INT True damage; generate selected-enemy scope. Do not imply an all-enemy cataclysm or a second Holy element calculation.,false,"Preserved current implementation; generated description reflects actual effects, numbers and durations; verified on both teams.",,"Solar Cataclysm — Deals 400% INT True damage (ignores DEF and elemental resistance); Damage and hostile effects use accuracy and Dodge; critical, authority and defense modifiers still apply. 120 SP · Cooldown 5 turns.",tests/phase3-actual-casts.test.js + tests/phase3-description-dom.test.js
darkness,9,nocturnal_vigor,partial,partial,generated_description,True,"[""data/pathways/darkness.json:32"", ""js/engine.js:792"", ""js/engine.js:794"", ""js/engine.js:805"", ""js/engine.js:822"", ""scholar-group-probes.json rows.nocturnal_vigor: Sleep immunity and 25% Fear status resistance now work. +10 remains percentage initiative, applied after speed calculation; it does not change displayed Speed/action value.""]","Describe +10% initiative, Sleep immunity and 25% Fear status resistance, preserving nocturnal-vigor flavor.",false,"Preserved current implementation; generated description reflects actual effects, numbers and durations; verified on both teams.",,Nocturnal Vigor — Immune to Sleep; +10% Initiative; +25% Fear application resistance. Passive.,tests/phase3-actual-casts.test.js + tests/phase3-description-dom.test.js
darkness,8,midnight_requiem,partial,partial,generated_description,True,"[""data/pathways/darkness.json:65"", ""js/engine.js:1223"", ""js/engine.js:1232"", ""js/engine.js:570"", ""js/engine.js:1031"", ""js/engine.js:1318"", ""scholar-group-probes.json rows.midnight_requiem: 120% INT Psychic damage applies one-target-turn Sleep on a landed hit, but sleep remains subject to mental/status resistance and explicit immunity; a later hit wakes it. The original forced wording is inaccurate.""]",Describe 120% INT Psychic damage and a resistible Sleep for one target turn that breaks on a subsequent damaging hit. Do not promise resistance bypass.,false,"Preserved current implementation; generated description reflects actual effects, numbers and durations; verified on both teams.",,"Midnight Requiem — Deals 120% INT Psychic damage (25% base DEF bypass); 100% chance: Sleep (blocks actions; wakes on a later hit) for 1 turn; subject to status resistance and immunity; Damage and hostile effects use accuracy and Dodge; critical, authority and defense modifiers still apply. 20 SP · Cooldown 3 turns.",tests/phase3-actual-casts.test.js + tests/phase3-description-dom.test.js
darkness,7,peaceful_rest,partial,partial,generated_description,True,"[""data/pathways/darkness.json:91"", ""js/engine.js:1227"", ""js/engine.js:1229"", ""scholar-group-probes.json rows.peaceful_rest: Heals exactly 12% Max HP. Existing generic cleanse removes Burn/Bleed/Poison/Curse/Silenced/Confused/Sleep/Stunned/Frozen/Freeze/Bound, while leaving Fear/Controlled/Dreambound. A focused probe retained those three mental statuses and removed Confused/Poison.""]","Preserve soothing/rest flavor and list or accurately summarize the current cleanse scope. Alternative: introduce a mental-only cleanse list including Fear/Controlled/Dreambound, which changes scope and should be a Phase 4 design choice.",true,"Preserved current implementation; generated description reflects actual effects, numbers and durations; verified on both teams.",,"Peaceful Rest — Immediately restores 12% Max HP HP, capped at Max HP; Removes Burn, Bleed, Poison, Curse, Silenced, Confused, Sleep, Stunned, Frozen, Freeze, Bound. 25 SP · Cooldown 3 turns.",tests/phase3-actual-casts.test.js + tests/phase3-description-dom.test.js
darkness,6,dream_slumber,mismatch,mismatch,generated_description,True,"[""data/pathways/darkness.json:121"", ""js/engine.js:1231"", ""js/engine.js:1232"", ""js/engine.js:570"", ""scholar-group-probes.json rows.dream_slumber: Unconditionally applies a 30% Speed reduction for two target turns and attempts resistible one-target-turn Sleep. A fresh Sleep-immune Darkness target received the slow and no sleep. No conditional OR fallback is implemented.""]","Describe both the two-turn 30% Speed reduction and the resistible one-turn sleep, including wake-on-hit. Alternative: make slow a fallback only when Sleep fails; this materially changes existing behavior and needs a design choice.",true,"Preserved current implementation; generated description reflects actual effects, numbers and durations; verified on both teams.",,Dream Slumber — Enemy SPEED −30% for 2 turns; 100% chance: Sleep (blocks actions; wakes on a later hit) for 1 turn; subject to status resistance and immunity. 35 SP · Cooldown 3 turns.,tests/phase3-actual-casts.test.js + tests/phase3-description-dom.test.js
darkness,5,soul_pacification,aligned,aligned,generated_description,True,"[""data/pathways/darkness.json:153"", ""js/engine.js:1232"", ""js/engine.js:1047"", ""js/engine.js:1044"", ""scholar-group-probes.json rows.soul_pacification: A resistible one-target-turn Silenced status is applied; both selection and active-cast readiness reject silenced units. It does not disable basic attacks.""]","Retain soul-pacification flavor; mechanics silence active skills for one target turn, subject to existing resistance/immunity.",false,"Preserved current implementation; generated description reflects actual effects, numbers and durations; verified on both teams.",,Soul Pacification — 100% chance: Silenced for 1 turn; subject to status resistance and immunity. 45 SP · Cooldown 3 turns.,tests/phase3-actual-casts.test.js + tests/phase3-description-dom.test.js
darkness,4,horror_domain,partial,partial,generated_description,True,"[""data/pathways/darkness.json:179"", ""js/engine.js:1123"", ""js/engine.js:1223"", ""js/engine.js:1234"", ""scholar-group-probes.json rows.horror_domain: Targets all eligible enemies with 170% INT Psychic damage and independently attempts 40% resistible one-turn Stun on each landed target. Only Stun is encoded; Fear is not selected.""]","Describe the nightmare wave as hitting all enemies with 170% INT Psychic damage and a 40% base chance of one-turn Stun, reduced by mental/status resistance. Preserve terror as flavor; do not imply a Fear/Stun random pool.",false,"Preserved current implementation; generated description reflects actual effects, numbers and durations; verified on both teams.",,"Horror Domain — Targets all enemies; Deals 170% INT Psychic damage (25% base DEF bypass); 40% chance: Stunned (blocks actions) for 1 turn; subject to status resistance and immunity; Damage and hostile effects use accuracy and Dodge; critical, authority and defense modifiers still apply. 50 SP · Cooldown 3 turns.",tests/phase3-actual-casts.test.js + tests/phase3-description-dom.test.js
darkness,3,concealment_realm,partial,partial,generated_description,True,"[""data/pathways/darkness.json:209"", ""js/engine.js:568"", ""js/engine.js:1232"", ""js/engine.js:1064"", ""js/engine.js:1105"", ""js/engine.js:1109"", ""scholar-group-probes.json rows.concealment_realm: Direct cast correctly grants user one-user-turn Untargetable. Current role-priority AI still never used it in 12 full-health durable-target battles at Sequence 3; controls/damaging skills consumed actions/SP. Phase1 newest-within-role sorting did not add support utility or SP reservation.""]",Retain truthful one-user-turn concealment description. Defer support utility/SP-reservation changes to Phase 4; actual-cast absence is in scholar-group-probes.json focused.darkness_battles[3].,false,"Preserved current implementation; generated description reflects actual effects, numbers and durations; verified on both teams.","Lore/scope expansion remains deferred; original proposal below is evidence, not an implemented rule.",Concealment Realm — 100% chance: avoids targeting and incoming damage for 1 turn. 70 SP · Cooldown 4 turns.,tests/phase3-actual-casts.test.js + tests/phase3-description-dom.test.js
darkness,2,serenity_realm,partial,partial,generated_description,True,"[""data/pathways/darkness.json:234"", ""js/engine.js:1064"", ""js/engine.js:1107"", ""js/engine.js:1232"", ""js/engine.js:1318"", ""scholar-group-probes.json rows.serenity_realm: 240% INT Psychic damage and resistible one-target-turn Sleep work and break on a later hit. Old advanced-cast starvation is fixed for this row: 12 real battles at each Sequence 2/1/0 produced 36 Serenity Realm casts per rank. Forced sleep wording remains inaccurate.""]","Describe 240% INT Psychic damage plus resistible Sleep for one target turn, breaking on subsequent damaging hits; preserve serenity flavor.",false,"Preserved current implementation; generated description reflects actual effects, numbers and durations; verified on both teams.",,"Serenity Realm — Deals 240% INT Psychic damage (25% base DEF bypass); 100% chance: Sleep (blocks actions; wakes on a later hit) for 1 turn; subject to status resistance and immunity; Damage and hostile effects use accuracy and Dodge; critical, authority and defense modifiers still apply. 85 SP · Cooldown 4 turns.",tests/phase3-actual-casts.test.js + tests/phase3-description-dom.test.js
darkness,1,eternal_rest,partial,partial,generated_description,True,"[""data/pathways/darkness.json:260"", ""js/engine.js:1306"", ""js/engine.js:506"", ""js/engine.js:1107"", ""js/engine.js:1109"", ""scholar-group-probes.json rows.eternal_rest: Direct cast gives 310% INT Psychic damage and genuinely executes targets already below 15% Max HP, including enough damage for shields. A 14.999%-HP target with a shield died. Current role-priority AI still cast zero Eternal Rest in 12 durable-target Sequence 1 battles, spending SP on lower control skills.""]","Retain the truthful damage/execute promise. Defer AI utility/SP reservation to Phase 4; clarify threshold is checked before this hit, is strictly below 15%, and shared accuracy still applies.",false,"Preserved current implementation; generated description reflects actual effects, numbers and durations; verified on both teams.","Lore/scope expansion remains deferred; original proposal below is evidence, not an implemented rule.","Eternal Rest — Deals 310% INT Psychic damage (25% base DEF bypass); Executes targets already below 15% Max HP; Damage and hostile effects use accuracy and Dodge; critical, authority and defense modifiers still apply. 100 SP · Cooldown 4 turns.",tests/phase3-actual-casts.test.js + tests/phase3-description-dom.test.js
darkness,0,horror_concealment,mismatch,mismatch,generated_description,True,"[""data/pathways/darkness.json:285"", ""js/engine.js:1289"", ""js/engine.js:1290"", ""js/v15.js:69"", ""js/engine.js:1123"", ""js/engine.js:1306"", ""js/engine.js:1107"", ""scholar-group-probes.json rows.horror_concealment: Current true-psychic damage is fixed: 390% INT hits all enemies and bypasses even 90% Psychic resistance and DEF. Data also executes pre-hit targets below 15% HP. No enemy concealment/banish exists. Current AI produced zero casts in 12 durable-target Sequence 0 battles despite direct execution working.""]","Use truthful Phase 3 text with eternal darkness/terror as lore: 390% INT True Psychic damage to all enemies, executing targets already below 15% Max HP. Defer finite enemy banish/concealment and AI utility to Phase 4; duration/targetability meaning of eternally conceals requires a design choice.",true,"Preserved current implementation; generated description reflects actual effects, numbers and durations; verified on both teams.","Lore/scope expansion remains deferred; original proposal below is evidence, not an implemented rule.","Horror & Concealment — Targets all enemies; Deals 390% INT True Psychic damage (ignores DEF and elemental resistance); Executes targets already below 15% Max HP; Damage and hostile effects use accuracy and Dodge; critical, authority and defense modifiers still apply. 120 SP · Cooldown 5 turns.",tests/phase3-actual-casts.test.js + tests/phase3-description-dom.test.js
hermit,9,secret_vision,partial,already_fixed,generated_description,True,"[""data/pathways/hermit.json:32"", ""js/engine.js:788"", ""js/engine.js:794"", ""js/engine.js:531"", ""scholar-group-probes.json rows.secret_vision: +10% INT and 25% Curse status resistance are parsed and active; old ignored element/amount resistance was replaced with status_resistance.""]",Retain; generated mechanics may state the existing 25% Curse status resistance explicitly.,false,"Preserved current implementation; generated description reflects actual effects, numbers and durations; verified on both teams.",,Secret Vision — +10% INT; +25% Curse application resistance. Passive.,tests/phase3-actual-casts.test.js + tests/phase3-description-dom.test.js
hermit,8,mystic_spell,partial,already_fixed,generated_description,True,"[""data/pathways/hermit.json:62"", ""js/engine.js:1029"", ""js/engine.js:1233"", ""js/v15.js:64"", ""scholar-group-probes.json rows.mystic_spell: 130% INT uses the Mystic school and one 40% random Freeze/Burn/Stun roll. Freeze now disables actions; a focused cast applied freeze and actionDisabled returned true.""]","Preserve Mystic Spell flavor; say 130% INT Mystic damage, a 40% chance to apply one of Freeze/Burn/Stun for one target turn; explicit immunity still prevents its status.",false,"Preserved current implementation; generated description reflects actual effects, numbers and durations; verified on both teams.",,"Mystic Spell — Deals 130% INT Mystic damage (25% base DEF bypass); 40% chance to apply one of Freeze, Burn, Stunned for 1 turns; Damage and hostile effects use accuracy and Dodge; critical, authority and defense modifiers still apply. 15 SP · Cooldown 1 turn.",tests/phase3-actual-casts.test.js + tests/phase3-description-dom.test.js
hermit,7,scroll_ward,mismatch,already_fixed,generated_description,True,"[""data/pathways/hermit.json:92"", ""js/engine.js:448"", ""js/engine.js:469"", ""js/engine.js:505"", ""js/engine.js:1228"", ""scholar-group-probes.json rows.scroll_ward: The 20% Max HP shield has incomingCategory magic. Focused 100-damage probes absorbed Fire/Psychic, and allowed Physical/Piercing/True damage through.""]","Retain magic-only ward; magic is the approved nonphysical, non-true category. Shield has no authored timed expiry and lasts until depleted/replaced.",false,"Preserved current implementation; generated description reflects actual effects, numbers and durations; verified on both teams.",,Scroll Ward — Grants a 20% Max HP magic shield; lasts until depleted or dispelled. 25 SP · Cooldown 3 turns.,tests/phase3-actual-casts.test.js + tests/phase3-description-dom.test.js
hermit,6,knowledge_arrow,mismatch,mismatch,generated_description,True,"[""data/pathways/hermit.json:118"", ""js/data-loader.js:104"", ""js/v15.js:75"", ""js/v15.js:68"", ""js/engine.js:1337"", ""scholar-group-probes.json rows.knowledge_arrow: Normalized damage is generic elemental, averaging Fire/Water/Lightning/Frost resistance instead of named Light. 160% INT and additional 20 percentage points penetration work; caster base 25% makes 45% total.""]","Recommend existing-schema damageType light and no invented resistance grants, then describe 160% INT Light damage and +20 percentage points DEF bypass (45% base total). Alternative: alias Light to Holy, which changes its matchup against existing Holy resistance; mapping choice remains ambiguous.",true,"Preserved current implementation; generated description reflects actual effects, numbers and durations; verified on both teams.","Lore/scope expansion remains deferred; original proposal below is evidence, not an implemented rule.","Knowledge Arrow — Deals 160% INT Elemental damage (25% base DEF bypass); resistance uses the average of Fire, Water, Lightning and Frost; +20% DEF bypass on this cast; Damage and hostile effects use accuracy and Dodge; critical, authority and defense modifiers still apply. 35 SP · Cooldown 2 turns.",tests/phase3-actual-casts.test.js + tests/phase3-description-dom.test.js
hermit,5,constellation_constrain,partial,partial,generated_description,True,"[""data/pathways/hermit.json:142"", ""js/engine.js:1231"", ""js/engine.js:1232"", ""js/engine.js:1029"", ""js/engine.js:534"", ""scholar-group-probes.json rows.constellation_constrain: Applies a 25% Speed reduction for two target turns and a separate one-target-turn Bound status that disables action. The Bound application is resistible.""]","Describe both the 25% Speed reduction for two target turns and the one-turn resistible bind, preserving constellation flavor.",false,"Preserved current implementation; generated description reflects actual effects, numbers and durations; verified on both teams.",,Constellation Constrain — Enemy SPEED −25% for 2 turns; 100% chance: Bound (blocks actions) for 1 turn; subject to status resistance and immunity. 45 SP · Cooldown 3 turns.,tests/phase3-actual-casts.test.js + tests/phase3-description-dom.test.js
hermit,4,fairy_tale_spell,aligned,aligned,generated_description,True,"[""data/pathways/hermit.json:174"", ""js/engine.js:1223"", ""js/engine.js:1232"", ""js/engine.js:1029"", ""js/v15.js:64"", ""scholar-group-probes.json rows.fairy_tale_spell: 180% INT Mystic damage and one-target-turn Polymorphed status work; Polymorphed disables action. Damaging cast uses shared hit checks.""]",Retain; generated mechanics should use target-turn timing and indicate that control requires a landed hit.,false,"Preserved current implementation; generated description reflects actual effects, numbers and durations; verified on both teams.",,"Fairy Tale Spell — Deals 180% INT Mystic damage (25% base DEF bypass); 100% chance: Polymorphed (blocks actions) for 1 turn; subject to status resistance and immunity; Damage and hostile effects use accuracy and Dodge; critical, authority and defense modifiers still apply. 50 SP · Cooldown 3 turns.",tests/phase3-actual-casts.test.js + tests/phase3-description-dom.test.js
hermit,3,mystic_domain,mismatch,mismatch,generated_description,True,"[""data/pathways/hermit.json:199"", ""js/engine.js:1275"", ""js/v15.js:65"", ""PHASE1_REPORT.md:45"", ""scholar-group-probes.json rows.mystic_domain: The two-holder-turn 1.2 outgoing multiplier still boosts all direct ability/basic damage. No spell-only category exists in the outgoing handler. This restriction was explicitly deferred in Phase 1.""]",For Phase 3 describe the starlight domain as +20% direct damage for two user turns. Preserve the spell-only design as the already approved Phase 4 deferral.,false,"Preserved current implementation; generated description reflects actual effects, numbers and durations; verified on both teams.","Lore/scope expansion remains deferred; original proposal below is evidence, not an implemented rule.",Mystic Domain — Increases your outgoing damage by 20% for 2 turns. 70 SP · Cooldown 4 turns.,tests/phase3-actual-casts.test.js + tests/phase3-description-dom.test.js
hermit,2,scroll_gate,mismatch,already_fixed,generated_description,True,"[""data/pathways/hermit.json:224"", ""js/engine.js:500"", ""js/engine.js:517"", ""js/engine.js:529"", ""js/engine.js:1237"", ""scholar-group-probes.json rows.scroll_gate: 270% INT Mystic damage works. Reflection now filters incoming magic only, shares 50% of the incoming direct hit, and ends at next user turn; reflected output remains Physical under the approved independent-output rule.""]",Describe 270% INT Mystic damage plus a ward that reflects 50% incoming direct magic damage until next user turn. Do not imply damage negation or reflection of periodic damage.,false,"Preserved current implementation; generated description reflects actual effects, numbers and durations; verified on both teams.",,"Scroll Gate — Deals 270% INT Mystic damage (25% base DEF bypass); Reflects 50% of incoming damage to the attacker until your next turn; periodic damage does not trigger reflection; Damage and hostile effects use accuracy and Dodge; critical, authority and defense modifiers still apply. 85 SP · Cooldown 4 turns.",tests/phase3-actual-casts.test.js + tests/phase3-description-dom.test.js
hermit,1,star_knowledge,mismatch,mismatch,generated_description,True,"[""data/pathways/hermit.json:251"", ""js/data-loader.js:104"", ""js/v15.js:75"", ""scholar-group-probes.json rows.star_knowledge: 320% INT works, but normalized damage is generic elemental and uses the average of four conventional element resistances instead of Light.""]","Recommend literal existing-schema light damageType, preserving celestial starlight. Alternative: shared Light-to-Holy alias; that mapping would alter existing Holy-resistance matchups and requires a choice.",true,"Preserved current implementation; generated description reflects actual effects, numbers and durations; verified on both teams.","Lore/scope expansion remains deferred; original proposal below is evidence, not an implemented rule.","Star Knowledge — Deals 320% INT Elemental damage (25% base DEF bypass); resistance uses the average of Fire, Water, Lightning and Frost; Damage and hostile effects use accuracy and Dodge; critical, authority and defense modifiers still apply. 100 SP · Cooldown 4 turns.",tests/phase3-actual-casts.test.js + tests/phase3-description-dom.test.js
hermit,0,eye_of_knowledge,aligned,aligned,generated_description,True,"[""data/pathways/hermit.json:269"", ""js/engine.js:1223"", ""js/engine.js:1289"", ""js/v15.js:69"", ""js/engine.js:505"", ""scholar-group-probes.json rows.eye_of_knowledge: 400% INT True damage bypasses DEF and elemental resistance, uses shared hit rules, and still meets the approved shield/reduction pipeline.""]","Retain; true damage bypasses DEF/resistance, not the approved shield/reduction pipeline.",false,"Preserved current implementation; generated description reflects actual effects, numbers and durations; verified on both teams.",,"Eye of Knowledge — Deals 400% INT True damage (ignores DEF and elemental resistance); Damage and hostile effects use accuracy and Dodge; critical, authority and defense modifiers still apply. 120 SP · Cooldown 5 turns.",tests/phase3-actual-casts.test.js + tests/phase3-description-dom.test.js
white_tower,9,combat_analysis,partial,partial,generated_description,True,"[""data/pathways/white_tower.json:32"", ""js/engine.js:788"", ""js/engine.js:790"", ""js/engine.js:793"", ""js/engine.js:889"", ""js/engine.js:1223"", ""js/v15.js:44"", ""scholar-group-probes.json rows.combat_analysis: Passive grants +15% INT, +10 percentage points accuracy and +15 percentage points caster/INT DEF penetration. Accuracy now feeds every damaging structured skill and basic attack, fixing the old basic-only finding; the INT buff remains unadvertised.""]","List +15% INT, +10 percentage points hit chance for damaging attacks/skills, and +15 percentage points caster/INT DEF penetration separately; preserve analysis flavor.",false,"Preserved current implementation; generated description reflects actual effects, numbers and durations; verified on both teams.",,"Combat Analysis — Deals 15% INT Physical damage (25% base DEF bypass); +15% INT; +10 percentage points accuracy; +15% DEF bypass for INT-scaled and caster-formula damage; Damage and hostile effects use accuracy and Dodge; critical, authority and defense modifiers still apply. Passive.",tests/phase3-actual-casts.test.js + tests/phase3-description-dom.test.js
white_tower,8,spell_imitation,mismatch,already_fixed,generated_description,True,"[""data/pathways/white_tower.json:65"", ""js/engine.js:1042"", ""js/engine.js:1174"", ""js/engine.js:1181"", ""js/engine.js:1212"", ""js/engine.js:1223"", ""js/engine.js:1170"", ""scholar-group-probes.json rows.spell_imitation: Copies a witnessed eligible enemy skill into a deep-cloned effective spec before targeting. Actual copied AoE struck two enemies; support copy healed without authored fallback damage; PATHS remained identical. No copy is allowed before witnessing.""]",Retain; 100% scaling means the copied authored coefficients are reproduced using the copier's stats. Cost/cooldown remain Spell Imitation's.,false,"Preserved current implementation; generated description reflects actual effects, numbers and durations; verified on both teams.",,"Spell Imitation — Deals 130% INT Physical damage (25% base DEF bypass); Replays a non-copy active enemy ability witnessed earlier in this battle, with its targets and effects; spends this ability’s SP cost and cooldown; Damage and hostile effects use accuracy and Dodge; critical, authority and defense modifiers still apply. 15 SP · Cooldown 1 turn.",tests/phase3-actual-casts.test.js + tests/phase3-description-dom.test.js
white_tower,7,predictive_guard,mismatch,already_fixed,generated_description,True,"[""data/pathways/white_tower.json:88"", ""js/engine.js:448"", ""js/engine.js:457"", ""js/engine.js:789"", ""js/engine.js:581"", ""scholar-group-probes.json rows.predictive_guard: Passive now reduces magic-category damage by 20%; focused 100-damage probes caused 80 HP loss for Fire/Psychic and 100 for Physical/Piercing/True. Category applies to periodic magic damage too.""]","Describe 20% magic damage reduction using the approved nonphysical, non-true category; remove the extra spell-delivery limitation from mechanics wording.",false,"Preserved current implementation; generated description reflects actual effects, numbers and durations; verified on both teams.",,Predictive Guard — Reduces incoming magic damage by 20% after shields. Passive.,tests/phase3-actual-casts.test.js + tests/phase3-description-dom.test.js
white_tower,6,analysis_weakness,aligned,aligned,generated_description,True,"[""data/pathways/white_tower.json:113"", ""js/engine.js:1278"", ""js/v15.js:43"", ""js/v15.js:68"", ""js/engine.js:921"", ""scholar-group-probes.json rows.analysis_weakness: Applies +30 percentage points DEF bypass on the user for two user turns, stacking with formula base and passive spell penetration. It affects both basic and ability strikes.""]","Describe +30 percentage points additional DEF bypass for two user turns, rather than implying exactly 30% total for every formula.",false,"Preserved current implementation; generated description reflects actual effects, numbers and durations; verified on both teams.",,Analysis Weakness — +30% DEF bypass for 2 turns. 30 SP · Cooldown 2 turns.,tests/phase3-actual-casts.test.js + tests/phase3-description-dom.test.js
white_tower,5,prophetic_evade,mismatch,mismatch,generated_description,True,"[""data/pathways/white_tower.json:138"", ""js/engine.js:893"", ""js/engine.js:1223"", ""js/engine.js:1232"", ""js/engine.js:598"", ""scholar-group-probes.json rows.prophetic_evade: Current one-holder-turn evade is a reusable hard dodge of all damaging skills and basic attacks, including AoE hits. Two successive actual basic attacks both missed and the evade status remained. No charge consumption or single-target predicate exists.""]","Recommend correcting the existing promise with one consumed evade charge for the next single-target damaging skill, excluding basics and AoE. Ambiguous: whether non-damaging hostile skills qualify and whether an unused charge expires at next user action; safer alternative is a truthful description of the current one-turn all-damaging-hit evade without behavior changes.",true,"Preserved current implementation; generated description reflects actual effects, numbers and durations; verified on both teams.","Lore/scope expansion remains deferred; original proposal below is evidence, not an implemented rule.",Prophetic Evade — 100% chance: evades direct damaging attack attempts for 1 turn. 45 SP · Cooldown 3 turns.,tests/phase3-actual-casts.test.js + tests/phase3-description-dom.test.js
white_tower,4,prophetic_intervention,aligned,aligned,generated_description,True,"[""data/pathways/white_tower.json:163"", ""js/engine.js:500"", ""js/engine.js:514"", ""js/engine.js:529"", ""js/engine.js:1237"", ""scholar-group-probes.json rows.prophetic_intervention: Until next user turn, an unrestricted direct-hit ward negates incoming strikes and returns a 150% INT Magic-school hit per attacker. Reflection uses user passive INT modifiers and DEF/resistance mitigation. It excludes periodic damage and recursive reflection.""]",Retain; clarify direct incoming strikes if the generated mechanics need to distinguish periodic damage.,false,"Preserved current implementation; generated description reflects actual effects, numbers and durations; verified on both teams.",,Prophetic Intervention — Negates incoming direct hits and reflects 150% INT Magic damage to the attacker until your next turn; periodic damage does not trigger reflection. 50 SP · Cooldown 3 turns.,tests/phase3-actual-casts.test.js + tests/phase3-description-dom.test.js
white_tower,3,omniscient_eye,partial,partial,generated_description,True,"[""data/pathways/white_tower.json:192"", ""js/engine.js:788"", ""js/engine.js:793"", ""js/engine.js:792"", ""js/v15.js:44"", ""scholar-group-probes.json rows.omniscient_eye: Passive grants an additional +25% INT and +25 percentage points caster/INT penetration, plus immunity to literal illusion status. Earlier Combat Analysis stacks to 1.4375 INT multiplier and 40 percentage points spell penetration. Confused remains a separate status, and no active producer applies literal illusion.""]","State +25% INT, +25 percentage points caster/INT DEF bypass and immunity to the Illusion status. Do not promise immunity to every confusion/decoy power. A shared illusion category is a Phase 4 design choice.",false,"Preserved current implementation; generated description reflects actual effects, numbers and durations; verified on both teams.",,Omniscient Eye — +25% INT; +25% DEF bypass for INT-scaled and caster-formula damage; Immune to Illusion. Passive.,tests/phase3-actual-casts.test.js + tests/phase3-description-dom.test.js
white_tower,2,magic_barrier,mismatch,already_fixed,generated_description,True,"[""data/pathways/white_tower.json:225"", ""js/engine.js:448"", ""js/engine.js:469"", ""js/engine.js:505"", ""js/engine.js:1228"", ""scholar-group-probes.json rows.magic_barrier: 30% Max HP shield now has magic-category metadata. Focused probes confirmed Fire/Psychic absorption while Physical/Piercing/True bypass the pool. No authored timed expiry.""]",Retain; generated mechanics may specify until depleted/replaced and the approved magic category.,false,"Preserved current implementation; generated description reflects actual effects, numbers and durations; verified on both teams.",,Magic Barrier — Grants a 30% Max HP magic shield; lasts until depleted or dispelled. 80 SP · Cooldown 4 turns.,tests/phase3-actual-casts.test.js + tests/phase3-description-dom.test.js
white_tower,1,omniscient_rewrite,mismatch,mismatch,generated_description,True,"[""data/pathways/white_tower.json:251"", ""js/engine.js:1216"", ""js/engine.js:1229"", ""js/engine.js:462"", ""scholar-group-probes.json rows.omniscient_rewrite: The ability remains immediate self-healing of 2.8 times raw INT; a no-enemy-cast probe healed exactly 280 with raw INT 100. It has no enemy-spell interception, cancellation or conversion state and does not apply passive INT modifiers to healing.""]",Use truthful Phase 3 text: rewrites the user's spell matrix to restore 280% base INT as HP. Preserve enemy-spell conversion as a Phase 4 interceptor design; do not invent a new ward in this phase.,false,"Preserved current implementation; generated description reflects actual effects, numbers and durations; verified on both teams.","Lore/scope expansion remains deferred; original proposal below is evidence, not an implemented rule.","Omniscient Rewrite — Immediately restores 280% INT HP, capped at Max HP. 95 SP · Cooldown 4 turns.",tests/phase3-actual-casts.test.js + tests/phase3-description-dom.test.js
white_tower,0,divine_enlightenment,aligned,aligned,generated_description,True,"[""data/pathways/white_tower.json:276"", ""js/engine.js:1289"", ""js/engine.js:1292"", ""js/v15.js:69"", ""js/engine.js:1223"", ""scholar-group-probes.json rows.divine_enlightenment: 390% INT True damage is properly typed true, bypasses DEF/resistance, and uses shared hit plus approved incoming damage processing. Magic in the name is lore; true is the mechanical category.""]",Retain True damage mechanics with omniscient-enlightenment flavor.,false,"Preserved current implementation; generated description reflects actual effects, numbers and durations; verified on both teams.",,"Divine Enlightenment — Deals 390% INT True damage (ignores DEF and elemental resistance); Damage and hostile effects use accuracy and Dodge; critical, authority and defense modifiers still apply. 120 SP · Cooldown 5 turns.",tests/phase3-actual-casts.test.js + tests/phase3-description-dom.test.js
paragon,9,mechanical_precision,mismatch,already_fixed,generated_description,True,"[""data/pathways/paragon.json:32"", ""js/engine.js:777"", ""js/engine.js:790"", ""js/engine.js:791"", ""js/engine.js:889"", ""js/engine.js:1223"", ""scholar-group-probes.json rows.mechanical_precision: +10 percentage points accuracy and +10 percentage points Piercing/Corrosion resistance now work. Resistance data uses percentage points and combat maps add defaults/passives without old fractional override caches; damaging skills share accuracy too.""]",Describe the existing +10% Piercing and Corrosion resistance values explicitly and +10 percentage points accuracy for damaging attacks/skills.,false,"Preserved current implementation; generated description reflects actual effects, numbers and durations; verified on both teams.",,"Mechanical Precision — +10 percentage points accuracy; +10% Piercing direct-damage resistance, +10% Corrosion direct-damage resistance. Passive.",tests/phase3-actual-casts.test.js + tests/phase3-description-dom.test.js
paragon,8,crafted_blade,partial,partial,generated_description,True,"[""data/pathways/paragon.json:63"", ""js/v15.js:55"", ""js/v15.js:62"", ""js/v15.js:68"", ""js/engine.js:1337"", ""scholar-group-probes.json rows.crafted_blade: Intentional hybrid damage remains 1.35 times (1.05 ATK + 0.30 INT), Piercing school. The +20 percentage point penetration is added to the hybrid 22% base, giving 42% total; no rebalance is warranted.""]",Preserve Crafted Blade; display 135% of (105% ATK + 30% INT) Piercing damage with +20 percentage points DEF bypass (42% total before other bonuses).,false,"Preserved current implementation; generated description reflects actual effects, numbers and durations; verified on both teams.",,"Crafted Blade — Deals 135% × (105% ATK + 30% INT) Piercing damage (22% base DEF bypass); +20% DEF bypass on this cast; Damage and hostile effects use accuracy and Dodge; critical, authority and defense modifiers still apply. 15 SP · Cooldown 1 turn.",tests/phase3-actual-casts.test.js + tests/phase3-description-dom.test.js
paragon,7,runic_shield,aligned,aligned,generated_description,True,"[""data/pathways/paragon.json:87"", ""js/engine.js:469"", ""js/engine.js:505"", ""js/engine.js:1228"", ""scholar-group-probes.json rows.runic_shield: 20% Max HP unrestricted shield absorbs all damage categories, including True. Shield is granted once as a max pool and has no authored timed expiry.""]",Retain the existing runic barrier; generated mechanics may state until depleted/replaced.,false,"Preserved current implementation; generated description reflects actual effects, numbers and durations; verified on both teams.",,Runic Shield — Grants a 20% Max HP shield; lasts until depleted or dispelled. 25 SP · Cooldown 3 turns.,tests/phase3-actual-casts.test.js + tests/phase3-description-dom.test.js
paragon,6,alchemical_fire,aligned,aligned,generated_description,True,"[""data/pathways/paragon.json:112"", ""js/v15.js:64"", ""js/v15.js:57"", ""js/engine.js:1223"", ""js/engine.js:1315"", ""scholar-group-probes.json rows.alchemical_fire: 160% INT Fire damage works with pure-caster 25% base DEF bypass and shared hit/crit rules. No burn status is authored.""]",Retain; do not infer a Burn effect from flames flavor.,false,"Preserved current implementation; generated description reflects actual effects, numbers and durations; verified on both teams.",,"Alchemical Fire — Deals 160% INT Fire damage (25% base DEF bypass); Damage and hostile effects use accuracy and Dodge; critical, authority and defense modifiers still apply. 35 SP · Cooldown 2 turns.",tests/phase3-actual-casts.test.js + tests/phase3-description-dom.test.js
paragon,5,matter_fortification,mismatch,already_fixed,generated_description,True,"[""data/pathways/paragon.json:130"", ""js/engine.js:1230"", ""js/engine.js:1274"", ""js/engine.js:448"", ""js/engine.js:529"", ""scholar-group-probes.json rows.matter_fortification: +25% DEF lasts two user turns. Damage reduction now filters Physical/Piercing, reducing 100 incoming to 80, while Fire/Psychic/True caused 100. Reduction still expires at next user turn, independently from DEF buff.""]","Describe +25% DEF for two user turns and 20% Physical damage reduction until next user turn, with the approved shield-before-reduction ordering.",false,"Preserved current implementation; generated description reflects actual effects, numbers and durations; verified on both teams.",,Matter Fortification — +25% DEF for 2 turns; Reduces incoming physical damage by 20% until your next turn after shields. 45 SP · Cooldown 3 turns.,tests/phase3-actual-casts.test.js + tests/phase3-description-dom.test.js
paragon,4,alchemical_overclock,mismatch,mismatch,generated_description,True,"[""data/pathways/paragon.json:162"", ""js/engine.js:1281"", ""js/engine.js:1301"", ""js/engine.js:1230"", ""js/engine.js:805"", ""scholar-group-probes.json rows.alchemical_overclock: +25% Speed lasts two user turns. +35% applies to the first hit of any next damaging structured skill, not only Energy Cannon, and is consumed within the target loop. Actual Alchemical Fire was boosted; a copied AoE probe boosted first target only. Energy Cannon unlocks at Sequence 3, after this Sequence 4 skill.""]","Recommend truthful current text: overclocks the mechanical core, +25% Speed for two user turns and +35% damage on the next landed damaging-skill hit. Alternative: restrict the stored bonus to Energy Cannon and preserve it until that later unlock; full-cast AoE or named-combo redesign belongs to Phase 4.",true,"Preserved current implementation; generated description reflects actual effects, numbers and durations; verified on both teams.",,Alchemical Overclock — Stores +35% damage for your next landed damaging-skill hit; +25% SPEED for 2 turns. 50 SP · Cooldown 3 turns.,tests/phase3-actual-casts.test.js + tests/phase3-description-dom.test.js
paragon,3,energy_cannon,partial,partial,generated_description,True,"[""data/pathways/paragon.json:192"", ""js/v15.js:57"", ""js/v15.js:64"", ""js/v15.js:68"", ""js/engine.js:1337"", ""scholar-group-probes.json rows.energy_cannon: 240% INT is mechanically Physical damage. The +40 percentage points DEF penetration adds to caster base 25%, giving 65% total.""]",Describe Siege Energy Cannon as 240% INT Physical damage and +40 percentage points DEF bypass (65% base total).,false,"Preserved current implementation; generated description reflects actual effects, numbers and durations; verified on both teams.",,"Energy Cannon — Deals 240% INT Physical damage (25% base DEF bypass); +40% DEF bypass on this cast; Damage and hostile effects use accuracy and Dodge; critical, authority and defense modifiers still apply. 70 SP · Cooldown 3 turns.",tests/phase3-actual-casts.test.js + tests/phase3-description-dom.test.js
paragon,2,divine_metallurgy,aligned,aligned,generated_description,True,"[""data/pathways/paragon.json:216"", ""js/engine.js:469"", ""js/engine.js:505"", ""js/engine.js:1228"", ""scholar-group-probes.json rows.divine_metallurgy: 30% Max HP unrestricted shield works for all damage categories, including True, with no authored timed expiry.""]",Retain titan-armor flavor and existing all-damage shield.,false,"Preserved current implementation; generated description reflects actual effects, numbers and durations; verified on both teams.",,Divine Metallurgy — Grants a 30% Max HP shield; lasts until depleted or dispelled. 85 SP · Cooldown 4 turns.,tests/phase3-actual-casts.test.js + tests/phase3-description-dom.test.js
paragon,1,creation_engine,partial,partial,generated_description,True,"[""data/pathways/paragon.json:241"", ""js/data-loader.js:104"", ""js/v15.js:64"", ""js/v15.js:75"", ""scholar-group-probes.json rows.creation_engine: 330% INT works as a single Magic-school hit, with no Physical component or split-school calculation.""]","Preserve the heavy energy beam, describe 330% INT Magic damage. A mixed-school component design would be new Phase 4 work.",false,"Preserved current implementation; generated description reflects actual effects, numbers and durations; verified on both teams.",,"Creation Engine — Deals 330% INT Magic damage (25% base DEF bypass); Damage and hostile effects use accuracy and Dodge; critical, authority and defense modifiers still apply. 100 SP · Cooldown 4 turns.",tests/phase3-actual-casts.test.js + tests/phase3-description-dom.test.js
paragon,0,god_of_crafting,aligned,aligned,generated_description,True,"[""data/pathways/paragon.json:259"", ""js/engine.js:1289"", ""js/v15.js:69"", ""js/engine.js:1223"", ""scholar-group-probes.json rows.god_of_crafting: 410% INT True damage properly bypasses DEF/resistance while using shared hit rules and the approved incoming damage pipeline. No construct/summon is authored.""]",Retain mechanical titan annihilation as attack flavor; do not imply a persistent titan unit.,false,"Preserved current implementation; generated description reflects actual effects, numbers and durations; verified on both teams.",,"God of Crafting — Deals 410% INT True damage (ignores DEF and elemental resistance); Damage and hostile effects use accuracy and Dodge; critical, authority and defense modifiers still apply. 120 SP · Cooldown 5 turns.",tests/phase3-actual-casts.test.js + tests/phase3-description-dom.test.js
