pathway,sequence,team_size,initial_charge,mode,opponents,battles,wins,losses,draws,win_rate,draw_rate,deaths_per_battle,average_rounds,forms_per_battle,signature_casts_per_battle
abyss,9,1,0,normal,22,46,38,2,6,82.61,13.04,0.043,12.174,0.000,0.000
abyss,9,1,50,normal,22,46,38,2,6,82.61,13.04,0.043,12.174,0.000,0.000
abyss,9,1,100,normal,22,46,38,2,6,82.61,13.04,0.043,12.174,0.000,0.000
abyss,9,3,0,normal,22,46,36,2,8,78.26,17.39,0.348,13.087,0.000,0.000
abyss,9,3,50,normal,22,46,36,2,8,78.26,17.39,0.348,13.087,0.000,0.000
abyss,9,3,100,normal,22,46,36,2,8,78.26,17.39,0.348,13.087,0.000,0.000
abyss,8,1,0,normal,22,46,30,14,2,65.22,4.35,0.304,11.478,0.000,0.000
abyss,8,1,50,normal,22,46,30,16,0,65.22,0.00,0.348,11.435,0.000,0.000
abyss,8,1,100,normal,22,46,30,14,2,65.22,4.35,0.304,11.478,0.000,0.000
abyss,8,3,0,normal,22,46,26,8,12,56.52,26.09,1.043,13.043,0.000,0.000
abyss,8,3,50,normal,22,46,26,8,12,56.52,26.09,1.087,13.043,0.000,0.000
abyss,8,3,100,normal,22,46,26,8,12,56.52,26.09,1.043,13.043,0.000,0.000
abyss,7,1,0,normal,22,46,20,10,16,43.48,34.78,0.217,13.522,0.000,0.000
abyss,7,1,50,normal,22,46,20,10,16,43.48,34.78,0.217,13.522,0.000,0.000
abyss,7,1,100,normal,22,46,20,10,16,43.48,34.78,0.217,13.522,0.000,0.000
abyss,7,3,0,normal,22,46,16,4,26,34.78,56.52,0.652,14.304,0.000,0.000
abyss,7,3,50,normal,22,46,16,4,26,34.78,56.52,0.696,14.348,0.000,0.000
abyss,7,3,100,normal,22,46,16,4,26,34.78,56.52,0.696,14.348,0.000,0.000
abyss,6,1,0,normal,22,46,16,10,20,34.78,43.48,0.217,13.391,0.000,0.000
abyss,6,1,50,normal,22,46,14,14,18,30.43,39.13,0.304,13.391,0.000,0.000
abyss,6,1,100,normal,22,46,14,10,22,30.43,47.83,0.217,13.391,0.000,0.000
abyss,6,3,0,normal,22,46,16,8,22,34.78,47.83,0.826,13.652,0.000,0.000
abyss,6,3,50,normal,22,46,14,8,24,30.43,52.17,0.957,13.739,0.000,0.000
abyss,6,3,100,normal,22,46,18,6,22,39.13,47.83,0.826,13.609,0.000,0.000
abyss,5,1,0,normal,22,46,4,4,38,8.70,82.61,0.087,14.609,0.000,0.000
abyss,5,1,50,normal,22,46,2,4,40,4.35,86.96,0.087,14.522,0.000,0.000
abyss,5,1,100,normal,22,46,2,2,42,4.35,91.30,0.043,14.609,0.000,0.000
abyss,5,3,0,normal,22,46,0,4,42,0.00,91.30,0.652,14.696,0.000,0.000
abyss,5,3,50,normal,22,46,0,4,42,0.00,91.30,0.652,14.696,0.000,0.000
abyss,5,3,100,normal,22,46,0,4,42,0.00,91.30,0.609,14.739,0.000,0.000
abyss,4,1,0,form-entry,22,46,14,6,26,30.43,56.52,0.130,13.522,1.000,0.000
abyss,4,1,0,normal,22,46,2,4,40,4.35,86.96,0.087,14.783,0.522,0.000
abyss,4,1,50,form-entry,22,46,14,6,26,30.43,56.52,0.130,13.435,1.000,0.000
abyss,4,1,50,normal,22,46,4,4,38,8.70,82.61,0.087,14.609,0.478,0.000
abyss,4,1,100,form-entry,22,46,12,6,28,26.09,60.87,0.130,13.130,1.000,0.000
abyss,4,1,100,normal,22,46,2,6,38,4.35,82.61,0.130,14.391,0.478,0.000
abyss,4,3,0,form-entry,22,46,14,4,28,30.43,60.87,0.652,12.870,3.000,0.000
abyss,4,3,0,normal,22,46,0,4,42,0.00,91.30,0.391,14.478,1.826,0.000
abyss,4,3,50,form-entry,22,46,14,4,28,30.43,60.87,0.696,12.739,3.000,0.000
abyss,4,3,50,normal,22,46,0,4,42,0.00,91.30,0.435,14.478,1.870,0.000
abyss,4,3,100,form-entry,22,46,12,6,28,26.09,60.87,0.783,13.087,3.000,0.000
abyss,4,3,100,normal,22,46,0,4,42,0.00,91.30,0.391,14.435,1.826,0.000
abyss,3,1,0,form-entry,22,46,2,10,34,4.35,73.91,0.217,14.391,1.000,0.000
abyss,3,1,0,normal,22,46,0,2,44,0.00,95.65,0.043,14.870,0.435,0.000
abyss,3,1,50,form-entry,22,46,2,12,32,4.35,69.57,0.261,14.391,1.000,0.000
abyss,3,1,50,normal,22,46,0,2,44,0.00,95.65,0.043,14.870,0.348,0.000
abyss,3,1,100,form-entry,22,46,2,12,32,4.35,69.57,0.261,14.348,1.000,0.000
abyss,3,1,100,normal,22,46,0,2,44,0.00,95.65,0.043,14.870,0.391,0.000
abyss,3,3,0,form-entry,22,46,2,20,24,4.35,52.17,1.478,14.174,3.000,0.000
abyss,3,3,0,normal,22,46,0,2,44,0.00,95.65,0.391,14.870,1.739,0.000
abyss,3,3,50,form-entry,22,46,2,20,24,4.35,52.17,1.565,14.087,3.000,0.000
abyss,3,3,50,normal,22,46,0,2,44,0.00,95.65,0.348,14.870,1.609,0.000
abyss,3,3,100,form-entry,22,46,2,18,26,4.35,56.52,1.391,14.043,3.000,0.000
abyss,3,3,100,normal,22,46,0,4,42,0.00,91.30,0.391,14.739,1.609,0.000
abyss,2,1,0,form-entry,22,46,2,8,36,4.35,78.26,0.174,13.826,1.000,0.000
abyss,2,1,0,normal,22,46,0,2,44,0.00,95.65,0.043,14.609,0.261,0.000
abyss,2,1,50,form-entry,22,46,2,6,38,4.35,82.61,0.130,14.130,1.000,0.000
abyss,2,1,50,normal,22,46,0,2,44,0.00,95.65,0.043,14.609,0.261,0.000
abyss,2,1,100,form-entry,22,46,4,6,36,8.70,78.26,0.130,14.130,1.000,0.000
abyss,2,1,100,normal,22,46,0,2,44,0.00,95.65,0.043,14.609,0.261,0.000
abyss,2,3,0,form-entry,22,46,8,8,30,17.39,65.22,0.652,13.913,3.000,0.000
abyss,2,3,0,normal,22,46,0,4,42,0.00,91.30,0.478,14.783,1.522,0.000
abyss,2,3,50,form-entry,22,46,6,6,34,13.04,73.91,0.739,14.043,3.000,0.000
abyss,2,3,50,normal,22,46,0,4,42,0.00,91.30,0.478,14.783,1.435,0.000
abyss,2,3,100,form-entry,22,46,8,6,32,17.39,69.57,0.565,13.739,3.000,0.000
abyss,2,3,100,normal,22,46,0,6,40,0.00,86.96,0.522,14.565,1.391,0.000
abyss,1,1,0,form-entry,22,46,4,6,36,8.70,78.26,0.130,14.174,1.000,0.000
abyss,1,1,0,normal,22,46,0,2,44,0.00,95.65,0.043,14.609,0.304,0.000
abyss,1,1,50,form-entry,22,46,4,6,36,8.70,78.26,0.130,14.174,1.000,0.000
abyss,1,1,50,normal,22,46,0,4,42,0.00,91.30,0.087,14.522,0.304,0.000
abyss,1,1,100,form-entry,22,46,6,4,36,13.04,78.26,0.087,14.348,1.000,0.000
abyss,1,1,100,normal,22,46,0,4,42,0.00,91.30,0.087,14.522,0.304,0.000
abyss,1,3,0,form-entry,22,46,4,8,34,8.70,73.91,0.696,14.217,3.000,0.000
abyss,1,3,0,normal,22,46,0,6,40,0.00,86.96,0.565,14.652,1.478,0.000
abyss,1,3,50,form-entry,22,46,4,8,34,8.70,73.91,0.696,14.087,3.000,0.000
abyss,1,3,50,normal,22,46,0,6,40,0.00,86.96,0.522,14.522,1.478,0.000
abyss,1,3,100,form-entry,22,46,4,8,34,8.70,73.91,0.609,13.913,3.000,0.000
abyss,1,3,100,normal,22,46,0,6,40,0.00,86.96,0.652,14.348,1.478,0.000
abyss,0,1,0,form-entry,22,46,8,20,18,17.39,39.13,0.435,12.913,1.000,0.000
abyss,0,1,0,normal,22,46,2,4,40,4.35,86.96,0.087,14.826,0.696,0.000
abyss,0,1,50,form-entry,22,46,8,18,20,17.39,43.48,0.391,13.391,1.000,0.000
abyss,0,1,50,normal,22,46,2,2,42,4.35,91.30,0.043,14.870,0.696,0.000
abyss,0,1,100,form-entry,22,46,10,16,20,21.74,43.48,0.348,13.087,1.000,0.000
abyss,0,1,100,normal,22,46,2,6,38,4.35,82.61,0.130,14.478,0.652,0.000
abyss,0,3,0,form-entry,22,46,6,24,16,13.04,34.78,1.739,12.348,3.000,0.000
abyss,0,3,0,normal,22,46,0,6,40,0.00,86.96,0.913,14.391,2.304,0.000
abyss,0,3,50,form-entry,22,46,6,22,18,13.04,39.13,1.652,12.783,3.000,0.000
abyss,0,3,50,normal,22,46,0,6,40,0.00,86.96,0.870,14.348,2.304,0.000
abyss,0,3,100,form-entry,22,46,6,22,18,13.04,39.13,1.696,12.217,3.000,0.000
abyss,0,3,100,normal,22,46,0,6,40,0.00,86.96,0.913,14.304,2.174,0.000
black_emperor,9,1,0,normal,22,46,0,4,42,0.00,91.30,0.087,14.739,0.000,0.000
black_emperor,9,1,50,normal,22,46,0,4,42,0.00,91.30,0.087,14.739,0.000,0.000
black_emperor,9,1,100,normal,22,46,0,4,42,0.00,91.30,0.087,14.739,0.000,0.000
black_emperor,9,3,0,normal,22,46,0,4,42,0.00,91.30,0.435,14.826,0.000,0.000
black_emperor,9,3,50,normal,22,46,0,4,42,0.00,91.30,0.435,14.826,0.000,0.000
black_emperor,9,3,100,normal,22,46,0,4,42,0.00,91.30,0.435,14.826,0.000,0.000
black_emperor,8,1,0,normal,22,46,0,20,26,0.00,56.52,0.435,13.870,0.000,0.000
black_emperor,8,1,50,normal,22,46,0,20,26,0.00,56.52,0.435,13.739,0.000,0.000
black_emperor,8,1,100,normal,22,46,0,20,26,0.00,56.52,0.435,13.739,0.000,0.000
black_emperor,8,3,0,normal,22,46,0,20,26,0.00,56.52,1.478,14.348,0.000,0.000
black_emperor,8,3,50,normal,22,46,0,20,26,0.00,56.52,1.478,14.391,0.000,0.000
black_emperor,8,3,100,normal,22,46,0,20,26,0.00,56.52,1.478,14.391,0.000,0.000
black_emperor,7,1,0,normal,22,46,0,10,36,0.00,78.26,0.217,14.522,0.000,0.000
black_emperor,7,1,50,normal,22,46,0,10,36,0.00,78.26,0.217,14.565,0.000,0.000
black_emperor,7,1,100,normal,22,46,0,10,36,0.00,78.26,0.217,14.609,0.000,0.000
black_emperor,7,3,0,normal,22,46,0,8,38,0.00,82.61,0.957,14.783,0.000,0.000
black_emperor,7,3,50,normal,22,46,0,8,38,0.00,82.61,1.000,14.696,0.000,0.000
black_emperor,7,3,100,normal,22,46,0,10,36,0.00,78.26,1.000,14.609,0.000,0.000
black_emperor,6,1,0,normal,22,46,0,8,38,0.00,82.61,0.174,14.826,0.000,0.000
black_emperor,6,1,50,normal,22,46,0,10,36,0.00,78.26,0.217,14.652,0.000,0.000
black_emperor,6,1,100,normal,22,46,0,6,40,0.00,86.96,0.130,14.870,0.000,0.000
black_emperor,6,3,0,normal,22,46,0,8,38,0.00,82.61,1.000,14.783,0.000,0.000
black_emperor,6,3,50,normal,22,46,0,8,38,0.00,82.61,0.826,14.783,0.000,0.000
black_emperor,6,3,100,normal,22,46,0,8,38,0.00,82.61,0.913,14.870,0.000,0.000
black_emperor,5,1,0,normal,22,46,0,4,42,0.00,91.30,0.087,14.478,0.000,0.000
black_emperor,5,1,50,normal,22,46,0,6,40,0.00,86.96,0.130,14.478,0.000,0.000
black_emperor,5,1,100,normal,22,46,0,4,42,0.00,91.30,0.087,14.478,0.000,0.000
black_emperor,5,3,0,normal,22,46,0,6,40,0.00,86.96,0.696,14.739,0.000,0.000
black_emperor,5,3,50,normal,22,46,0,4,42,0.00,91.30,0.391,14.652,0.000,0.000
black_emperor,5,3,100,normal,22,46,0,4,42,0.00,91.30,0.478,14.565,0.000,0.000
black_emperor,4,1,0,form-entry,22,46,2,18,26,4.35,56.52,0.391,13.391,1.000,0.000
black_emperor,4,1,0,normal,22,46,0,2,44,0.00,95.65,0.043,14.870,0.565,0.000
black_emperor,4,1,50,form-entry,22,46,2,18,26,4.35,56.52,0.391,13.565,1.000,0.000
black_emperor,4,1,50,normal,22,46,0,6,40,0.00,86.96,0.130,14.609,0.522,0.000
black_emperor,4,1,100,form-entry,22,46,2,18,26,4.35,56.52,0.391,13.261,1.000,0.000
black_emperor,4,1,100,normal,22,46,0,6,40,0.00,86.96,0.130,14.304,0.478,0.000
black_emperor,4,3,0,form-entry,22,46,0,18,28,0.00,60.87,1.522,13.348,3.000,0.000
black_emperor,4,3,0,normal,22,46,0,6,40,0.00,86.96,0.609,14.652,2.043,0.000
black_emperor,4,3,50,form-entry,22,46,0,20,26,0.00,56.52,1.739,13.087,3.000,0.000
black_emperor,4,3,50,normal,22,46,0,4,42,0.00,91.30,0.522,14.609,1.913,0.000
black_emperor,4,3,100,form-entry,22,46,0,16,30,0.00,65.22,1.609,13.609,3.000,0.000
black_emperor,4,3,100,normal,22,46,0,4,42,0.00,91.30,0.435,14.522,1.696,0.000
black_emperor,3,1,0,form-entry,22,46,2,12,32,4.35,69.57,0.261,14.217,1.000,0.000
black_emperor,3,1,0,normal,22,46,0,4,42,0.00,91.30,0.087,14.783,0.478,0.000
black_emperor,3,1,50,form-entry,22,46,2,14,30,4.35,65.22,0.304,14.217,1.000,0.000
black_emperor,3,1,50,normal,22,46,0,8,38,0.00,82.61,0.174,14.565,0.522,0.000
black_emperor,3,1,100,form-entry,22,46,2,14,30,4.35,65.22,0.304,14.304,1.000,0.000
black_emperor,3,1,100,normal,22,46,0,6,40,0.00,86.96,0.130,14.739,0.478,0.000
black_emperor,3,3,0,form-entry,22,46,0,16,30,0.00,65.22,1.391,13.391,3.000,0.000
black_emperor,3,3,0,normal,22,46,0,4,42,0.00,91.30,0.478,14.565,1.565,0.000
black_emperor,3,3,50,form-entry,22,46,0,18,28,0.00,60.87,1.391,13.783,3.000,0.000
black_emperor,3,3,50,normal,22,46,0,4,42,0.00,91.30,0.478,14.565,1.565,0.000
black_emperor,3,3,100,form-entry,22,46,0,12,34,0.00,73.91,1.174,14.043,3.000,0.000
black_emperor,3,3,100,normal,22,46,0,2,44,0.00,95.65,0.217,14.609,1.609,0.000
black_emperor,2,1,0,form-entry,22,46,0,14,32,0.00,69.57,0.304,13.609,1.000,0.000
black_emperor,2,1,0,normal,22,46,0,2,44,0.00,95.65,0.043,14.609,0.565,0.000
black_emperor,2,1,50,form-entry,22,46,0,14,32,0.00,69.57,0.304,13.652,1.000,0.000
black_emperor,2,1,50,normal,22,46,0,2,44,0.00,95.65,0.043,14.609,0.609,0.000
black_emperor,2,1,100,form-entry,22,46,0,14,32,0.00,69.57,0.304,13.783,1.000,0.000
black_emperor,2,1,100,normal,22,46,0,2,44,0.00,95.65,0.043,14.609,0.565,0.000
black_emperor,2,3,0,form-entry,22,46,0,12,34,0.00,73.91,1.217,13.826,3.000,0.000
black_emperor,2,3,0,normal,22,46,0,6,40,0.00,86.96,0.522,14.913,1.478,0.000
black_emperor,2,3,50,form-entry,22,46,0,14,32,0.00,69.57,1.130,13.870,3.000,0.000
black_emperor,2,3,50,normal,22,46,0,6,40,0.00,86.96,0.522,14.870,1.696,0.000
black_emperor,2,3,100,form-entry,22,46,0,12,34,0.00,73.91,1.130,13.696,3.000,0.000
black_emperor,2,3,100,normal,22,46,0,8,38,0.00,82.61,0.696,14.522,1.522,0.000
black_emperor,1,1,0,form-entry,22,46,6,14,26,13.04,56.52,0.304,14.087,1.000,0.000
black_emperor,1,1,0,normal,22,46,0,6,40,0.00,86.96,0.130,14.522,0.652,0.000
black_emperor,1,1,50,form-entry,22,46,4,14,28,8.70,60.87,0.304,14.000,1.000,0.000
black_emperor,1,1,50,normal,22,46,0,2,44,0.00,95.65,0.043,14.609,0.609,0.000
black_emperor,1,1,100,form-entry,22,46,4,16,26,8.70,56.52,0.348,14.130,1.000,0.000
black_emperor,1,1,100,normal,22,46,0,2,44,0.00,95.65,0.043,14.609,0.565,0.000
black_emperor,1,3,0,form-entry,22,46,2,12,32,4.35,69.57,1.348,13.522,3.000,0.000
black_emperor,1,3,0,normal,22,46,0,8,38,0.00,82.61,0.739,14.435,1.870,0.000
black_emperor,1,3,50,form-entry,22,46,2,12,32,4.35,69.57,1.348,13.043,3.000,0.000
black_emperor,1,3,50,normal,22,46,0,8,38,0.00,82.61,0.696,14.565,1.870,0.000
black_emperor,1,3,100,form-entry,22,46,4,12,30,8.70,65.22,1.043,13.304,3.000,0.000
black_emperor,1,3,100,normal,22,46,0,8,38,0.00,82.61,0.565,14.478,2.000,0.000
black_emperor,0,1,0,form-entry,22,46,4,20,22,8.70,47.83,0.435,12.609,1.000,0.000
black_emperor,0,1,0,normal,22,46,2,4,40,4.35,86.96,0.087,14.522,0.652,0.000
black_emperor,0,1,50,form-entry,22,46,4,18,24,8.70,52.17,0.391,13.261,1.000,0.000
black_emperor,0,1,50,normal,22,46,0,8,38,0.00,82.61,0.174,14.435,0.783,0.000
black_emperor,0,1,100,form-entry,22,46,2,16,28,4.35,60.87,0.348,13.478,1.000,0.000
black_emperor,0,1,100,normal,22,46,2,8,36,4.35,78.26,0.174,14.304,0.739,0.000
black_emperor,0,3,0,form-entry,22,46,14,20,12,30.43,26.09,1.522,11.870,3.000,0.000
black_emperor,0,3,0,normal,22,46,10,8,28,21.74,60.87,0.783,14.261,2.130,0.000
black_emperor,0,3,50,form-entry,22,46,10,20,16,21.74,34.78,1.565,11.913,3.000,0.000
black_emperor,0,3,50,normal,22,46,8,12,26,17.39,56.52,1.000,13.913,2.174,0.000
black_emperor,0,3,100,form-entry,22,46,14,14,18,30.43,39.13,1.217,11.348,3.000,0.000
black_emperor,0,3,100,normal,22,46,10,10,26,21.74,56.52,1.087,13.826,2.174,0.000
chained,9,1,0,normal,22,46,6,2,38,13.04,82.61,0.043,14.783,0.000,0.000
chained,9,1,50,normal,22,46,6,2,38,13.04,82.61,0.043,14.783,0.000,0.000
chained,9,1,100,normal,22,46,6,2,38,13.04,82.61,0.043,14.783,0.000,0.000
chained,9,3,0,normal,22,46,2,0,44,4.35,95.65,0.043,14.957,0.000,0.000
chained,9,3,50,normal,22,46,2,0,44,4.35,95.65,0.043,14.957,0.000,0.000
chained,9,3,100,normal,22,46,2,0,44,4.35,95.65,0.043,14.957,0.000,0.000
chained,8,1,0,normal,22,46,26,14,6,56.52,13.04,0.304,11.435,0.000,0.000
chained,8,1,50,normal,22,46,30,14,2,65.22,4.35,0.304,11.130,0.000,0.000
chained,8,1,100,normal,22,46,30,12,4,65.22,8.70,0.261,11.130,0.000,0.000
chained,8,3,0,normal,22,46,26,14,6,56.52,13.04,1.174,12.348,0.000,0.000
chained,8,3,50,normal,22,46,30,12,4,65.22,8.70,0.870,11.913,0.000,0.000
chained,8,3,100,normal,22,46,30,10,6,65.22,13.04,0.826,11.913,0.000,0.000
chained,7,1,0,normal,22,46,10,16,20,21.74,43.48,0.348,13.391,0.000,0.000
chained,7,1,50,normal,22,46,12,16,18,26.09,39.13,0.348,13.130,0.000,0.000
chained,7,1,100,normal,22,46,12,16,18,26.09,39.13,0.348,13.261,0.000,0.000
chained,7,3,0,normal,22,46,6,12,28,13.04,60.87,1.174,14.000,0.000,0.000
chained,7,3,50,normal,22,46,8,10,28,17.39,60.87,1.087,13.957,0.000,0.000
chained,7,3,100,normal,22,46,10,10,26,21.74,56.52,1.130,13.957,0.000,0.000
chained,6,1,0,normal,22,46,16,14,16,34.78,34.78,0.304,11.957,0.000,0.000
chained,6,1,50,normal,22,46,16,12,18,34.78,39.13,0.261,11.739,0.000,0.000
chained,6,1,100,normal,22,46,16,14,16,34.78,34.78,0.304,11.870,0.000,0.000
chained,6,3,0,normal,22,46,16,12,18,34.78,39.13,1.000,13.217,0.000,0.000
chained,6,3,50,normal,22,46,10,18,18,21.74,39.13,1.348,13.087,0.000,0.000
chained,6,3,100,normal,22,46,8,18,20,17.39,43.48,1.348,13.174,0.000,0.000
chained,5,1,0,normal,22,46,4,28,14,8.70,30.43,0.609,13.130,0.000,0.000
chained,5,1,50,normal,22,46,8,22,16,17.39,34.78,0.478,13.000,0.000,0.000
chained,5,1,100,normal,22,46,8,20,18,17.39,39.13,0.435,13.130,0.000,0.000
chained,5,3,0,normal,22,46,2,26,18,4.35,39.13,2.000,13.609,0.000,0.000
chained,5,3,50,normal,22,46,2,22,22,4.35,47.83,1.739,13.522,0.000,0.000
chained,5,3,100,normal,22,46,4,20,22,8.70,47.83,1.565,13.435,0.000,0.000
chained,4,1,0,form-entry,22,46,12,26,8,26.09,17.39,0.565,10.391,1.000,0.000
chained,4,1,0,normal,22,46,6,10,30,13.04,65.22,0.217,14.522,1.000,0.000
chained,4,1,50,form-entry,22,46,14,24,8,30.43,17.39,0.522,9.957,1.000,0.000
chained,4,1,50,normal,22,46,12,10,24,26.09,52.17,0.217,13.783,1.000,0.000
chained,4,1,100,form-entry,22,46,14,24,8,30.43,17.39,0.522,10.261,1.000,0.000
chained,4,1,100,normal,22,46,12,8,26,26.09,56.52,0.174,13.609,1.000,0.000
chained,4,3,0,form-entry,22,46,4,32,10,8.70,21.74,2.348,11.652,3.000,0.000
chained,4,3,0,normal,22,46,6,8,32,13.04,69.57,0.913,14.261,2.913,0.000
chained,4,3,50,form-entry,22,46,14,26,6,30.43,13.04,1.913,11.087,3.000,0.000
chained,4,3,50,normal,22,46,4,8,34,8.70,73.91,0.826,14.000,2.783,0.000
chained,4,3,100,form-entry,22,46,12,30,4,26.09,8.70,2.130,11.000,3.000,0.000
chained,4,3,100,normal,22,46,4,10,32,8.70,69.57,0.913,14.000,2.826,0.000
chained,3,1,0,form-entry,22,46,8,8,30,17.39,65.22,0.174,13.609,1.000,0.000
chained,3,1,0,normal,22,46,4,2,40,8.70,86.96,0.043,14.696,1.000,0.000
chained,3,1,50,form-entry,22,46,12,4,30,26.09,65.22,0.087,13.435,1.000,0.000
chained,3,1,50,normal,22,46,2,2,42,4.35,91.30,0.043,14.652,0.957,0.000
chained,3,1,100,form-entry,22,46,12,2,32,26.09,69.57,0.043,13.435,1.000,0.000
chained,3,1,100,normal,22,46,2,2,42,4.35,91.30,0.043,14.826,0.957,0.000
chained,3,3,0,form-entry,22,46,8,8,30,17.39,65.22,1.043,14.391,3.000,0.000
chained,3,3,0,normal,22,46,0,4,42,0.00,91.30,0.391,15.000,2.739,0.000
chained,3,3,50,form-entry,22,46,8,4,34,17.39,73.91,0.696,14.522,3.000,0.000
chained,3,3,50,normal,22,46,0,0,46,0.00,100.00,0.348,15.000,2.783,0.000
chained,3,3,100,form-entry,22,46,8,4,34,17.39,73.91,0.696,14.435,3.000,0.000
chained,3,3,100,normal,22,46,0,2,44,0.00,95.65,0.478,14.957,2.739,0.000
chained,2,1,0,form-entry,22,46,12,14,20,26.09,43.48,0.304,12.870,1.000,0.000
chained,2,1,0,normal,22,46,2,0,44,4.35,95.65,0.000,15.000,0.957,0.000
chained,2,1,50,form-entry,22,46,12,12,22,26.09,47.83,0.261,13.217,1.000,0.000
chained,2,1,50,normal,22,46,4,0,42,8.70,91.30,0.000,14.826,0.913,0.000
chained,2,1,100,form-entry,22,46,14,12,20,30.43,43.48,0.261,13.174,1.000,0.000
chained,2,1,100,normal,22,46,4,0,42,8.70,91.30,0.000,14.826,0.913,0.000
chained,2,3,0,form-entry,22,46,4,16,26,8.70,56.52,1.348,13.000,3.000,0.000
chained,2,3,0,normal,22,46,0,2,44,0.00,95.65,0.391,14.696,2.739,0.000
chained,2,3,50,form-entry,22,46,6,14,26,13.04,56.52,1.261,13.000,3.000,0.000
chained,2,3,50,normal,22,46,0,4,42,0.00,91.30,0.304,14.783,2.609,0.000
chained,2,3,100,form-entry,22,46,6,14,26,13.04,56.52,1.261,12.913,3.000,0.000
chained,2,3,100,normal,22,46,0,4,42,0.00,91.30,0.348,14.783,2.609,0.000
chained,1,1,0,form-entry,22,46,8,6,32,17.39,69.57,0.130,13.609,1.000,0.000
chained,1,1,0,normal,22,46,0,0,46,0.00,100.00,0.000,15.000,0.913,0.000
chained,1,1,50,form-entry,22,46,8,6,32,17.39,69.57,0.130,13.609,1.000,0.000
chained,1,1,50,normal,22,46,2,0,44,4.35,95.65,0.000,14.913,0.826,0.000
chained,1,1,100,form-entry,22,46,8,6,32,17.39,69.57,0.130,13.609,1.000,0.000
chained,1,1,100,normal,22,46,2,0,44,4.35,95.65,0.000,14.913,0.826,0.000
chained,1,3,0,form-entry,22,46,4,8,34,8.70,73.91,1.000,14.087,3.000,0.000
chained,1,3,0,normal,22,46,0,8,38,0.00,82.61,0.522,14.696,2.696,0.000
chained,1,3,50,form-entry,22,46,4,10,32,8.70,69.57,1.130,14.087,3.000,0.000
chained,1,3,50,normal,22,46,0,6,40,0.00,86.96,0.565,14.652,2.739,0.000
chained,1,3,100,form-entry,22,46,4,10,32,8.70,69.57,1.130,14.087,3.000,0.000
chained,1,3,100,normal,22,46,0,4,42,0.00,91.30,0.478,14.652,2.739,0.000
chained,0,1,0,form-entry,22,46,14,12,20,30.43,43.48,0.261,12.391,1.000,0.000
chained,0,1,0,normal,22,46,0,4,42,0.00,91.30,0.087,14.783,1.000,0.000
chained,0,1,50,form-entry,22,46,16,10,20,34.78,43.48,0.217,12.522,1.000,0.000
chained,0,1,50,normal,22,46,4,8,34,8.70,73.91,0.174,14.565,0.957,0.000
chained,0,1,100,form-entry,22,46,16,6,24,34.78,52.17,0.130,12.696,1.000,0.000
chained,0,1,100,normal,22,46,2,6,38,4.35,82.61,0.130,14.783,0.957,0.000
chained,0,3,0,form-entry,22,46,2,28,16,4.35,34.78,2.043,12.217,3.000,0.000
chained,0,3,0,normal,22,46,2,10,34,4.35,73.91,0.870,14.565,2.913,0.000
chained,0,3,50,form-entry,22,46,0,26,20,0.00,43.48,2.087,12.478,3.000,0.000
chained,0,3,50,normal,22,46,0,8,38,0.00,82.61,1.043,14.304,2.783,0.000
chained,0,3,100,form-entry,22,46,0,28,18,0.00,39.13,2.261,12.304,3.000,0.000
chained,0,3,100,normal,22,46,0,8,38,0.00,82.61,0.913,14.348,2.783,0.000
darkness,9,1,0,normal,22,46,0,4,42,0.00,91.30,0.087,14.826,0.000,0.000
darkness,9,1,50,normal,22,46,0,4,42,0.00,91.30,0.087,14.826,0.000,0.000
darkness,9,1,100,normal,22,46,0,4,42,0.00,91.30,0.087,14.826,0.000,0.000
darkness,9,3,0,normal,22,46,0,4,42,0.00,91.30,0.522,14.826,0.000,0.000
darkness,9,3,50,normal,22,46,0,4,42,0.00,91.30,0.522,14.826,0.000,0.000
darkness,9,3,100,normal,22,46,0,4,42,0.00,91.30,0.522,14.826,0.000,0.000
darkness,8,1,0,normal,22,46,10,10,26,21.74,56.52,0.217,14.130,0.000,0.000
darkness,8,1,50,normal,22,46,10,12,24,21.74,52.17,0.261,14.130,0.000,0.000
darkness,8,1,100,normal,22,46,10,12,24,21.74,52.17,0.261,14.130,0.000,0.000
darkness,8,3,0,normal,22,46,2,14,30,4.35,65.22,1.261,14.478,0.000,0.000
darkness,8,3,50,normal,22,46,2,14,30,4.35,65.22,1.348,14.478,0.000,0.000
darkness,8,3,100,normal,22,46,2,14,30,4.35,65.22,1.304,14.478,0.000,0.000
darkness,7,1,0,normal,22,46,0,0,46,0.00,100.00,0.000,15.000,0.000,0.000
darkness,7,1,50,normal,22,46,0,2,44,0.00,95.65,0.043,15.000,0.000,0.000
darkness,7,1,100,normal,22,46,0,0,46,0.00,100.00,0.000,15.000,0.000,0.000
darkness,7,3,0,normal,22,46,0,4,42,0.00,91.30,0.565,14.913,0.000,0.000
darkness,7,3,50,normal,22,46,0,4,42,0.00,91.30,0.565,14.913,0.000,0.000
darkness,7,3,100,normal,22,46,0,4,42,0.00,91.30,0.565,14.913,0.000,0.000
darkness,6,1,0,normal,22,46,0,0,46,0.00,100.00,0.000,15.000,0.000,0.000
darkness,6,1,50,normal,22,46,2,0,44,4.35,95.65,0.000,14.957,0.000,0.000
darkness,6,1,100,normal,22,46,0,2,44,0.00,95.65,0.043,15.000,0.000,0.000
darkness,6,3,0,normal,22,46,0,0,46,0.00,100.00,0.130,15.000,0.000,0.000
darkness,6,3,50,normal,22,46,0,2,44,0.00,95.65,0.391,15.000,0.000,0.000
darkness,6,3,100,normal,22,46,0,2,44,0.00,95.65,0.435,15.000,0.000,0.000
darkness,5,1,0,normal,22,46,0,0,46,0.00,100.00,0.000,15.000,0.000,0.000
darkness,5,1,50,normal,22,46,0,0,46,0.00,100.00,0.000,15.000,0.000,0.000
darkness,5,1,100,normal,22,46,0,0,46,0.00,100.00,0.000,15.000,0.000,0.000
darkness,5,3,0,normal,22,46,0,0,46,0.00,100.00,0.000,15.000,0.000,0.000
darkness,5,3,50,normal,22,46,0,0,46,0.00,100.00,0.087,15.000,0.000,0.000
darkness,5,3,100,normal,22,46,0,2,44,0.00,95.65,0.304,14.870,0.000,0.000
darkness,4,1,0,form-entry,22,46,6,0,40,13.04,86.96,0.000,14.870,1.000,0.000
darkness,4,1,0,normal,22,46,0,0,46,0.00,100.00,0.000,15.000,0.261,0.000
darkness,4,1,50,form-entry,22,46,4,2,40,8.70,86.96,0.043,14.783,1.000,0.000
darkness,4,1,50,normal,22,46,0,0,46,0.00,100.00,0.000,15.000,0.217,0.000
darkness,4,1,100,form-entry,22,46,2,2,42,4.35,91.30,0.043,14.870,1.000,0.000
darkness,4,1,100,normal,22,46,0,0,46,0.00,100.00,0.000,15.000,0.348,0.000
darkness,4,3,0,form-entry,22,46,14,2,30,30.43,65.22,0.348,14.565,3.000,0.000
darkness,4,3,0,normal,22,46,0,2,44,0.00,95.65,0.217,14.870,1.522,0.000
darkness,4,3,50,form-entry,22,46,18,2,26,39.13,56.52,0.391,14.261,3.000,0.000
darkness,4,3,50,normal,22,46,0,2,44,0.00,95.65,0.130,14.957,1.348,0.000
darkness,4,3,100,form-entry,22,46,14,0,32,30.43,69.57,0.174,14.435,3.000,0.000
darkness,4,3,100,normal,22,46,0,4,42,0.00,91.30,0.261,14.739,1.565,0.000
darkness,3,1,0,form-entry,22,46,0,2,44,0.00,95.65,0.043,14.957,1.000,0.000
darkness,3,1,0,normal,22,46,0,0,46,0.00,100.00,0.000,15.000,0.304,0.000
darkness,3,1,50,form-entry,22,46,2,0,44,4.35,95.65,0.000,14.957,1.000,0.000
darkness,3,1,50,normal,22,46,0,0,46,0.00,100.00,0.000,15.000,0.304,0.000
darkness,3,1,100,form-entry,22,46,2,2,42,4.35,91.30,0.043,14.870,1.000,0.000
darkness,3,1,100,normal,22,46,0,0,46,0.00,100.00,0.000,15.000,0.261,0.000
darkness,3,3,0,form-entry,22,46,10,4,32,21.74,69.57,0.304,14.957,3.000,0.000
darkness,3,3,0,normal,22,46,0,2,44,0.00,95.65,0.174,15.000,1.478,0.000
darkness,3,3,50,form-entry,22,46,10,2,34,21.74,73.91,0.130,14.652,3.000,0.000
darkness,3,3,50,normal,22,46,0,2,44,0.00,95.65,0.261,14.957,1.522,0.000
darkness,3,3,100,form-entry,22,46,14,2,30,30.43,65.22,0.261,14.174,3.000,0.000
darkness,3,3,100,normal,22,46,0,2,44,0.00,95.65,0.217,15.000,1.348,0.000
darkness,2,1,0,form-entry,22,46,2,2,42,4.35,91.30,0.043,14.783,1.000,0.000
darkness,2,1,0,normal,22,46,0,0,46,0.00,100.00,0.000,15.000,0.304,0.000
darkness,2,1,50,form-entry,22,46,2,2,42,4.35,91.30,0.043,14.783,1.000,0.000
darkness,2,1,50,normal,22,46,0,0,46,0.00,100.00,0.000,15.000,0.261,0.000
darkness,2,1,100,form-entry,22,46,0,0,46,0.00,100.00,0.000,15.000,1.000,0.000
darkness,2,1,100,normal,22,46,0,0,46,0.00,100.00,0.000,15.000,0.130,0.000
darkness,2,3,0,form-entry,22,46,0,2,44,0.00,95.65,0.174,14.652,3.000,0.000
darkness,2,3,0,normal,22,46,0,0,46,0.00,100.00,0.043,15.000,1.174,0.000
darkness,2,3,50,form-entry,22,46,0,2,44,0.00,95.65,0.261,14.652,3.000,0.000
darkness,2,3,50,normal,22,46,0,0,46,0.00,100.00,0.130,15.000,1.261,0.000
darkness,2,3,100,form-entry,22,46,0,4,42,0.00,91.30,0.304,14.565,3.000,0.000
darkness,2,3,100,normal,22,46,0,0,46,0.00,100.00,0.087,15.000,1.217,0.000
darkness,1,1,0,form-entry,22,46,0,2,44,0.00,95.65,0.043,14.609,1.000,0.000
darkness,1,1,0,normal,22,46,0,2,44,0.00,95.65,0.043,14.609,0.304,0.000
darkness,1,1,50,form-entry,22,46,0,2,44,0.00,95.65,0.043,14.609,1.000,0.000
darkness,1,1,50,normal,22,46,0,2,44,0.00,95.65,0.043,14.609,0.261,0.000
darkness,1,1,100,form-entry,22,46,0,0,46,0.00,100.00,0.000,15.000,1.000,0.000
darkness,1,1,100,normal,22,46,0,0,46,0.00,100.00,0.000,15.000,0.348,0.000
darkness,1,3,0,form-entry,22,46,0,2,44,0.00,95.65,0.435,14.870,3.000,0.000
darkness,1,3,0,normal,22,46,0,0,46,0.00,100.00,0.000,15.000,1.348,0.000
darkness,1,3,50,form-entry,22,46,0,4,42,0.00,91.30,0.522,14.913,3.000,0.000
darkness,1,3,50,normal,22,46,0,2,44,0.00,95.65,0.174,15.000,1.391,0.000
darkness,1,3,100,form-entry,22,46,2,6,38,4.35,82.61,0.522,14.652,3.000,0.000
darkness,1,3,100,normal,22,46,0,4,42,0.00,91.30,0.304,14.826,1.652,0.000
darkness,0,1,0,form-entry,22,46,2,4,40,4.35,86.96,0.087,14.391,1.000,0.000
darkness,0,1,0,normal,22,46,0,2,44,0.00,95.65,0.043,14.652,0.522,0.000
darkness,0,1,50,form-entry,22,46,2,6,38,4.35,82.61,0.130,14.435,1.000,0.000
darkness,0,1,50,normal,22,46,0,4,42,0.00,91.30,0.087,14.652,0.478,0.000
darkness,0,1,100,form-entry,22,46,0,2,44,0.00,95.65,0.043,14.870,1.000,0.000
darkness,0,1,100,normal,22,46,0,4,42,0.00,91.30,0.087,14.652,0.478,0.000
darkness,0,3,0,form-entry,22,46,12,8,26,26.09,56.52,0.739,13.913,3.000,0.000
darkness,0,3,0,normal,22,46,0,4,42,0.00,91.30,0.261,14.696,2.087,0.000
darkness,0,3,50,form-entry,22,46,8,6,32,17.39,69.57,0.696,14.000,3.000,0.000
darkness,0,3,50,normal,22,46,0,2,44,0.00,95.65,0.391,14.609,2.087,0.000
darkness,0,3,100,form-entry,22,46,6,10,30,13.04,65.22,0.826,14.000,3.000,0.000
darkness,0,3,100,normal,22,46,0,4,42,0.00,91.30,0.391,14.783,2.174,0.000
death,9,1,0,normal,22,46,2,2,42,4.35,91.30,0.043,14.913,0.000,0.000
death,9,1,50,normal,22,46,2,2,42,4.35,91.30,0.043,14.913,0.000,0.000
death,9,1,100,normal,22,46,2,2,42,4.35,91.30,0.043,14.913,0.000,0.000
death,9,3,0,normal,22,46,2,2,42,4.35,91.30,0.261,14.870,0.000,0.000
death,9,3,50,normal,22,46,2,2,42,4.35,91.30,0.261,14.870,0.000,0.000
death,9,3,100,normal,22,46,2,2,42,4.35,91.30,0.261,14.870,0.000,0.000
death,8,1,0,normal,22,46,0,22,24,0.00,52.17,0.478,14.043,0.000,0.000
death,8,1,50,normal,22,46,0,22,24,0.00,52.17,0.478,14.043,0.000,0.000
death,8,1,100,normal,22,46,0,22,24,0.00,52.17,0.478,14.043,0.000,0.000
death,8,3,0,normal,22,46,0,20,26,0.00,56.52,1.609,14.261,0.000,0.000
death,8,3,50,normal,22,46,0,20,26,0.00,56.52,1.565,14.217,0.000,0.000
death,8,3,100,normal,22,46,0,20,26,0.00,56.52,1.565,14.217,0.000,0.000
death,7,1,0,normal,22,46,0,2,44,0.00,95.65,0.087,14.913,0.000,0.000
death,7,1,50,normal,22,46,0,0,46,0.00,100.00,0.043,15.000,0.000,0.000
death,7,1,100,normal,22,46,0,0,46,0.00,100.00,0.087,15.000,0.000,0.000
death,7,3,0,normal,22,46,0,2,44,0.00,95.65,0.348,15.000,0.000,0.000
death,7,3,50,normal,22,46,0,0,46,0.00,100.00,0.391,15.000,0.000,0.000
death,7,3,100,normal,22,46,0,0,46,0.00,100.00,0.348,15.000,0.000,0.000
death,6,1,0,normal,22,46,0,0,46,0.00,100.00,0.043,15.000,0.000,0.000
death,6,1,50,normal,22,46,0,0,46,0.00,100.00,0.043,15.000,0.000,0.000
death,6,1,100,normal,22,46,0,0,46,0.00,100.00,0.043,15.000,0.000,0.000
death,6,3,0,normal,22,46,0,0,46,0.00,100.00,0.130,15.000,0.000,0.000
death,6,3,50,normal,22,46,0,0,46,0.00,100.00,0.304,15.000,0.000,0.000
death,6,3,100,normal,22,46,0,0,46,0.00,100.00,0.304,15.000,0.000,0.000
death,5,1,0,normal,22,46,6,0,40,13.04,86.96,0.000,14.739,0.000,0.000
death,5,1,50,normal,22,46,6,2,38,13.04,82.61,0.043,14.609,0.000,0.000
death,5,1,100,normal,22,46,6,2,38,13.04,82.61,0.043,14.609,0.000,0.000
death,5,3,0,normal,22,46,2,0,44,4.35,95.65,0.217,14.913,0.000,0.000
death,5,3,50,normal,22,46,2,0,44,4.35,95.65,0.087,14.913,0.000,0.000
death,5,3,100,normal,22,46,2,0,44,4.35,95.65,0.087,14.913,0.000,0.000
death,4,1,0,form-entry,22,46,6,6,34,13.04,73.91,0.130,14.043,1.000,0.000
death,4,1,0,normal,22,46,2,2,42,4.35,91.30,0.043,14.739,0.435,0.000
death,4,1,50,form-entry,22,46,4,6,36,8.70,78.26,0.130,14.087,1.000,0.000
death,4,1,50,normal,22,46,0,2,44,0.00,95.65,0.043,14.739,0.435,0.000
death,4,1,100,form-entry,22,46,4,6,36,8.70,78.26,0.130,14.087,1.000,0.000
death,4,1,100,normal,22,46,0,2,44,0.00,95.65,0.043,14.739,0.478,0.000
death,4,3,0,form-entry,22,46,4,6,36,8.70,78.26,0.522,14.174,3.000,0.000
death,4,3,0,normal,22,46,0,0,46,0.00,100.00,0.087,15.000,1.522,0.000
death,4,3,50,form-entry,22,46,6,6,34,13.04,73.91,0.435,14.087,3.000,0.000
death,4,3,50,normal,22,46,0,0,46,0.00,100.00,0.043,15.000,1.565,0.000
death,4,3,100,form-entry,22,46,6,6,34,13.04,73.91,0.435,14.087,3.000,0.000
death,4,3,100,normal,22,46,0,0,46,0.00,100.00,0.043,15.000,1.609,0.000
death,3,1,0,form-entry,22,46,2,4,40,4.35,86.96,0.087,14.478,1.000,0.000
death,3,1,0,normal,22,46,0,2,44,0.00,95.65,0.043,14.739,0.261,0.000
death,3,1,50,form-entry,22,46,2,4,40,4.35,86.96,0.087,14.478,1.000,0.000
death,3,1,50,normal,22,46,0,2,44,0.00,95.65,0.043,14.739,0.217,0.000
death,3,1,100,form-entry,22,46,2,6,38,4.35,82.61,0.130,14.348,1.000,0.000
death,3,1,100,normal,22,46,0,2,44,0.00,95.65,0.043,14.739,0.217,0.000
death,3,3,0,form-entry,22,46,0,0,46,0.00,100.00,0.435,15.000,3.000,0.000
death,3,3,0,normal,22,46,0,0,46,0.00,100.00,0.000,15.000,1.435,0.000
death,3,3,50,form-entry,22,46,0,0,46,0.00,100.00,0.435,15.000,3.000,0.000
death,3,3,50,normal,22,46,0,0,46,0.00,100.00,0.000,15.000,1.435,0.000
death,3,3,100,form-entry,22,46,0,0,46,0.00,100.00,0.435,15.000,3.000,0.000
death,3,3,100,normal,22,46,0,0,46,0.00,100.00,0.000,15.000,1.435,0.000
death,2,1,0,form-entry,22,46,6,0,40,13.04,86.96,0.000,14.826,1.000,0.000
death,2,1,0,normal,22,46,0,0,46,0.00,100.00,0.000,15.000,0.304,0.000
death,2,1,50,form-entry,22,46,6,0,40,13.04,86.96,0.000,14.826,1.000,0.000
death,2,1,50,normal,22,46,0,0,46,0.00,100.00,0.000,15.000,0.130,0.000
death,2,1,100,form-entry,22,46,6,2,38,13.04,82.61,0.043,14.435,1.000,0.000
death,2,1,100,normal,22,46,0,2,44,0.00,95.65,0.043,14.739,0.130,0.000
death,2,3,0,form-entry,22,46,4,4,38,8.70,82.61,0.435,14.304,3.000,0.000
death,2,3,0,normal,22,46,0,2,44,0.00,95.65,0.130,14.957,0.783,0.000
death,2,3,50,form-entry,22,46,4,4,38,8.70,82.61,0.435,14.304,3.000,0.000
death,2,3,50,normal,22,46,0,0,46,0.00,100.00,0.130,15.000,0.739,0.000
death,2,3,100,form-entry,22,46,4,4,38,8.70,82.61,0.435,14.261,3.000,0.000
death,2,3,100,normal,22,46,0,2,44,0.00,95.65,0.174,14.957,0.696,0.000
death,1,1,0,form-entry,22,46,4,0,42,8.70,91.30,0.000,14.696,1.000,0.000
death,1,1,0,normal,22,46,0,0,46,0.00,100.00,0.000,15.000,0.174,0.000
death,1,1,50,form-entry,22,46,4,0,42,8.70,91.30,0.000,14.696,1.000,0.000
death,1,1,50,normal,22,46,0,0,46,0.00,100.00,0.000,15.000,0.130,0.000
death,1,1,100,form-entry,22,46,4,0,42,8.70,91.30,0.000,14.696,1.000,0.000
death,1,1,100,normal,22,46,0,0,46,0.00,100.00,0.000,15.000,0.130,0.000
death,1,3,0,form-entry,22,46,0,6,40,0.00,86.96,0.391,14.696,3.000,0.000
death,1,3,0,normal,22,46,0,4,42,0.00,91.30,0.348,14.957,0.957,0.000
death,1,3,50,form-entry,22,46,0,6,40,0.00,86.96,0.391,14.696,3.000,0.000
death,1,3,50,normal,22,46,0,2,44,0.00,95.65,0.217,14.870,0.957,0.000
death,1,3,100,form-entry,22,46,0,8,38,0.00,82.61,0.522,14.652,3.000,0.000
death,1,3,100,normal,22,46,0,2,44,0.00,95.65,0.217,14.870,0.913,0.000
death,0,1,0,form-entry,22,46,0,2,44,0.00,95.65,0.043,14.609,1.000,0.000
death,0,1,0,normal,22,46,0,2,44,0.00,95.65,0.043,14.739,0.304,0.000
death,0,1,50,form-entry,22,46,0,2,44,0.00,95.65,0.043,14.609,1.000,0.000
death,0,1,50,normal,22,46,0,2,44,0.00,95.65,0.043,14.739,0.217,0.000
death,0,1,100,form-entry,22,46,0,2,44,0.00,95.65,0.043,14.609,1.000,0.000
death,0,1,100,normal,22,46,0,2,44,0.00,95.65,0.043,14.739,0.174,0.000
death,0,3,0,form-entry,22,46,0,8,38,0.00,82.61,0.739,14.174,3.000,0.000
death,0,3,0,normal,22,46,0,4,42,0.00,91.30,0.391,14.957,1.522,0.000
death,0,3,50,form-entry,22,46,0,10,36,0.00,78.26,0.957,14.217,3.000,0.000
death,0,3,50,normal,22,46,0,4,42,0.00,91.30,0.304,14.652,1.565,0.000
death,0,3,100,form-entry,22,46,0,8,38,0.00,82.61,0.913,14.043,3.000,0.000
death,0,3,100,normal,22,46,0,4,42,0.00,91.30,0.261,14.652,1.565,0.000
demoness,9,1,0,normal,22,46,6,6,34,13.04,73.91,0.130,14.565,0.000,0.000
demoness,9,1,50,normal,22,46,6,6,34,13.04,73.91,0.130,14.565,0.000,0.000
demoness,9,1,100,normal,22,46,6,6,34,13.04,73.91,0.130,14.565,0.000,0.000
demoness,9,3,0,normal,22,46,2,4,40,4.35,86.96,0.565,14.913,0.000,0.000
demoness,9,3,50,normal,22,46,2,4,40,4.35,86.96,0.565,14.913,0.000,0.000
demoness,9,3,100,normal,22,46,2,4,40,4.35,86.96,0.565,14.913,0.000,0.000
demoness,8,1,0,normal,22,46,4,22,20,8.70,43.48,0.478,13.478,0.000,0.000
demoness,8,1,50,normal,22,46,4,24,18,8.70,39.13,0.522,13.304,0.000,0.000
demoness,8,1,100,normal,22,46,4,22,20,8.70,43.48,0.478,13.478,0.000,0.000
demoness,8,3,0,normal,22,46,0,24,22,0.00,47.83,1.739,14.000,0.000,0.000
demoness,8,3,50,normal,22,46,0,26,20,0.00,43.48,1.870,13.957,0.000,0.000
demoness,8,3,100,normal,22,46,0,24,22,0.00,47.83,1.739,14.000,0.000,0.000
demoness,7,1,0,normal,22,46,8,14,24,17.39,52.17,0.304,13.174,0.000,0.000
demoness,7,1,50,normal,22,46,8,14,24,17.39,52.17,0.304,13.174,0.000,0.000
demoness,7,1,100,normal,22,46,8,14,24,17.39,52.17,0.304,13.304,0.000,0.000
demoness,7,3,0,normal,22,46,2,16,28,4.35,60.87,1.478,13.870,0.000,0.000
demoness,7,3,50,normal,22,46,2,16,28,4.35,60.87,1.522,13.826,0.000,0.000
demoness,7,3,100,normal,22,46,2,16,28,4.35,60.87,1.522,13.913,0.000,0.000
demoness,6,1,0,normal,22,46,12,8,26,26.09,56.52,0.174,13.957,0.000,0.000
demoness,6,1,50,normal,22,46,10,10,26,21.74,56.52,0.217,13.826,0.000,0.000
demoness,6,1,100,normal,22,46,12,8,26,26.09,56.52,0.174,13.913,0.000,0.000
demoness,6,3,0,normal,22,46,6,8,32,13.04,69.57,1.000,14.348,0.000,0.000
demoness,6,3,50,normal,22,46,6,6,34,13.04,73.91,0.913,14.478,0.000,0.000
demoness,6,3,100,normal,22,46,8,6,32,17.39,69.57,1.000,14.478,0.000,0.000
demoness,5,1,0,normal,22,46,14,8,24,30.43,52.17,0.174,13.609,0.000,0.000
demoness,5,1,50,normal,22,46,14,10,22,30.43,47.83,0.217,13.783,0.000,0.000
demoness,5,1,100,normal,22,46,14,10,22,30.43,47.83,0.217,13.565,0.000,0.000
demoness,5,3,0,normal,22,46,2,6,38,4.35,82.61,0.826,14.261,0.000,0.000
demoness,5,3,50,normal,22,46,0,8,38,0.00,82.61,1.000,14.304,0.000,0.000
demoness,5,3,100,normal,22,46,0,10,36,0.00,78.26,1.043,14.043,0.000,0.000
demoness,4,1,0,form-entry,22,46,18,6,22,39.13,47.83,0.130,12.696,1.000,0.000
demoness,4,1,0,normal,22,46,0,4,42,0.00,91.30,0.087,14.826,0.826,0.000
demoness,4,1,50,form-entry,22,46,18,4,24,39.13,52.17,0.087,12.957,1.000,0.000
demoness,4,1,50,normal,22,46,0,4,42,0.00,91.30,0.087,14.739,0.826,0.000
demoness,4,1,100,form-entry,22,46,18,4,24,39.13,52.17,0.087,12.957,1.000,0.000
demoness,4,1,100,normal,22,46,0,4,42,0.00,91.30,0.087,14.739,0.826,0.000
demoness,4,3,0,form-entry,22,46,10,6,30,21.74,65.22,1.000,13.739,3.000,0.000
demoness,4,3,0,normal,22,46,0,2,44,0.00,95.65,0.391,14.826,2.261,0.000
demoness,4,3,50,form-entry,22,46,10,12,24,21.74,52.17,1.130,13.739,3.000,0.000
demoness,4,3,50,normal,22,46,0,6,40,0.00,86.96,0.478,14.696,2.217,0.000
demoness,4,3,100,form-entry,22,46,10,14,22,21.74,47.83,1.435,13.609,3.000,0.000
demoness,4,3,100,normal,22,46,0,4,42,0.00,91.30,0.435,14.739,2.261,0.000
demoness,3,1,0,form-entry,22,46,16,2,28,34.78,60.87,0.043,13.565,1.000,0.000
demoness,3,1,0,normal,22,46,0,2,44,0.00,95.65,0.043,14.783,0.609,0.000
demoness,3,1,50,form-entry,22,46,16,4,26,34.78,56.52,0.087,13.391,1.000,0.000
demoness,3,1,50,normal,22,46,0,2,44,0.00,95.65,0.043,14.783,0.739,0.000
demoness,3,1,100,form-entry,22,46,16,4,26,34.78,56.52,0.087,13.087,1.000,0.000
demoness,3,1,100,normal,22,46,0,2,44,0.00,95.65,0.043,14.957,0.696,0.000
demoness,3,3,0,form-entry,22,46,12,12,22,26.09,47.83,1.130,13.870,3.000,0.000
demoness,3,3,0,normal,22,46,0,2,44,0.00,95.65,0.391,14.826,2.391,0.000
demoness,3,3,50,form-entry,22,46,14,8,24,30.43,52.17,1.000,13.783,3.000,0.000
demoness,3,3,50,normal,22,46,0,2,44,0.00,95.65,0.478,14.826,2.391,0.000
demoness,3,3,100,form-entry,22,46,16,8,22,34.78,47.83,0.913,13.565,3.000,0.000
demoness,3,3,100,normal,22,46,0,2,44,0.00,95.65,0.478,14.826,2.609,0.000
demoness,2,1,0,form-entry,22,46,18,4,24,39.13,52.17,0.087,12.913,1.000,0.000
demoness,2,1,0,normal,22,46,0,0,46,0.00,100.00,0.000,15.000,0.609,0.000
demoness,2,1,50,form-entry,22,46,18,4,24,39.13,52.17,0.087,12.913,1.000,0.000
demoness,2,1,50,normal,22,46,0,0,46,0.00,100.00,0.000,15.000,0.652,0.000
demoness,2,1,100,form-entry,22,46,16,4,26,34.78,56.52,0.087,12.957,1.000,0.000
demoness,2,1,100,normal,22,46,0,0,46,0.00,100.00,0.000,15.000,0.652,0.000
demoness,2,3,0,form-entry,22,46,22,4,20,47.83,43.48,0.522,12.652,3.000,0.000
demoness,2,3,0,normal,22,46,14,4,28,30.43,60.87,0.435,14.435,2.130,0.000
demoness,2,3,50,form-entry,22,46,22,4,20,47.83,43.48,0.522,12.565,3.000,0.000
demoness,2,3,50,normal,22,46,14,2,30,30.43,65.22,0.435,14.435,2.174,0.000
demoness,2,3,100,form-entry,22,46,24,2,20,52.17,43.48,0.391,12.391,3.000,0.000
demoness,2,3,100,normal,22,46,12,6,28,26.09,60.87,0.478,14.217,2.261,0.000
demoness,1,1,0,form-entry,22,46,6,4,36,13.04,78.26,0.087,14.522,1.000,0.000
demoness,1,1,0,normal,22,46,0,0,46,0.00,100.00,0.000,15.000,0.609,0.000
demoness,1,1,50,form-entry,22,46,4,6,36,8.70,78.26,0.130,14.391,1.000,0.000
demoness,1,1,50,normal,22,46,0,0,46,0.00,100.00,0.000,15.000,0.696,0.000
demoness,1,1,100,form-entry,22,46,6,4,36,13.04,78.26,0.087,14.522,1.000,0.000
demoness,1,1,100,normal,22,46,0,0,46,0.00,100.00,0.000,15.000,0.696,0.000
demoness,1,3,0,form-entry,22,46,18,0,28,39.13,60.87,0.435,13.696,3.000,0.000
demoness,1,3,0,normal,22,46,12,2,32,26.09,69.57,0.261,14.522,2.174,0.000
demoness,1,3,50,form-entry,22,46,18,0,28,39.13,60.87,0.478,13.696,3.000,0.000
demoness,1,3,50,normal,22,46,10,2,34,21.74,73.91,0.261,14.435,2.174,0.000
demoness,1,3,100,form-entry,22,46,22,0,24,47.83,52.17,0.261,13.348,3.000,0.000
demoness,1,3,100,normal,22,46,8,4,34,17.39,73.91,0.391,14.435,2.217,0.000
demoness,0,1,0,form-entry,22,46,2,10,34,4.35,73.91,0.217,13.826,1.000,0.000
demoness,0,1,0,normal,22,46,0,4,42,0.00,91.30,0.087,14.826,0.913,0.000
demoness,0,1,50,form-entry,22,46,2,8,36,4.35,78.26,0.174,14.217,1.000,0.000
demoness,0,1,50,normal,22,46,0,2,44,0.00,95.65,0.043,14.913,0.913,0.000
demoness,0,1,100,form-entry,22,46,2,10,34,4.35,73.91,0.217,14.217,1.000,0.000
demoness,0,1,100,normal,22,46,0,2,44,0.00,95.65,0.043,14.913,0.913,0.000
demoness,0,3,0,form-entry,22,46,16,12,18,34.78,39.13,1.174,12.913,3.000,0.000
demoness,0,3,0,normal,22,46,0,8,38,0.00,82.61,0.957,14.609,2.739,0.000
demoness,0,3,50,form-entry,22,46,14,10,22,30.43,47.83,1.217,13.174,3.000,0.000
demoness,0,3,50,normal,22,46,4,10,32,8.70,69.57,1.000,14.304,2.652,0.000
demoness,0,3,100,form-entry,22,46,14,10,22,30.43,47.83,1.087,13.435,3.000,0.000
demoness,0,3,100,normal,22,46,4,8,34,8.70,73.91,0.826,14.565,2.609,0.000
door,9,1,0,normal,22,46,0,4,42,0.00,91.30,0.087,14.870,0.000,0.000
door,9,1,50,normal,22,46,0,4,42,0.00,91.30,0.087,14.870,0.000,0.000
door,9,1,100,normal,22,46,0,4,42,0.00,91.30,0.087,14.870,0.000,0.000
door,9,3,0,normal,22,46,0,2,44,0.00,95.65,0.391,14.913,0.000,0.000
door,9,3,50,normal,22,46,0,2,44,0.00,95.65,0.391,14.913,0.000,0.000
door,9,3,100,normal,22,46,0,2,44,0.00,95.65,0.391,14.913,0.000,0.000
door,8,1,0,normal,22,46,24,10,12,52.17,26.09,0.217,13.174,0.000,0.000
door,8,1,50,normal,22,46,24,12,10,52.17,21.74,0.261,13.174,0.000,0.000
door,8,1,100,normal,22,46,24,10,12,52.17,26.09,0.217,13.174,0.000,0.000
door,8,3,0,normal,22,46,24,8,14,52.17,30.43,1.000,14.217,0.000,0.000
door,8,3,50,normal,22,46,24,10,12,52.17,26.09,1.043,14.217,0.000,0.000
door,8,3,100,normal,22,46,24,8,14,52.17,30.43,1.000,14.217,0.000,0.000
door,7,1,0,normal,22,46,14,12,20,30.43,43.48,0.261,13.348,0.000,0.000
door,7,1,50,normal,22,46,14,12,20,30.43,43.48,0.261,13.435,0.000,0.000
door,7,1,100,normal,22,46,14,12,20,30.43,43.48,0.261,13.348,0.000,0.000
door,7,3,0,normal,22,46,32,6,8,69.57,17.39,0.478,12.043,0.000,0.000
door,7,3,50,normal,22,46,30,6,10,65.22,21.74,0.478,12.043,0.000,0.000
door,7,3,100,normal,22,46,30,6,10,65.22,21.74,0.478,12.000,0.000,0.000
door,6,1,0,normal,22,46,6,16,24,13.04,52.17,0.348,13.174,0.000,0.000
door,6,1,50,normal,22,46,8,18,20,17.39,43.48,0.391,13.174,0.000,0.000
door,6,1,100,normal,22,46,8,14,24,17.39,52.17,0.304,13.043,0.000,0.000
door,6,3,0,normal,22,46,22,4,20,47.83,43.48,0.522,12.348,0.000,0.000
door,6,3,50,normal,22,46,22,6,18,47.83,39.13,0.565,11.870,0.000,0.000
door,6,3,100,normal,22,46,22,8,16,47.83,34.78,0.652,11.870,0.000,0.000
door,5,1,0,normal,22,46,12,2,32,26.09,69.57,0.043,13.870,0.000,0.000
door,5,1,50,normal,22,46,18,6,22,39.13,47.83,0.130,13.826,0.000,0.000
door,5,1,100,normal,22,46,18,6,22,39.13,47.83,0.130,13.522,0.000,0.000
door,5,3,0,normal,22,46,28,4,14,60.87,30.43,0.435,12.522,0.000,0.000
door,5,3,50,normal,22,46,32,2,12,69.57,26.09,0.174,12.261,0.000,0.000
door,5,3,100,normal,22,46,30,2,14,65.22,30.43,0.217,12.304,0.000,0.000
door,4,1,0,form-entry,22,46,28,6,12,60.87,26.09,0.130,10.957,1.000,0.000
door,4,1,0,normal,22,46,16,2,28,34.78,60.87,0.043,14.478,0.565,0.000
door,4,1,50,form-entry,22,46,32,4,10,69.57,21.74,0.087,10.739,1.000,0.000
door,4,1,50,normal,22,46,10,4,32,21.74,69.57,0.087,14.304,0.652,0.000
door,4,1,100,form-entry,22,46,26,10,10,56.52,21.74,0.217,10.739,1.000,0.000
door,4,1,100,normal,22,46,12,4,30,26.09,65.22,0.087,14.174,0.783,0.000
door,4,3,0,form-entry,22,46,38,2,6,82.61,13.04,0.304,9.130,3.000,0.000
door,4,3,0,normal,22,46,26,2,18,56.52,39.13,0.174,12.522,1.522,0.000
door,4,3,50,form-entry,22,46,42,2,2,91.30,4.35,0.174,8.261,3.000,0.000
door,4,3,50,normal,22,46,26,2,18,56.52,39.13,0.130,12.696,1.391,0.000
door,4,3,100,form-entry,22,46,38,4,4,82.61,8.70,0.435,8.870,3.000,0.000
door,4,3,100,normal,22,46,26,2,18,56.52,39.13,0.130,12.478,1.609,0.000
door,3,1,0,form-entry,22,46,18,2,26,39.13,56.52,0.043,13.478,1.000,0.000
door,3,1,0,normal,22,46,0,0,46,0.00,100.00,0.000,15.000,0.391,0.000
door,3,1,50,form-entry,22,46,18,6,22,39.13,47.83,0.130,13.783,1.000,0.000
door,3,1,50,normal,22,46,2,2,42,4.35,91.30,0.043,14.696,0.391,0.000
door,3,1,100,form-entry,22,46,14,4,28,30.43,60.87,0.087,13.652,1.000,0.000
door,3,1,100,normal,22,46,2,0,44,4.35,95.65,0.000,14.957,0.391,0.000
door,3,3,0,form-entry,22,46,26,0,20,56.52,43.48,0.130,12.652,3.000,0.000
door,3,3,0,normal,22,46,10,0,36,21.74,78.26,0.174,14.435,1.391,0.000
door,3,3,50,form-entry,22,46,28,2,16,60.87,34.78,0.261,12.652,3.000,0.000
door,3,3,50,normal,22,46,12,0,34,26.09,73.91,0.217,14.435,1.348,0.000
door,3,3,100,form-entry,22,46,24,2,20,52.17,43.48,0.304,12.696,3.000,0.000
door,3,3,100,normal,22,46,18,2,26,39.13,56.52,0.174,14.130,1.261,0.000
door,2,1,0,form-entry,22,46,2,0,44,4.35,95.65,0.000,14.870,1.000,0.000
door,2,1,0,normal,22,46,0,0,46,0.00,100.00,0.000,15.000,0.087,0.000
door,2,1,50,form-entry,22,46,0,0,46,0.00,100.00,0.000,15.000,1.000,0.000
door,2,1,50,normal,22,46,0,2,44,0.00,95.65,0.043,14.609,0.261,0.000
door,2,1,100,form-entry,22,46,0,4,42,0.00,91.30,0.087,14.957,1.000,0.000
door,2,1,100,normal,22,46,0,2,44,0.00,95.65,0.043,14.609,0.217,0.000
door,2,3,0,form-entry,22,46,8,0,38,17.39,82.61,0.043,14.609,3.000,0.000
door,2,3,0,normal,22,46,0,0,46,0.00,100.00,0.043,15.000,0.913,0.000
door,2,3,50,form-entry,22,46,6,0,40,13.04,86.96,0.043,14.478,3.000,0.000
door,2,3,50,normal,22,46,2,0,44,4.35,95.65,0.043,14.957,0.870,0.000
door,2,3,100,form-entry,22,46,6,0,40,13.04,86.96,0.043,14.478,3.000,0.000
door,2,3,100,normal,22,46,6,0,40,13.04,86.96,0.087,14.783,0.870,0.000
door,1,1,0,form-entry,22,46,0,0,46,0.00,100.00,0.000,15.000,1.000,0.000
door,1,1,0,normal,22,46,2,2,42,4.35,91.30,0.043,14.565,0.087,0.000
door,1,1,50,form-entry,22,46,0,0,46,0.00,100.00,0.000,15.000,1.000,0.000
door,1,1,50,normal,22,46,0,2,44,0.00,95.65,0.043,14.609,0.217,0.000
door,1,1,100,form-entry,22,46,2,0,44,4.35,95.65,0.000,15.000,1.000,0.000
door,1,1,100,normal,22,46,0,2,44,0.00,95.65,0.043,14.609,0.174,0.000
door,1,3,0,form-entry,22,46,20,0,26,43.48,56.52,0.087,13.783,3.000,0.000
door,1,3,0,normal,22,46,26,0,20,56.52,43.48,0.043,13.000,0.957,0.000
door,1,3,50,form-entry,22,46,26,0,20,56.52,43.48,0.087,13.000,3.000,0.000
door,1,3,50,normal,22,46,30,0,16,65.22,34.78,0.043,12.870,0.739,0.000
door,1,3,100,form-entry,22,46,26,0,20,56.52,43.48,0.130,12.826,3.000,0.000
door,1,3,100,normal,22,46,34,0,12,73.91,26.09,0.043,12.739,0.652,0.000
door,0,1,0,form-entry,22,46,18,2,26,39.13,56.52,0.043,13.783,1.000,0.000
door,0,1,0,normal,22,46,6,0,40,13.04,86.96,0.000,14.739,0.391,0.000
door,0,1,50,form-entry,22,46,16,6,24,34.78,52.17,0.130,14.000,1.000,0.000
door,0,1,50,normal,22,46,6,0,40,13.04,86.96,0.000,14.609,0.261,0.000
door,0,1,100,form-entry,22,46,22,4,20,47.83,43.48,0.087,13.783,1.000,0.000
door,0,1,100,normal,22,46,12,0,34,26.09,73.91,0.000,14.391,0.348,0.000
door,0,3,0,form-entry,22,46,40,2,4,86.96,8.70,0.261,10.783,3.000,0.000
door,0,3,0,normal,22,46,38,0,8,82.61,17.39,0.130,11.652,0.696,0.000
door,0,3,50,form-entry,22,46,40,2,4,86.96,8.70,0.217,11.522,3.000,0.000
door,0,3,50,normal,22,46,38,2,6,82.61,13.04,0.130,10.826,0.522,0.000
door,0,3,100,form-entry,22,46,42,2,2,91.30,4.35,0.261,11.391,3.000,0.000
door,0,3,100,normal,22,46,36,2,8,78.26,17.39,0.174,11.174,0.565,0.000
error,9,1,0,normal,22,46,0,2,44,0.00,95.65,0.043,14.913,0.000,0.000
error,9,1,50,normal,22,46,0,2,44,0.00,95.65,0.043,14.913,0.000,0.000
error,9,1,100,normal,22,46,0,2,44,0.00,95.65,0.043,14.913,0.000,0.000
error,9,3,0,normal,22,46,0,2,44,0.00,95.65,0.261,14.913,0.000,0.000
error,9,3,50,normal,22,46,0,2,44,0.00,95.65,0.261,14.913,0.000,0.000
error,9,3,100,normal,22,46,0,2,44,0.00,95.65,0.261,14.913,0.000,0.000
error,8,1,0,normal,22,46,2,4,40,4.35,86.96,0.087,15.000,0.000,0.000
error,8,1,50,normal,22,46,2,4,40,4.35,86.96,0.087,15.000,0.000,0.000
error,8,1,100,normal,22,46,2,4,40,4.35,86.96,0.087,15.000,0.000,0.000
error,8,3,0,normal,22,46,0,8,38,0.00,82.61,1.000,14.739,0.000,0.000
error,8,3,50,normal,22,46,0,8,38,0.00,82.61,1.087,14.739,0.000,0.000
error,8,3,100,normal,22,46,0,8,38,0.00,82.61,1.000,14.739,0.000,0.000
error,7,1,0,normal,22,46,0,8,38,0.00,82.61,0.174,14.870,0.000,0.000
error,7,1,50,normal,22,46,0,8,38,0.00,82.61,0.174,14.870,0.000,0.000
error,7,1,100,normal,22,46,0,8,38,0.00,82.61,0.174,14.870,0.000,0.000
error,7,3,0,normal,22,46,0,2,44,0.00,95.65,0.391,14.826,0.000,0.000
error,7,3,50,normal,22,46,0,4,42,0.00,91.30,0.435,14.826,0.000,0.000
error,7,3,100,normal,22,46,0,2,44,0.00,95.65,0.391,14.826,0.000,0.000
error,6,1,0,normal,22,46,0,10,36,0.00,78.26,0.217,14.696,0.000,0.000
error,6,1,50,normal,22,46,2,10,34,4.35,73.91,0.217,14.435,0.000,0.000
error,6,1,100,normal,22,46,2,4,40,4.35,86.96,0.087,14.478,0.000,0.000
error,6,3,0,normal,22,46,0,10,36,0.00,78.26,1.087,14.478,0.000,0.000
error,6,3,50,normal,22,46,0,4,42,0.00,91.30,0.783,14.826,0.000,0.000
error,6,3,100,normal,22,46,0,10,36,0.00,78.26,1.174,14.652,0.000,0.000
error,5,1,0,normal,22,46,0,2,44,0.00,95.65,0.043,14.609,0.000,0.000
error,5,1,50,normal,22,46,0,4,42,0.00,91.30,0.087,14.609,0.000,0.000
error,5,1,100,normal,22,46,0,4,42,0.00,91.30,0.087,14.522,0.000,0.000
error,5,3,0,normal,22,46,0,2,44,0.00,95.65,0.478,14.957,0.000,0.000
error,5,3,50,normal,22,46,0,4,42,0.00,91.30,0.478,14.826,0.000,0.000
error,5,3,100,normal,22,46,0,4,42,0.00,91.30,0.391,14.739,0.000,0.000
error,4,1,0,form-entry,22,46,0,2,44,0.00,95.65,0.043,14.609,1.000,0.000
error,4,1,0,normal,22,46,0,2,44,0.00,95.65,0.043,14.609,0.087,0.000
error,4,1,50,form-entry,22,46,4,2,40,8.70,86.96,0.043,14.043,1.000,0.000
error,4,1,50,normal,22,46,2,2,42,4.35,91.30,0.043,14.478,0.087,0.000
error,4,1,100,form-entry,22,46,4,2,40,8.70,86.96,0.043,14.043,1.000,0.000
error,4,1,100,normal,22,46,2,2,42,4.35,91.30,0.043,14.478,0.130,0.000
error,4,3,0,form-entry,22,46,4,2,40,8.70,86.96,0.348,14.739,3.000,0.000
error,4,3,0,normal,22,46,0,2,44,0.00,95.65,0.261,14.826,0.696,0.000
error,4,3,50,form-entry,22,46,2,8,36,4.35,78.26,0.609,14.174,3.000,0.000
error,4,3,50,normal,22,46,0,0,46,0.00,100.00,0.261,15.000,0.739,0.000
error,4,3,100,form-entry,22,46,2,8,36,4.35,78.26,0.652,13.957,3.000,0.000
error,4,3,100,normal,22,46,0,2,44,0.00,95.65,0.261,14.609,0.783,0.000
error,3,1,0,form-entry,22,46,2,2,42,4.35,91.30,0.043,14.652,1.000,0.000
error,3,1,0,normal,22,46,0,2,44,0.00,95.65,0.043,14.870,0.130,0.000
error,3,1,50,form-entry,22,46,4,2,40,8.70,86.96,0.043,14.652,1.000,0.000
error,3,1,50,normal,22,46,0,2,44,0.00,95.65,0.043,14.870,0.174,0.000
error,3,1,100,form-entry,22,46,4,4,38,8.70,82.61,0.087,14.391,1.000,0.000
error,3,1,100,normal,22,46,0,2,44,0.00,95.65,0.043,14.609,0.174,0.000
error,3,3,0,form-entry,22,46,2,2,42,4.35,91.30,0.261,14.609,3.000,0.000
error,3,3,0,normal,22,46,0,2,44,0.00,95.65,0.174,14.609,0.522,0.000
error,3,3,50,form-entry,22,46,2,2,42,4.35,91.30,0.304,14.609,3.000,0.000
error,3,3,50,normal,22,46,0,2,44,0.00,95.65,0.261,14.609,0.609,0.000
error,3,3,100,form-entry,22,46,2,4,40,4.35,86.96,0.391,14.609,3.000,0.000
error,3,3,100,normal,22,46,0,2,44,0.00,95.65,0.174,14.609,0.609,0.000
error,2,1,0,form-entry,22,46,0,6,40,0.00,86.96,0.130,14.174,1.000,0.000
error,2,1,0,normal,22,46,0,2,44,0.00,95.65,0.043,14.609,0.043,0.000
error,2,1,50,form-entry,22,46,0,6,40,0.00,86.96,0.130,14.174,1.000,0.000
error,2,1,50,normal,22,46,0,2,44,0.00,95.65,0.043,14.609,0.087,0.000
error,2,1,100,form-entry,22,46,0,4,42,0.00,91.30,0.087,14.348,1.000,0.000
error,2,1,100,normal,22,46,0,2,44,0.00,95.65,0.043,14.609,0.087,0.000
error,2,3,0,form-entry,22,46,2,2,42,4.35,91.30,0.130,14.652,3.000,0.000
error,2,3,0,normal,22,46,0,2,44,0.00,95.65,0.130,14.870,0.739,0.000
error,2,3,50,form-entry,22,46,2,0,44,4.35,95.65,0.130,14.696,3.000,0.000
error,2,3,50,normal,22,46,0,2,44,0.00,95.65,0.130,14.870,0.696,0.000
error,2,3,100,form-entry,22,46,2,2,42,4.35,91.30,0.261,14.435,3.000,0.000
error,2,3,100,normal,22,46,0,2,44,0.00,95.65,0.130,15.000,0.739,0.000
error,1,1,0,form-entry,22,46,0,2,44,0.00,95.65,0.043,14.609,1.000,0.000
error,1,1,0,normal,22,46,0,2,44,0.00,95.65,0.043,14.609,0.043,0.000
error,1,1,50,form-entry,22,46,2,2,42,4.35,91.30,0.043,14.435,1.000,0.000
error,1,1,50,normal,22,46,0,2,44,0.00,95.65,0.043,14.609,0.000,0.000
error,1,1,100,form-entry,22,46,2,2,42,4.35,91.30,0.043,14.435,1.000,0.000
error,1,1,100,normal,22,46,0,2,44,0.00,95.65,0.043,14.609,0.000,0.000
error,1,3,0,form-entry,22,46,0,4,42,0.00,91.30,0.304,14.826,3.000,0.000
error,1,3,0,normal,22,46,0,2,44,0.00,95.65,0.130,14.652,0.652,0.000
error,1,3,50,form-entry,22,46,0,2,44,0.00,95.65,0.304,15.000,3.000,0.000
error,1,3,50,normal,22,46,0,2,44,0.00,95.65,0.130,14.652,0.522,0.000
error,1,3,100,form-entry,22,46,0,2,44,0.00,95.65,0.217,14.739,3.000,0.000
error,1,3,100,normal,22,46,0,2,44,0.00,95.65,0.130,14.652,0.565,0.000
error,0,1,0,form-entry,22,46,28,4,14,60.87,30.43,0.087,9.174,1.000,0.000
error,0,1,0,normal,22,46,4,2,40,8.70,86.96,0.043,14.261,0.217,0.000
error,0,1,50,form-entry,22,46,12,2,32,26.09,69.57,0.043,12.261,1.000,0.000
error,0,1,50,normal,22,46,0,2,44,0.00,95.65,0.043,14.609,0.087,0.000
error,0,1,100,form-entry,22,46,12,2,32,26.09,69.57,0.043,12.304,1.000,0.000
error,0,1,100,normal,22,46,0,2,44,0.00,95.65,0.043,14.609,0.087,0.000
error,0,3,0,form-entry,22,46,22,4,20,47.83,43.48,0.348,13.391,3.000,0.000
error,0,3,0,normal,22,46,2,4,40,4.35,86.96,0.348,14.565,1.043,0.000
error,0,3,50,form-entry,22,46,20,8,18,43.48,39.13,0.565,13.391,3.000,0.000
error,0,3,50,normal,22,46,2,2,42,4.35,91.30,0.304,14.826,0.957,0.000
error,0,3,100,form-entry,22,46,14,8,24,30.43,52.17,0.696,13.304,3.000,0.000
error,0,3,100,normal,22,46,2,2,42,4.35,91.30,0.217,14.565,1.000,0.000
fool,9,1,0,normal,22,46,0,2,44,0.00,95.65,0.043,15.000,0.000,0.000
fool,9,1,50,normal,22,46,0,2,44,0.00,95.65,0.043,15.000,0.000,0.000
fool,9,1,100,normal,22,46,0,2,44,0.00,95.65,0.043,15.000,0.000,0.000
fool,9,3,0,normal,22,46,0,4,42,0.00,91.30,0.652,15.000,0.000,0.000
fool,9,3,50,normal,22,46,0,4,42,0.00,91.30,0.652,15.000,0.000,0.000
fool,9,3,100,normal,22,46,0,4,42,0.00,91.30,0.652,15.000,0.000,0.000
fool,8,1,0,normal,22,46,26,18,2,56.52,4.35,0.391,10.870,0.000,0.000
fool,8,1,50,normal,22,46,26,16,4,56.52,8.70,0.348,11.000,0.000,0.000
fool,8,1,100,normal,22,46,26,18,2,56.52,4.35,0.391,10.870,0.000,0.000
fool,8,3,0,normal,22,46,28,10,8,60.87,17.39,1.043,13.217,0.000,0.000
fool,8,3,50,normal,22,46,26,12,8,56.52,17.39,1.043,13.174,0.000,0.000
fool,8,3,100,normal,22,46,26,12,8,56.52,17.39,1.087,13.174,0.000,0.000
fool,7,1,0,normal,22,46,16,10,20,34.78,43.48,0.217,12.522,0.000,0.000
fool,7,1,50,normal,22,46,16,10,20,34.78,43.48,0.217,12.478,0.000,0.000
fool,7,1,100,normal,22,46,16,10,20,34.78,43.48,0.217,12.522,0.000,0.000
fool,7,3,0,normal,22,46,10,10,26,21.74,56.52,1.087,13.652,0.000,0.000
fool,7,3,50,normal,22,46,10,10,26,21.74,56.52,1.087,13.652,0.000,0.000
fool,7,3,100,normal,22,46,10,10,26,21.74,56.52,1.087,13.652,0.000,0.000
fool,6,1,0,normal,22,46,8,16,22,17.39,47.83,0.348,13.261,0.000,0.000
fool,6,1,50,normal,22,46,8,16,22,17.39,47.83,0.348,12.957,0.000,0.000
fool,6,1,100,normal,22,46,8,18,20,17.39,43.48,0.391,12.913,0.000,0.000
fool,6,3,0,normal,22,46,2,22,22,4.35,47.83,1.696,13.696,0.000,0.000
fool,6,3,50,normal,22,46,4,20,22,8.70,47.83,1.565,13.435,0.000,0.000
fool,6,3,100,normal,22,46,4,22,20,8.70,43.48,1.739,13.522,0.000,0.000
fool,5,1,0,normal,22,46,18,14,14,39.13,30.43,0.304,10.304,0.000,0.000
fool,5,1,50,normal,22,46,22,14,10,47.83,21.74,0.304,10.174,0.000,0.000
fool,5,1,100,normal,22,46,26,14,6,56.52,13.04,0.304,9.174,0.000,0.000
fool,5,3,0,normal,22,46,20,4,22,43.48,47.83,0.826,13.522,0.000,0.000
fool,5,3,50,normal,22,46,18,6,22,39.13,47.83,0.783,13.391,0.000,0.000
fool,5,3,100,normal,22,46,20,4,22,43.48,47.83,0.609,13.087,0.000,0.000
fool,4,1,0,form-entry,22,46,24,18,4,52.17,8.70,0.391,10.739,1.000,0.000
fool,4,1,0,normal,22,46,20,6,20,43.48,43.48,0.130,12.000,0.652,0.000
fool,4,1,50,form-entry,22,46,22,18,6,47.83,13.04,0.391,10.652,1.000,0.000
fool,4,1,50,normal,22,46,22,4,20,47.83,43.48,0.087,12.130,0.652,0.000
fool,4,1,100,form-entry,22,46,26,12,8,56.52,17.39,0.261,9.783,1.000,0.000
fool,4,1,100,normal,22,46,28,2,16,60.87,34.78,0.043,10.130,0.478,0.000
fool,4,3,0,form-entry,22,46,26,6,14,56.52,30.43,1.043,12.261,3.174,0.000
fool,4,3,0,normal,22,46,24,2,20,52.17,43.48,0.261,12.739,1.913,0.000
fool,4,3,50,form-entry,22,46,26,6,14,56.52,30.43,1.087,12.000,3.217,0.000
fool,4,3,50,normal,22,46,18,2,26,39.13,56.52,0.304,13.217,2.000,0.000
fool,4,3,100,form-entry,22,46,30,8,8,65.22,17.39,1.087,10.739,3.130,0.000
fool,4,3,100,normal,22,46,24,2,20,52.17,43.48,0.304,12.043,1.652,0.000
fool,3,1,0,form-entry,22,46,22,10,14,47.83,30.43,0.217,10.913,1.000,0.000
fool,3,1,0,normal,22,46,26,0,20,56.52,43.48,0.000,11.435,0.217,0.000
fool,3,1,50,form-entry,22,46,22,8,16,47.83,34.78,0.174,11.000,1.000,0.000
fool,3,1,50,normal,22,46,26,0,20,56.52,43.48,0.000,11.391,0.261,0.000
fool,3,1,100,form-entry,22,46,24,8,14,52.17,30.43,0.174,10.130,1.000,0.000
fool,3,1,100,normal,22,46,28,2,16,60.87,34.78,0.043,10.043,0.174,0.000
fool,3,3,0,form-entry,22,46,22,6,18,47.83,39.13,0.609,12.565,3.130,0.000
fool,3,3,0,normal,22,46,22,0,24,47.83,52.17,0.304,12.609,1.130,0.000
fool,3,3,50,form-entry,22,46,20,6,20,43.48,43.48,0.522,12.652,3.130,0.000
fool,3,3,50,normal,22,46,20,0,26,43.48,56.52,0.261,12.478,1.130,0.000
fool,3,3,100,form-entry,22,46,20,6,20,43.48,43.48,0.478,12.087,3.130,0.000
fool,3,3,100,normal,22,46,26,4,16,56.52,34.78,0.261,11.130,0.957,0.000
fool,2,1,0,form-entry,22,46,20,0,26,43.48,56.52,0.000,11.609,1.000,0.000
fool,2,1,0,normal,22,46,24,2,20,52.17,43.48,0.043,10.783,0.304,0.000
fool,2,1,50,form-entry,22,46,20,0,26,43.48,56.52,0.000,11.609,1.000,0.000
fool,2,1,50,normal,22,46,26,2,18,56.52,39.13,0.043,10.304,0.217,0.000
fool,2,1,100,form-entry,22,46,24,0,22,52.17,47.83,0.000,10.565,1.000,0.000
fool,2,1,100,normal,22,46,28,2,16,60.87,34.78,0.043,9.565,0.217,0.000
fool,2,3,0,form-entry,22,46,28,0,18,60.87,39.13,0.304,12.739,3.130,0.000
fool,2,3,0,normal,22,46,20,0,26,43.48,56.52,0.130,13.435,0.870,0.000
fool,2,3,50,form-entry,22,46,24,0,22,52.17,47.83,0.304,12.826,3.130,0.000
fool,2,3,50,normal,22,46,24,2,20,52.17,43.48,0.130,12.913,0.739,0.000
fool,2,3,100,form-entry,22,46,30,0,16,65.22,34.78,0.261,11.565,3.087,0.000
fool,2,3,100,normal,22,46,24,2,20,52.17,43.48,0.130,11.913,0.696,0.000
fool,1,1,0,form-entry,22,46,28,2,16,60.87,34.78,0.043,9.783,1.000,0.000
fool,1,1,0,normal,22,46,30,2,14,65.22,30.43,0.043,9.826,0.130,0.000
fool,1,1,50,form-entry,22,46,28,2,16,60.87,34.78,0.043,9.783,1.000,0.000
fool,1,1,50,normal,22,46,30,2,14,65.22,30.43,0.043,9.783,0.174,0.000
fool,1,1,100,form-entry,22,46,28,2,16,60.87,34.78,0.043,9.870,1.000,0.000
fool,1,1,100,normal,22,46,28,2,16,60.87,34.78,0.043,9.957,0.217,0.000
fool,1,3,0,form-entry,22,46,32,6,8,69.57,17.39,0.522,11.783,3.087,0.000
fool,1,3,0,normal,22,46,24,2,20,52.17,43.48,0.304,12.696,1.043,0.000
fool,1,3,50,form-entry,22,46,32,6,8,69.57,17.39,0.522,12.000,3.087,0.000
fool,1,3,50,normal,22,46,24,2,20,52.17,43.48,0.304,12.522,1.000,0.000
fool,1,3,100,form-entry,22,46,32,8,6,69.57,13.04,0.565,11.043,3.087,0.000
fool,1,3,100,normal,22,46,28,2,16,60.87,34.78,0.304,11.739,1.043,0.000
fool,0,1,0,form-entry,22,46,28,2,16,60.87,34.78,0.043,10.522,1.000,0.000
fool,0,1,0,normal,22,46,28,2,16,60.87,34.78,0.043,10.522,0.435,0.000
fool,0,1,50,form-entry,22,46,28,2,16,60.87,34.78,0.043,10.522,1.000,0.000
fool,0,1,50,normal,22,46,32,2,12,69.57,26.09,0.043,10.000,0.391,0.000
fool,0,1,100,form-entry,22,46,26,4,16,56.52,34.78,0.087,9.696,1.000,0.000
fool,0,1,100,normal,22,46,32,2,12,69.57,26.09,0.043,8.957,0.348,0.000
fool,0,3,0,form-entry,22,46,38,2,6,82.61,13.04,0.261,10.261,3.000,0.000
fool,0,3,0,normal,22,46,38,4,4,82.61,8.70,0.304,11.348,1.304,0.000
fool,0,3,50,form-entry,22,46,38,2,6,82.61,13.04,0.348,9.957,3.043,0.000
fool,0,3,50,normal,22,46,36,4,6,78.26,13.04,0.304,11.304,1.217,0.000
fool,0,3,100,form-entry,22,46,38,4,4,82.61,8.70,0.304,8.130,3.000,0.000
fool,0,3,100,normal,22,46,34,4,8,73.91,17.39,0.304,9.304,1.130,0.000
hanged_man,9,1,0,normal,22,46,4,2,40,8.70,86.96,0.043,14.913,0.000,0.000
hanged_man,9,1,50,normal,22,46,4,2,40,8.70,86.96,0.043,14.913,0.000,0.000
hanged_man,9,1,100,normal,22,46,4,2,40,8.70,86.96,0.043,14.913,0.000,0.000
hanged_man,9,3,0,normal,22,46,0,2,44,0.00,95.65,0.261,14.913,0.000,0.000
hanged_man,9,3,50,normal,22,46,0,2,44,0.00,95.65,0.261,14.913,0.000,0.000
hanged_man,9,3,100,normal,22,46,0,2,44,0.00,95.65,0.261,14.913,0.000,0.000
hanged_man,8,1,0,normal,22,46,16,16,14,34.78,30.43,0.348,13.391,0.000,0.000
hanged_man,8,1,50,normal,22,46,16,16,14,34.78,30.43,0.348,13.391,0.000,0.000
hanged_man,8,1,100,normal,22,46,16,16,14,34.78,30.43,0.348,13.391,0.000,0.000
hanged_man,8,3,0,normal,22,46,16,14,16,34.78,34.78,1.261,14.000,0.000,0.000
hanged_man,8,3,50,normal,22,46,16,14,16,34.78,34.78,1.261,13.957,0.000,0.000
hanged_man,8,3,100,normal,22,46,16,14,16,34.78,34.78,1.261,13.957,0.000,0.000
hanged_man,7,1,0,normal,22,46,4,2,40,8.70,86.96,0.043,14.783,0.000,0.000
hanged_man,7,1,50,normal,22,46,4,2,40,8.70,86.96,0.043,14.783,0.000,0.000
hanged_man,7,1,100,normal,22,46,4,2,40,8.70,86.96,0.043,14.783,0.000,0.000
hanged_man,7,3,0,normal,22,46,0,2,44,0.00,95.65,0.348,14.957,0.000,0.000
hanged_man,7,3,50,normal,22,46,0,2,44,0.00,95.65,0.391,14.957,0.000,0.000
hanged_man,7,3,100,normal,22,46,0,2,44,0.00,95.65,0.348,14.957,0.000,0.000
hanged_man,6,1,0,normal,22,46,4,6,36,8.70,78.26,0.130,14.609,0.000,0.000
hanged_man,6,1,50,normal,22,46,4,6,36,8.70,78.26,0.130,14.565,0.000,0.000
hanged_man,6,1,100,normal,22,46,4,6,36,8.70,78.26,0.130,14.565,0.000,0.000
hanged_man,6,3,0,normal,22,46,0,10,36,0.00,78.26,1.043,14.652,0.000,0.000
hanged_man,6,3,50,normal,22,46,0,10,36,0.00,78.26,1.000,14.565,0.000,0.000
hanged_man,6,3,100,normal,22,46,0,10,36,0.00,78.26,1.000,14.565,0.000,0.000
hanged_man,5,1,0,normal,22,46,4,6,36,8.70,78.26,0.130,14.609,0.000,0.000
hanged_man,5,1,50,normal,22,46,4,6,36,8.70,78.26,0.130,14.739,0.000,0.000
hanged_man,5,1,100,normal,22,46,4,8,34,8.70,73.91,0.174,14.696,0.000,0.000
hanged_man,5,3,0,normal,22,46,2,8,36,4.35,78.26,0.826,14.696,0.000,0.000
hanged_man,5,3,50,normal,22,46,2,8,36,4.35,78.26,0.826,14.739,0.000,0.000
hanged_man,5,3,100,normal,22,46,2,10,34,4.35,73.91,0.870,14.522,0.000,0.000
hanged_man,4,1,0,form-entry,22,46,4,12,30,8.70,65.22,0.261,13.870,1.000,0.000
hanged_man,4,1,0,normal,22,46,0,4,42,0.00,91.30,0.087,14.565,0.826,0.000
hanged_man,4,1,50,form-entry,22,46,2,14,30,4.35,65.22,0.304,13.913,1.000,0.000
hanged_man,4,1,50,normal,22,46,0,4,42,0.00,91.30,0.087,14.565,0.870,0.000
hanged_man,4,1,100,form-entry,22,46,2,14,30,4.35,65.22,0.304,13.826,1.000,0.000
hanged_man,4,1,100,normal,22,46,0,4,42,0.00,91.30,0.087,14.565,0.870,0.000
hanged_man,4,3,0,form-entry,22,46,2,18,26,4.35,56.52,1.261,13.522,3.000,0.000
hanged_man,4,3,0,normal,22,46,0,8,38,0.00,82.61,0.826,14.783,2.609,0.000
hanged_man,4,3,50,form-entry,22,46,2,16,28,4.35,60.87,1.348,13.565,3.000,0.000
hanged_man,4,3,50,normal,22,46,0,8,38,0.00,82.61,0.870,14.783,2.652,0.000
hanged_man,4,3,100,form-entry,22,46,2,18,26,4.35,56.52,1.391,13.565,3.000,0.000
hanged_man,4,3,100,normal,22,46,0,6,40,0.00,86.96,0.783,14.783,2.565,0.000
hanged_man,3,1,0,form-entry,22,46,0,6,40,0.00,86.96,0.130,14.261,1.000,0.000
hanged_man,3,1,0,normal,22,46,0,4,42,0.00,91.30,0.087,14.609,0.522,0.000
hanged_man,3,1,50,form-entry,22,46,0,6,40,0.00,86.96,0.130,14.261,1.000,0.000
hanged_man,3,1,50,normal,22,46,0,4,42,0.00,91.30,0.087,14.609,0.565,0.000
hanged_man,3,1,100,form-entry,22,46,0,6,40,0.00,86.96,0.130,14.261,1.000,0.000
hanged_man,3,1,100,normal,22,46,0,4,42,0.00,91.30,0.087,14.565,0.522,0.000
hanged_man,3,3,0,form-entry,22,46,0,4,42,0.00,91.30,0.696,14.696,3.000,0.000
hanged_man,3,3,0,normal,22,46,0,4,42,0.00,91.30,0.348,14.783,1.739,0.000
hanged_man,3,3,50,form-entry,22,46,0,2,44,0.00,95.65,0.696,14.783,3.000,0.000
hanged_man,3,3,50,normal,22,46,0,4,42,0.00,91.30,0.348,14.783,1.870,0.000
hanged_man,3,3,100,form-entry,22,46,0,4,42,0.00,91.30,0.739,14.565,3.000,0.000
hanged_man,3,3,100,normal,22,46,0,4,42,0.00,91.30,0.348,14.783,1.826,0.000
hanged_man,2,1,0,form-entry,22,46,4,0,42,8.70,91.30,0.000,14.870,1.000,0.000
hanged_man,2,1,0,normal,22,46,0,2,44,0.00,95.65,0.043,14.870,0.609,0.000
hanged_man,2,1,50,form-entry,22,46,4,0,42,8.70,91.30,0.000,14.870,1.000,0.000
hanged_man,2,1,50,normal,22,46,0,2,44,0.00,95.65,0.043,14.870,0.652,0.000
hanged_man,2,1,100,form-entry,22,46,4,2,40,8.70,86.96,0.043,14.478,1.000,0.000
hanged_man,2,1,100,normal,22,46,0,2,44,0.00,95.65,0.043,14.609,0.609,0.000
hanged_man,2,3,0,form-entry,22,46,2,6,38,4.35,82.61,0.435,14.522,3.000,0.000
hanged_man,2,3,0,normal,22,46,0,4,42,0.00,91.30,0.304,14.783,1.957,0.000
hanged_man,2,3,50,form-entry,22,46,2,6,38,4.35,82.61,0.522,14.522,3.000,0.000
hanged_man,2,3,50,normal,22,46,0,4,42,0.00,91.30,0.304,14.783,1.957,0.000
hanged_man,2,3,100,form-entry,22,46,2,6,38,4.35,82.61,0.522,14.609,3.000,0.000
hanged_man,2,3,100,normal,22,46,0,4,42,0.00,91.30,0.348,14.783,1.913,0.000
hanged_man,1,1,0,form-entry,22,46,0,2,44,0.00,95.65,0.043,14.609,1.000,0.000
hanged_man,1,1,0,normal,22,46,0,2,44,0.00,95.65,0.043,14.609,0.435,0.000
hanged_man,1,1,50,form-entry,22,46,0,2,44,0.00,95.65,0.043,14.609,1.000,0.000
hanged_man,1,1,50,normal,22,46,0,2,44,0.00,95.65,0.043,14.609,0.391,0.000
hanged_man,1,1,100,form-entry,22,46,0,2,44,0.00,95.65,0.043,14.609,1.000,0.000
hanged_man,1,1,100,normal,22,46,0,2,44,0.00,95.65,0.043,14.609,0.391,0.000
hanged_man,1,3,0,form-entry,22,46,0,10,36,0.00,78.26,0.696,14.478,3.000,0.000
hanged_man,1,3,0,normal,22,46,0,4,42,0.00,91.30,0.348,14.826,1.609,0.000
hanged_man,1,3,50,form-entry,22,46,0,10,36,0.00,78.26,0.696,14.522,3.000,0.000
hanged_man,1,3,50,normal,22,46,0,4,42,0.00,91.30,0.304,14.870,1.609,0.000
hanged_man,1,3,100,form-entry,22,46,0,8,38,0.00,82.61,0.652,14.522,3.000,0.000
hanged_man,1,3,100,normal,22,46,0,4,42,0.00,91.30,0.348,14.870,1.696,0.000
hanged_man,0,1,0,form-entry,22,46,0,4,42,0.00,91.30,0.087,14.348,1.000,0.000
hanged_man,0,1,0,normal,22,46,0,2,44,0.00,95.65,0.043,14.609,0.652,0.000
hanged_man,0,1,50,form-entry,22,46,0,2,44,0.00,95.65,0.043,14.609,1.000,0.000
hanged_man,0,1,50,normal,22,46,0,2,44,0.00,95.65,0.043,14.609,0.652,0.000
hanged_man,0,1,100,form-entry,22,46,0,2,44,0.00,95.65,0.043,14.609,1.000,0.000
hanged_man,0,1,100,normal,22,46,0,2,44,0.00,95.65,0.043,14.609,0.652,0.000
hanged_man,0,3,0,form-entry,22,46,8,4,34,17.39,73.91,0.565,13.783,3.000,0.000
hanged_man,0,3,0,normal,22,46,0,6,40,0.00,86.96,0.565,14.609,2.391,0.000
hanged_man,0,3,50,form-entry,22,46,10,4,32,21.74,69.57,0.609,13.739,3.000,0.000
hanged_man,0,3,50,normal,22,46,2,6,38,4.35,82.61,0.609,14.565,2.348,0.000
hanged_man,0,3,100,form-entry,22,46,8,4,34,17.39,73.91,0.522,13.739,3.000,0.000
hanged_man,0,3,100,normal,22,46,2,6,38,4.35,82.61,0.435,14.609,2.391,0.000
hermit,9,1,0,normal,22,46,0,12,34,0.00,73.91,0.261,14.478,0.000,0.000
hermit,9,1,50,normal,22,46,0,12,34,0.00,73.91,0.261,14.478,0.000,0.000
hermit,9,1,100,normal,22,46,0,12,34,0.00,73.91,0.261,14.478,0.000,0.000
hermit,9,3,0,normal,22,46,0,2,44,0.00,95.65,0.565,14.870,0.000,0.000
hermit,9,3,50,normal,22,46,0,2,44,0.00,95.65,0.565,14.870,0.000,0.000
hermit,9,3,100,normal,22,46,0,2,44,0.00,95.65,0.565,14.870,0.000,0.000
hermit,8,1,0,normal,22,46,28,12,6,60.87,13.04,0.261,12.565,0.000,0.000
hermit,8,1,50,normal,22,46,28,12,6,60.87,13.04,0.261,12.565,0.000,0.000
hermit,8,1,100,normal,22,46,28,12,6,60.87,13.04,0.261,12.565,0.000,0.000
hermit,8,3,0,normal,22,46,24,8,14,52.17,30.43,0.826,13.783,0.000,0.000
hermit,8,3,50,normal,22,46,24,8,14,52.17,30.43,0.913,13.913,0.000,0.000
hermit,8,3,100,normal,22,46,24,8,14,52.17,30.43,0.913,13.913,0.000,0.000
hermit,7,1,0,normal,22,46,12,4,30,26.09,65.22,0.087,14.174,0.000,0.000
hermit,7,1,50,normal,22,46,10,4,32,21.74,69.57,0.087,14.174,0.000,0.000
hermit,7,1,100,normal,22,46,10,4,32,21.74,69.57,0.087,14.174,0.000,0.000
hermit,7,3,0,normal,22,46,8,2,36,17.39,78.26,0.435,14.696,0.000,0.000
hermit,7,3,50,normal,22,46,8,2,36,17.39,78.26,0.435,14.696,0.000,0.000
hermit,7,3,100,normal,22,46,6,2,38,13.04,82.61,0.435,14.696,0.000,0.000
hermit,6,1,0,normal,22,46,20,4,22,43.48,47.83,0.087,13.391,0.000,0.000
hermit,6,1,50,normal,22,46,22,6,18,47.83,39.13,0.130,12.652,0.000,0.000
hermit,6,1,100,normal,22,46,20,6,20,43.48,43.48,0.130,12.783,0.000,0.000
hermit,6,3,0,normal,22,46,18,2,26,39.13,56.52,0.478,14.130,0.000,0.000
hermit,6,3,50,normal,22,46,10,4,32,21.74,69.57,0.522,13.913,0.000,0.000
hermit,6,3,100,normal,22,46,10,4,32,21.74,69.57,0.565,13.957,0.000,0.000
hermit,5,1,0,normal,22,46,8,2,36,17.39,78.26,0.043,14.130,0.000,0.000
hermit,5,1,50,normal,22,46,6,2,38,13.04,82.61,0.043,14.609,0.000,0.000
hermit,5,1,100,normal,22,46,6,2,38,13.04,82.61,0.043,14.565,0.000,0.000
hermit,5,3,0,normal,22,46,6,6,34,13.04,73.91,0.652,14.391,0.000,0.000
hermit,5,3,50,normal,22,46,4,2,40,8.70,86.96,0.261,14.652,0.000,0.000
hermit,5,3,100,normal,22,46,4,0,42,8.70,91.30,0.304,14.696,0.000,0.000
hermit,4,1,0,form-entry,22,46,14,8,24,30.43,52.17,0.174,12.261,1.000,0.000
hermit,4,1,0,normal,22,46,2,6,38,4.35,82.61,0.130,14.783,0.783,0.000
hermit,4,1,50,form-entry,22,46,10,10,26,21.74,56.52,0.217,12.348,1.000,0.000
hermit,4,1,50,normal,22,46,0,2,44,0.00,95.65,0.043,14.739,0.739,0.000
hermit,4,1,100,form-entry,22,46,10,12,24,21.74,52.17,0.261,12.391,1.000,0.000
hermit,4,1,100,normal,22,46,2,4,40,4.35,86.96,0.087,14.739,0.783,0.000
hermit,4,3,0,form-entry,22,46,12,16,18,26.09,39.13,1.217,12.217,3.000,0.000
hermit,4,3,0,normal,22,46,0,8,38,0.00,82.61,0.783,14.565,2.348,0.000
hermit,4,3,50,form-entry,22,46,12,22,12,26.09,26.09,1.522,12.174,3.000,0.000
hermit,4,3,50,normal,22,46,0,10,36,0.00,78.26,0.783,14.652,2.348,0.000
hermit,4,3,100,form-entry,22,46,10,18,18,21.74,39.13,1.478,12.435,3.000,0.000
hermit,4,3,100,normal,22,46,0,8,38,0.00,82.61,0.565,14.609,2.348,0.000
hermit,3,1,0,form-entry,22,46,10,4,32,21.74,69.57,0.087,13.652,1.000,0.000
hermit,3,1,0,normal,22,46,0,2,44,0.00,95.65,0.043,14.957,0.609,0.000
hermit,3,1,50,form-entry,22,46,10,12,24,21.74,52.17,0.261,13.609,1.000,0.000
hermit,3,1,50,normal,22,46,0,2,44,0.00,95.65,0.043,14.957,0.652,0.000
hermit,3,1,100,form-entry,22,46,10,12,24,21.74,52.17,0.261,13.609,1.000,0.000
hermit,3,1,100,normal,22,46,0,2,44,0.00,95.65,0.043,14.957,0.609,0.000
hermit,3,3,0,form-entry,22,46,8,14,24,17.39,52.17,1.174,13.565,3.000,0.000
hermit,3,3,0,normal,22,46,0,6,40,0.00,86.96,0.522,14.870,2.217,0.000
hermit,3,3,50,form-entry,22,46,8,12,26,17.39,56.52,1.174,13.522,3.000,0.000
hermit,3,3,50,normal,22,46,0,4,42,0.00,91.30,0.609,14.913,2.217,0.000
hermit,3,3,100,form-entry,22,46,6,12,28,13.04,60.87,1.217,13.478,3.000,0.000
hermit,3,3,100,normal,22,46,0,6,40,0.00,86.96,0.609,14.870,2.130,0.000
hermit,2,1,0,form-entry,22,46,8,8,30,17.39,65.22,0.174,13.391,1.000,0.000
hermit,2,1,0,normal,22,46,2,2,42,4.35,91.30,0.043,14.957,0.652,0.000
hermit,2,1,50,form-entry,22,46,6,10,30,13.04,65.22,0.217,13.957,1.000,0.000
hermit,2,1,50,normal,22,46,0,2,44,0.00,95.65,0.043,14.826,0.652,0.000
hermit,2,1,100,form-entry,22,46,6,10,30,13.04,65.22,0.217,13.957,1.000,0.000
hermit,2,1,100,normal,22,46,0,2,44,0.00,95.65,0.043,14.826,0.609,0.000
hermit,2,3,0,form-entry,22,46,8,10,28,17.39,60.87,0.870,13.522,3.000,0.000
hermit,2,3,0,normal,22,46,0,4,42,0.00,91.30,0.348,14.870,1.913,0.000
hermit,2,3,50,form-entry,22,46,6,6,34,13.04,73.91,0.826,13.739,3.000,0.000
hermit,2,3,50,normal,22,46,0,4,42,0.00,91.30,0.435,14.870,2.174,0.000
hermit,2,3,100,form-entry,22,46,6,8,32,13.04,69.57,0.826,13.652,3.000,0.000
hermit,2,3,100,normal,22,46,0,4,42,0.00,91.30,0.565,14.870,2.043,0.000
hermit,1,1,0,form-entry,22,46,2,4,40,4.35,86.96,0.087,14.783,1.000,0.000
hermit,1,1,0,normal,22,46,0,2,44,0.00,95.65,0.043,15.000,0.609,0.000
hermit,1,1,50,form-entry,22,46,2,4,40,4.35,86.96,0.087,14.522,1.000,0.000
hermit,1,1,50,normal,22,46,0,2,44,0.00,95.65,0.043,15.000,0.478,0.000
hermit,1,1,100,form-entry,22,46,2,6,38,4.35,82.61,0.130,14.435,1.000,0.000
hermit,1,1,100,normal,22,46,0,0,46,0.00,100.00,0.000,15.000,0.348,0.000
hermit,1,3,0,form-entry,22,46,2,8,36,4.35,78.26,0.913,14.435,3.000,0.000
hermit,1,3,0,normal,22,46,0,4,42,0.00,91.30,0.435,14.609,1.957,0.000
hermit,1,3,50,form-entry,22,46,0,8,38,0.00,82.61,1.000,14.565,3.000,0.000
hermit,1,3,50,normal,22,46,0,4,42,0.00,91.30,0.435,14.652,1.913,0.000
hermit,1,3,100,form-entry,22,46,0,8,38,0.00,82.61,0.913,14.522,3.000,0.000
hermit,1,3,100,normal,22,46,0,6,40,0.00,86.96,0.522,14.391,1.957,0.000
hermit,0,1,0,form-entry,22,46,8,8,30,17.39,65.22,0.174,13.478,1.000,0.000
hermit,0,1,0,normal,22,46,0,0,46,0.00,100.00,0.000,15.000,0.565,0.000
hermit,0,1,50,form-entry,22,46,2,10,34,4.35,73.91,0.217,14.217,1.000,0.000
hermit,0,1,50,normal,22,46,0,2,44,0.00,95.65,0.043,14.609,0.565,0.000
hermit,0,1,100,form-entry,22,46,2,10,34,4.35,73.91,0.217,14.217,1.000,0.000
hermit,0,1,100,normal,22,46,0,2,44,0.00,95.65,0.043,14.609,0.565,0.000
hermit,0,3,0,form-entry,22,46,2,28,16,4.35,34.78,2.130,12.304,3.000,0.000
hermit,0,3,0,normal,22,46,0,6,40,0.00,86.96,0.739,14.261,2.522,0.000
hermit,0,3,50,form-entry,22,46,4,20,22,8.70,47.83,1.609,12.696,3.000,0.000
hermit,0,3,50,normal,22,46,0,10,36,0.00,78.26,0.913,14.130,2.522,0.000
hermit,0,3,100,form-entry,22,46,2,22,22,4.35,47.83,1.739,12.261,3.000,0.000
hermit,0,3,100,normal,22,46,0,10,36,0.00,78.26,1.087,14.000,2.435,0.000
justiciar,9,1,0,normal,22,46,2,4,40,4.35,86.96,0.087,14.913,0.000,0.000
justiciar,9,1,50,normal,22,46,2,4,40,4.35,86.96,0.087,14.913,0.000,0.000
justiciar,9,1,100,normal,22,46,2,4,40,4.35,86.96,0.087,14.913,0.000,0.000
justiciar,9,3,0,normal,22,46,0,2,44,0.00,95.65,0.348,14.913,0.000,0.000
justiciar,9,3,50,normal,22,46,0,2,44,0.00,95.65,0.348,14.913,0.000,0.000
justiciar,9,3,100,normal,22,46,0,2,44,0.00,95.65,0.348,14.913,0.000,0.000
justiciar,8,1,0,normal,22,46,6,18,22,13.04,47.83,0.391,13.565,0.000,0.000
justiciar,8,1,50,normal,22,46,6,18,22,13.04,47.83,0.391,13.565,0.000,0.000
justiciar,8,1,100,normal,22,46,6,18,22,13.04,47.83,0.391,13.565,0.000,0.000
justiciar,8,3,0,normal,22,46,4,20,22,8.70,47.83,1.652,14.174,0.000,0.000
justiciar,8,3,50,normal,22,46,4,20,22,8.70,47.83,1.652,14.087,0.000,0.000
justiciar,8,3,100,normal,22,46,4,20,22,8.70,47.83,1.652,14.087,0.000,0.000
justiciar,7,1,0,normal,22,46,2,0,44,4.35,95.65,0.000,14.957,0.000,0.000
justiciar,7,1,50,normal,22,46,2,0,44,4.35,95.65,0.000,14.957,0.000,0.000
justiciar,7,1,100,normal,22,46,2,0,44,4.35,95.65,0.000,14.957,0.000,0.000
justiciar,7,3,0,normal,22,46,0,0,46,0.00,100.00,0.174,15.000,0.000,0.000
justiciar,7,3,50,normal,22,46,0,0,46,0.00,100.00,0.217,15.000,0.000,0.000
justiciar,7,3,100,normal,22,46,0,0,46,0.00,100.00,0.217,15.000,0.000,0.000
justiciar,6,1,0,normal,22,46,0,0,46,0.00,100.00,0.000,15.000,0.000,0.000
justiciar,6,1,50,normal,22,46,0,0,46,0.00,100.00,0.000,15.000,0.000,0.000
justiciar,6,1,100,normal,22,46,0,0,46,0.00,100.00,0.000,15.000,0.000,0.000
justiciar,6,3,0,normal,22,46,0,2,44,0.00,95.65,0.435,14.913,0.000,0.000
justiciar,6,3,50,normal,22,46,0,2,44,0.00,95.65,0.391,14.913,0.000,0.000
justiciar,6,3,100,normal,22,46,0,2,44,0.00,95.65,0.391,14.913,0.000,0.000
justiciar,5,1,0,normal,22,46,2,4,40,4.35,86.96,0.087,14.522,0.000,0.000
justiciar,5,1,50,normal,22,46,2,2,42,4.35,91.30,0.043,14.609,0.000,0.000
justiciar,5,1,100,normal,22,46,2,4,40,4.35,86.96,0.087,14.435,0.000,0.000
justiciar,5,3,0,normal,22,46,0,6,40,0.00,86.96,0.522,14.826,0.000,0.000
justiciar,5,3,50,normal,22,46,0,4,42,0.00,91.30,0.435,14.870,0.000,0.000
justiciar,5,3,100,normal,22,46,0,4,42,0.00,91.30,0.435,14.696,0.000,0.000
justiciar,4,1,0,form-entry,22,46,0,16,30,0.00,65.22,0.348,13.391,1.000,0.000
justiciar,4,1,0,normal,22,46,4,2,40,8.70,86.96,0.043,14.826,0.783,0.000
justiciar,4,1,50,form-entry,22,46,0,16,30,0.00,65.22,0.348,13.609,1.000,0.000
justiciar,4,1,50,normal,22,46,6,0,40,13.04,86.96,0.000,14.783,0.783,0.000
justiciar,4,1,100,form-entry,22,46,0,16,30,0.00,65.22,0.348,13.435,1.000,0.000
justiciar,4,1,100,normal,22,46,4,4,38,8.70,82.61,0.087,14.478,0.739,0.000
justiciar,4,3,0,form-entry,22,46,0,18,28,0.00,60.87,1.478,13.043,3.000,0.000
justiciar,4,3,0,normal,22,46,0,10,36,0.00,78.26,0.783,14.565,2.522,0.000
justiciar,4,3,50,form-entry,22,46,0,18,28,0.00,60.87,1.522,13.130,3.000,0.000
justiciar,4,3,50,normal,22,46,0,8,38,0.00,82.61,0.826,14.565,2.435,0.000
justiciar,4,3,100,form-entry,22,46,0,16,30,0.00,65.22,1.435,12.870,3.000,0.000
justiciar,4,3,100,normal,22,46,0,8,38,0.00,82.61,0.696,14.174,2.391,0.000
justiciar,3,1,0,form-entry,22,46,0,4,42,0.00,91.30,0.087,14.826,1.000,0.000
justiciar,3,1,0,normal,22,46,0,4,42,0.00,91.30,0.087,14.913,0.783,0.000
justiciar,3,1,50,form-entry,22,46,0,8,38,0.00,82.61,0.174,14.652,1.000,0.000
justiciar,3,1,50,normal,22,46,0,2,44,0.00,95.65,0.043,15.000,0.826,0.000
justiciar,3,1,100,form-entry,22,46,0,8,38,0.00,82.61,0.174,14.652,1.000,0.000
justiciar,3,1,100,normal,22,46,0,2,44,0.00,95.65,0.043,15.000,0.826,0.000
justiciar,3,3,0,form-entry,22,46,0,10,36,0.00,78.26,1.087,14.435,3.000,0.000
justiciar,3,3,0,normal,22,46,0,0,46,0.00,100.00,0.174,15.000,2.217,0.000
justiciar,3,3,50,form-entry,22,46,0,10,36,0.00,78.26,1.087,14.304,3.000,0.000
justiciar,3,3,50,normal,22,46,0,2,44,0.00,95.65,0.304,15.000,2.217,0.000
justiciar,3,3,100,form-entry,22,46,0,10,36,0.00,78.26,1.087,14.304,3.000,0.000
justiciar,3,3,100,normal,22,46,0,2,44,0.00,95.65,0.261,15.000,2.174,0.000
justiciar,2,1,0,form-entry,22,46,0,4,42,0.00,91.30,0.087,14.826,1.000,0.000
justiciar,2,1,0,normal,22,46,0,0,46,0.00,100.00,0.000,15.000,0.739,0.000
justiciar,2,1,50,form-entry,22,46,0,6,40,0.00,86.96,0.130,14.739,1.000,0.000
justiciar,2,1,50,normal,22,46,0,0,46,0.00,100.00,0.000,15.000,0.739,0.000
justiciar,2,1,100,form-entry,22,46,0,6,40,0.00,86.96,0.130,14.739,1.000,0.000
justiciar,2,1,100,normal,22,46,0,0,46,0.00,100.00,0.000,15.000,0.696,0.000
justiciar,2,3,0,form-entry,22,46,0,14,32,0.00,69.57,1.130,13.870,3.000,0.000
justiciar,2,3,0,normal,22,46,0,6,40,0.00,86.96,0.478,14.826,2.217,0.000
justiciar,2,3,50,form-entry,22,46,0,14,32,0.00,69.57,1.087,13.870,3.000,0.000
justiciar,2,3,50,normal,22,46,0,6,40,0.00,86.96,0.391,14.783,2.174,0.000
justiciar,2,3,100,form-entry,22,46,0,12,34,0.00,73.91,1.130,13.913,3.000,0.000
justiciar,2,3,100,normal,22,46,0,4,42,0.00,91.30,0.391,14.870,2.217,0.000
justiciar,1,1,0,form-entry,22,46,2,2,42,4.35,91.30,0.043,14.696,1.000,0.000
justiciar,1,1,0,normal,22,46,0,2,44,0.00,95.65,0.043,14.957,0.652,0.000
justiciar,1,1,50,form-entry,22,46,2,2,42,4.35,91.30,0.043,14.696,1.000,0.000
justiciar,1,1,50,normal,22,46,0,2,44,0.00,95.65,0.043,14.957,0.652,0.000
justiciar,1,1,100,form-entry,22,46,2,2,42,4.35,91.30,0.043,14.696,1.000,0.000
justiciar,1,1,100,normal,22,46,0,2,44,0.00,95.65,0.043,14.957,0.652,0.000
justiciar,1,3,0,form-entry,22,46,2,12,32,4.35,69.57,1.130,13.913,3.000,0.000
justiciar,1,3,0,normal,22,46,0,4,42,0.00,91.30,0.435,14.913,2.304,0.000
justiciar,1,3,50,form-entry,22,46,2,10,34,4.35,73.91,1.043,13.957,3.000,0.000
justiciar,1,3,50,normal,22,46,0,4,42,0.00,91.30,0.609,14.870,2.391,0.000
justiciar,1,3,100,form-entry,22,46,2,10,34,4.35,73.91,1.000,14.130,3.000,0.000
justiciar,1,3,100,normal,22,46,0,4,42,0.00,91.30,0.609,14.913,2.304,0.000
justiciar,0,1,0,form-entry,22,46,2,8,36,4.35,78.26,0.174,14.522,1.000,0.000
justiciar,0,1,0,normal,22,46,0,2,44,0.00,95.65,0.043,15.000,0.826,0.000
justiciar,0,1,50,form-entry,22,46,2,4,40,4.35,86.96,0.087,14.565,1.000,0.000
justiciar,0,1,50,normal,22,46,0,2,44,0.00,95.65,0.043,15.000,0.826,0.000
justiciar,0,1,100,form-entry,22,46,2,6,38,4.35,82.61,0.130,14.565,1.000,0.000
justiciar,0,1,100,normal,22,46,0,2,44,0.00,95.65,0.043,15.000,0.783,0.000
justiciar,0,3,0,form-entry,22,46,0,18,28,0.00,60.87,1.696,13.522,3.000,0.000
justiciar,0,3,0,normal,22,46,0,6,40,0.00,86.96,0.783,14.739,2.652,0.000
justiciar,0,3,50,form-entry,22,46,0,18,28,0.00,60.87,1.652,13.609,3.000,0.000
justiciar,0,3,50,normal,22,46,0,4,42,0.00,91.30,0.783,14.913,2.435,0.000
justiciar,0,3,100,form-entry,22,46,0,18,28,0.00,60.87,1.609,13.478,3.000,0.000
justiciar,0,3,100,normal,22,46,0,6,40,0.00,86.96,0.870,14.478,2.435,0.000
moon,9,1,0,normal,22,46,0,0,46,0.00,100.00,0.000,15.000,0.000,0.000
moon,9,1,50,normal,22,46,0,0,46,0.00,100.00,0.000,15.000,0.000,0.000
moon,9,1,100,normal,22,46,0,0,46,0.00,100.00,0.000,15.000,0.000,0.000
moon,9,3,0,normal,22,46,0,0,46,0.00,100.00,0.000,15.000,0.000,0.000
moon,9,3,50,normal,22,46,0,0,46,0.00,100.00,0.000,15.000,0.000,0.000
moon,9,3,100,normal,22,46,0,0,46,0.00,100.00,0.000,15.000,0.000,0.000
moon,8,1,0,normal,22,46,2,0,44,4.35,95.65,0.000,14.870,0.000,0.000
moon,8,1,50,normal,22,46,18,0,28,39.13,60.87,0.000,14.565,0.000,0.000
moon,8,1,100,normal,22,46,6,0,40,13.04,86.96,0.000,14.783,0.000,0.000
moon,8,3,0,normal,22,46,0,0,46,0.00,100.00,0.043,15.000,0.000,0.000
moon,8,3,50,normal,22,46,12,0,34,26.09,73.91,0.000,14.870,0.000,0.000
moon,8,3,100,normal,22,46,0,0,46,0.00,100.00,0.043,15.000,0.000,0.000
moon,7,1,0,normal,22,46,18,0,28,39.13,60.87,0.000,13.957,0.000,0.000
moon,7,1,50,normal,22,46,16,0,30,34.78,65.22,0.000,13.913,0.000,0.000
moon,7,1,100,normal,22,46,18,0,28,39.13,60.87,0.000,13.826,0.000,0.000
moon,7,3,0,normal,22,46,16,0,30,34.78,65.22,0.000,14.174,0.000,0.000
moon,7,3,50,normal,22,46,16,0,30,34.78,65.22,0.000,14.304,0.000,0.000
moon,7,3,100,normal,22,46,18,0,28,39.13,60.87,0.000,14.130,0.000,0.000
moon,6,1,0,normal,22,46,6,0,40,13.04,86.96,0.000,14.609,0.000,0.000
moon,6,1,50,normal,22,46,10,0,36,21.74,78.26,0.000,14.087,0.000,0.000
moon,6,1,100,normal,22,46,6,0,40,13.04,86.96,0.000,14.609,0.000,0.000
moon,6,3,0,normal,22,46,8,0,38,17.39,82.61,0.043,14.739,0.000,0.000
moon,6,3,50,normal,22,46,10,0,36,21.74,78.26,0.000,14.652,0.000,0.000
moon,6,3,100,normal,22,46,12,0,34,26.09,73.91,0.000,14.652,0.000,0.000
moon,5,1,0,normal,22,46,4,2,40,8.70,86.96,0.043,14.348,0.000,0.000
moon,5,1,50,normal,22,46,4,2,40,8.70,86.96,0.043,14.261,0.000,0.000
moon,5,1,100,normal,22,46,4,2,40,8.70,86.96,0.043,14.348,0.000,0.000
moon,5,3,0,normal,22,46,4,0,42,8.70,91.30,0.043,14.739,0.000,0.000
moon,5,3,50,normal,22,46,4,0,42,8.70,91.30,0.087,14.739,0.000,0.000
moon,5,3,100,normal,22,46,4,0,42,8.70,91.30,0.130,14.739,0.000,0.000
moon,4,1,0,form-entry,22,46,2,6,38,4.35,82.61,0.130,14.391,1.000,0.000
moon,4,1,0,normal,22,46,0,2,44,0.00,95.65,0.043,14.913,0.217,0.000
moon,4,1,50,form-entry,22,46,6,6,34,13.04,73.91,0.130,14.087,1.000,0.000
moon,4,1,50,normal,22,46,2,2,42,4.35,91.30,0.043,14.913,0.348,0.000
moon,4,1,100,form-entry,22,46,4,6,36,8.70,78.26,0.130,14.261,1.000,0.000
moon,4,1,100,normal,22,46,0,2,44,0.00,95.65,0.043,14.913,0.217,0.000
moon,4,3,0,form-entry,22,46,4,12,30,8.70,65.22,0.870,13.913,3.000,0.000
moon,4,3,0,normal,22,46,0,2,44,0.00,95.65,0.304,14.913,1.217,0.000
moon,4,3,50,form-entry,22,46,2,6,38,4.35,82.61,0.609,14.043,3.000,0.000
moon,4,3,50,normal,22,46,4,0,42,8.70,91.30,0.130,14.913,1.261,0.000
moon,4,3,100,form-entry,22,46,4,6,36,8.70,78.26,0.565,13.913,3.000,0.000
moon,4,3,100,normal,22,46,2,2,42,4.35,91.30,0.174,14.913,1.174,0.000
moon,3,1,0,form-entry,22,46,4,2,40,8.70,86.96,0.043,14.478,1.000,0.000
moon,3,1,0,normal,22,46,0,2,44,0.00,95.65,0.043,14.870,0.304,0.000
moon,3,1,50,form-entry,22,46,6,0,40,13.04,86.96,0.000,14.739,1.000,0.000
moon,3,1,50,normal,22,46,0,2,44,0.00,95.65,0.043,14.913,0.217,0.000
moon,3,1,100,form-entry,22,46,6,0,40,13.04,86.96,0.000,14.696,1.000,0.000
moon,3,1,100,normal,22,46,0,2,44,0.00,95.65,0.043,14.870,0.261,0.000
moon,3,3,0,form-entry,22,46,12,2,32,26.09,69.57,0.261,14.478,3.000,0.000
moon,3,3,0,normal,22,46,0,2,44,0.00,95.65,0.174,14.652,1.217,0.000
moon,3,3,50,form-entry,22,46,12,4,30,26.09,65.22,0.261,14.217,3.000,0.000
moon,3,3,50,normal,22,46,0,4,42,0.00,91.30,0.304,14.261,1.000,0.000
moon,3,3,100,form-entry,22,46,10,2,34,21.74,73.91,0.261,14.304,3.000,0.000
moon,3,3,100,normal,22,46,0,2,44,0.00,95.65,0.130,14.652,1.043,0.000
moon,2,1,0,form-entry,22,46,6,2,38,13.04,82.61,0.043,14.348,1.000,0.000
moon,2,1,0,normal,22,46,0,2,44,0.00,95.65,0.043,14.652,0.130,0.000
moon,2,1,50,form-entry,22,46,6,2,38,13.04,82.61,0.043,14.348,1.000,0.000
moon,2,1,50,normal,22,46,0,2,44,0.00,95.65,0.043,14.609,0.261,0.000
moon,2,1,100,form-entry,22,46,2,2,42,4.35,91.30,0.043,14.478,1.000,0.000
moon,2,1,100,normal,22,46,0,2,44,0.00,95.65,0.043,14.652,0.174,0.000
moon,2,3,0,form-entry,22,46,0,4,42,0.00,91.30,0.348,14.348,3.000,0.000
moon,2,3,0,normal,22,46,0,0,46,0.00,100.00,0.130,15.000,0.870,0.000
moon,2,3,50,form-entry,22,46,0,4,42,0.00,91.30,0.304,14.348,3.000,0.000
moon,2,3,50,normal,22,46,0,4,42,0.00,91.30,0.261,14.870,1.130,0.000
moon,2,3,100,form-entry,22,46,0,4,42,0.00,91.30,0.261,14.043,3.000,0.000
moon,2,3,100,normal,22,46,0,4,42,0.00,91.30,0.261,14.609,0.826,0.000
moon,1,1,0,form-entry,22,46,2,2,42,4.35,91.30,0.043,14.609,1.000,0.000
moon,1,1,0,normal,22,46,0,2,44,0.00,95.65,0.043,14.652,0.174,0.000
moon,1,1,50,form-entry,22,46,2,2,42,4.35,91.30,0.043,14.609,1.000,0.000
moon,1,1,50,normal,22,46,0,2,44,0.00,95.65,0.043,14.609,0.130,0.000
moon,1,1,100,form-entry,22,46,0,2,44,0.00,95.65,0.043,14.609,1.000,0.000
moon,1,1,100,normal,22,46,0,2,44,0.00,95.65,0.043,14.652,0.130,0.000
moon,1,3,0,form-entry,22,46,6,6,34,13.04,73.91,0.391,13.957,3.000,0.000
moon,1,3,0,normal,22,46,0,4,42,0.00,91.30,0.261,14.565,1.043,0.000
moon,1,3,50,form-entry,22,46,4,4,38,8.70,82.61,0.261,14.000,3.000,0.000
moon,1,3,50,normal,22,46,0,4,42,0.00,91.30,0.304,14.522,1.217,0.000
moon,1,3,100,form-entry,22,46,4,4,38,8.70,82.61,0.348,14.348,3.000,0.000
moon,1,3,100,normal,22,46,0,4,42,0.00,91.30,0.261,14.609,1.000,0.000
moon,0,1,0,form-entry,22,46,2,2,42,4.35,91.30,0.043,14.870,1.000,0.000
moon,0,1,0,normal,22,46,0,0,46,0.00,100.00,0.000,15.000,0.435,0.000
moon,0,1,50,form-entry,22,46,2,2,42,4.35,91.30,0.043,14.870,1.000,0.000
moon,0,1,50,normal,22,46,0,0,46,0.00,100.00,0.000,15.000,0.391,0.000
moon,0,1,100,form-entry,22,46,2,4,40,4.35,86.96,0.087,14.652,1.000,0.000
moon,0,1,100,normal,22,46,0,2,44,0.00,95.65,0.043,14.609,0.304,0.000
moon,0,3,0,form-entry,22,46,0,6,40,0.00,86.96,0.609,14.304,3.000,0.000
moon,0,3,0,normal,22,46,0,6,40,0.00,86.96,0.391,14.435,1.957,0.000
moon,0,3,50,form-entry,22,46,0,6,40,0.00,86.96,0.652,14.478,3.000,0.000
moon,0,3,50,normal,22,46,0,6,40,0.00,86.96,0.478,14.652,1.957,0.000
moon,0,3,100,form-entry,22,46,0,4,42,0.00,91.30,0.348,14.348,3.000,0.000
moon,0,3,100,normal,22,46,0,6,40,0.00,86.96,0.391,14.261,1.913,0.000
mother,9,1,0,normal,22,46,0,0,46,0.00,100.00,0.000,15.000,0.000,0.000
mother,9,1,50,normal,22,46,0,0,46,0.00,100.00,0.000,15.000,0.000,0.000
mother,9,1,100,normal,22,46,0,0,46,0.00,100.00,0.000,15.000,0.000,0.000
mother,9,3,0,normal,22,46,0,0,46,0.00,100.00,0.000,15.000,0.000,0.000
mother,9,3,50,normal,22,46,0,0,46,0.00,100.00,0.000,15.000,0.000,0.000
mother,9,3,100,normal,22,46,0,0,46,0.00,100.00,0.000,15.000,0.000,0.000
mother,8,1,0,normal,22,46,20,6,20,43.48,43.48,0.130,13.870,0.000,0.000
mother,8,1,50,normal,22,46,20,6,20,43.48,43.48,0.130,13.957,0.000,0.000
mother,8,1,100,normal,22,46,20,6,20,43.48,43.48,0.130,13.957,0.000,0.000
mother,8,3,0,normal,22,46,20,2,24,43.48,52.17,0.609,14.565,0.000,0.000
mother,8,3,50,normal,22,46,20,2,24,43.48,52.17,0.696,14.565,0.000,0.000
mother,8,3,100,normal,22,46,20,2,24,43.48,52.17,0.609,14.565,0.000,0.000
mother,7,1,0,normal,22,46,4,0,42,8.70,91.30,0.000,14.913,0.000,0.000
mother,7,1,50,normal,22,46,4,0,42,8.70,91.30,0.000,14.913,0.000,0.000
mother,7,1,100,normal,22,46,4,0,42,8.70,91.30,0.000,14.913,0.000,0.000
mother,7,3,0,normal,22,46,2,0,44,4.35,95.65,0.087,15.000,0.000,0.000
mother,7,3,50,normal,22,46,2,0,44,4.35,95.65,0.087,15.000,0.000,0.000
mother,7,3,100,normal,22,46,2,0,44,4.35,95.65,0.087,15.000,0.000,0.000
mother,6,1,0,normal,22,46,6,0,40,13.04,86.96,0.000,14.957,0.000,0.000
mother,6,1,50,normal,22,46,10,0,36,21.74,78.26,0.000,14.739,0.000,0.000
mother,6,1,100,normal,22,46,10,0,36,21.74,78.26,0.000,14.739,0.000,0.000
mother,6,3,0,normal,22,46,0,0,46,0.00,100.00,0.043,15.000,0.000,0.000
mother,6,3,50,normal,22,46,6,0,40,13.04,86.96,0.043,14.870,0.000,0.000
mother,6,3,100,normal,22,46,6,0,40,13.04,86.96,0.043,14.913,0.000,0.000
mother,5,1,0,normal,22,46,6,0,40,13.04,86.96,0.000,14.696,0.000,0.000
mother,5,1,50,normal,22,46,6,0,40,13.04,86.96,0.000,14.696,0.000,0.000
mother,5,1,100,normal,22,46,6,2,38,13.04,82.61,0.043,14.304,0.000,0.000
mother,5,3,0,normal,22,46,2,0,44,4.35,95.65,0.087,14.957,0.000,0.000
mother,5,3,50,normal,22,46,2,0,44,4.35,95.65,0.087,15.000,0.000,0.000
mother,5,3,100,normal,22,46,0,0,46,0.00,100.00,0.087,15.000,0.000,0.000
mother,4,1,0,form-entry,22,46,8,0,38,17.39,82.61,0.000,14.565,1.000,0.000
mother,4,1,0,normal,22,46,0,0,46,0.00,100.00,0.000,15.000,0.000,0.000
mother,4,1,50,form-entry,22,46,8,0,38,17.39,82.61,0.000,14.565,1.000,0.000
mother,4,1,50,normal,22,46,0,0,46,0.00,100.00,0.000,15.000,0.000,0.000
mother,4,1,100,form-entry,22,46,8,0,38,17.39,82.61,0.000,14.565,1.000,0.000
mother,4,1,100,normal,22,46,0,0,46,0.00,100.00,0.000,15.000,0.000,0.000
mother,4,3,0,form-entry,22,46,2,0,44,4.35,95.65,0.000,15.000,2.826,0.000
mother,4,3,0,normal,22,46,0,0,46,0.00,100.00,0.043,15.000,0.304,0.000
mother,4,3,50,form-entry,22,46,4,0,42,8.70,91.30,0.000,14.957,2.783,0.000
mother,4,3,50,normal,22,46,0,0,46,0.00,100.00,0.043,15.000,0.261,0.000
mother,4,3,100,form-entry,22,46,4,0,42,8.70,91.30,0.000,14.957,2.826,0.000
mother,4,3,100,normal,22,46,0,0,46,0.00,100.00,0.043,15.000,0.217,0.000
mother,3,1,0,form-entry,22,46,0,0,46,0.00,100.00,0.000,15.000,1.000,0.000
mother,3,1,0,normal,22,46,0,0,46,0.00,100.00,0.000,15.000,0.000,0.000
mother,3,1,50,form-entry,22,46,0,0,46,0.00,100.00,0.000,15.000,1.000,0.000
mother,3,1,50,normal,22,46,0,0,46,0.00,100.00,0.000,15.000,0.000,0.000
mother,3,1,100,form-entry,22,46,0,0,46,0.00,100.00,0.000,15.000,1.000,0.000
mother,3,1,100,normal,22,46,0,0,46,0.00,100.00,0.000,15.000,0.000,0.000
mother,3,3,0,form-entry,22,46,0,0,46,0.00,100.00,0.043,15.000,2.870,0.000
mother,3,3,0,normal,22,46,0,0,46,0.00,100.00,0.043,15.000,0.304,0.000
mother,3,3,50,form-entry,22,46,0,0,46,0.00,100.00,0.043,15.000,2.870,0.000
mother,3,3,50,normal,22,46,0,0,46,0.00,100.00,0.043,15.000,0.217,0.000
mother,3,3,100,form-entry,22,46,0,0,46,0.00,100.00,0.043,15.000,2.870,0.000
mother,3,3,100,normal,22,46,0,0,46,0.00,100.00,0.043,15.000,0.261,0.000
mother,2,1,0,form-entry,22,46,0,0,46,0.00,100.00,0.000,15.000,1.000,0.000
mother,2,1,0,normal,22,46,0,0,46,0.00,100.00,0.000,15.000,0.000,0.000
mother,2,1,50,form-entry,22,46,0,0,46,0.00,100.00,0.000,15.000,1.000,0.000
mother,2,1,50,normal,22,46,0,0,46,0.00,100.00,0.000,15.000,0.000,0.000
mother,2,1,100,form-entry,22,46,0,0,46,0.00,100.00,0.000,15.000,1.000,0.000
mother,2,1,100,normal,22,46,0,0,46,0.00,100.00,0.000,15.000,0.000,0.000
mother,2,3,0,form-entry,22,46,0,0,46,0.00,100.00,0.087,15.000,2.870,0.000
mother,2,3,0,normal,22,46,0,0,46,0.00,100.00,0.000,15.000,0.087,0.000
mother,2,3,50,form-entry,22,46,0,0,46,0.00,100.00,0.087,15.000,2.870,0.000
mother,2,3,50,normal,22,46,0,0,46,0.00,100.00,0.000,15.000,0.174,0.000
mother,2,3,100,form-entry,22,46,0,2,44,0.00,95.65,0.174,14.957,2.870,0.000
mother,2,3,100,normal,22,46,0,0,46,0.00,100.00,0.000,15.000,0.130,0.000
mother,1,1,0,form-entry,22,46,0,0,46,0.00,100.00,0.000,15.000,1.000,0.000
mother,1,1,0,normal,22,46,0,0,46,0.00,100.00,0.000,15.000,0.000,0.000
mother,1,1,50,form-entry,22,46,0,0,46,0.00,100.00,0.000,15.000,1.000,0.000
mother,1,1,50,normal,22,46,0,0,46,0.00,100.00,0.000,15.000,0.000,0.000
mother,1,1,100,form-entry,22,46,0,0,46,0.00,100.00,0.000,15.000,1.000,0.000
mother,1,1,100,normal,22,46,0,0,46,0.00,100.00,0.000,15.000,0.000,0.000
mother,1,3,0,form-entry,22,46,0,0,46,0.00,100.00,0.087,15.000,2.913,0.000
mother,1,3,0,normal,22,46,0,0,46,0.00,100.00,0.000,15.000,0.261,0.000
mother,1,3,50,form-entry,22,46,0,0,46,0.00,100.00,0.087,15.000,2.913,0.000
mother,1,3,50,normal,22,46,0,0,46,0.00,100.00,0.000,15.000,0.261,0.000
mother,1,3,100,form-entry,22,46,0,0,46,0.00,100.00,0.087,15.000,2.870,0.000
mother,1,3,100,normal,22,46,0,0,46,0.00,100.00,0.000,15.000,0.217,0.000
mother,0,1,0,form-entry,22,46,6,0,40,13.04,86.96,0.000,14.609,1.000,0.000
mother,0,1,0,normal,22,46,0,0,46,0.00,100.00,0.000,15.000,0.043,0.000
mother,0,1,50,form-entry,22,46,4,0,42,8.70,91.30,0.000,14.652,1.000,0.000
mother,0,1,50,normal,22,46,0,0,46,0.00,100.00,0.000,15.000,0.043,0.000
mother,0,1,100,form-entry,22,46,4,0,42,8.70,91.30,0.000,14.652,1.000,0.000
mother,0,1,100,normal,22,46,0,0,46,0.00,100.00,0.000,15.000,0.043,0.000
mother,0,3,0,form-entry,22,46,2,0,44,4.35,95.65,0.087,15.000,2.957,0.000
mother,0,3,0,normal,22,46,0,0,46,0.00,100.00,0.043,15.000,0.478,0.000
mother,0,3,50,form-entry,22,46,2,0,44,4.35,95.65,0.043,15.000,2.957,0.000
mother,0,3,50,normal,22,46,0,0,46,0.00,100.00,0.043,15.000,0.348,0.000
mother,0,3,100,form-entry,22,46,2,0,44,4.35,95.65,0.043,15.000,2.957,0.000
mother,0,3,100,normal,22,46,0,0,46,0.00,100.00,0.043,15.000,0.391,0.000
paragon,9,1,0,normal,22,46,0,2,44,0.00,95.65,0.043,14.826,0.000,0.000
paragon,9,1,50,normal,22,46,0,2,44,0.00,95.65,0.043,14.826,0.000,0.000
paragon,9,1,100,normal,22,46,0,2,44,0.00,95.65,0.043,14.826,0.000,0.000
paragon,9,3,0,normal,22,46,0,6,40,0.00,86.96,0.696,14.913,0.000,0.000
paragon,9,3,50,normal,22,46,0,6,40,0.00,86.96,0.696,14.913,0.000,0.000
paragon,9,3,100,normal,22,46,0,6,40,0.00,86.96,0.696,14.913,0.000,0.000
paragon,8,1,0,normal,22,46,18,20,8,39.13,17.39,0.435,12.435,0.000,0.000
paragon,8,1,50,normal,22,46,18,22,6,39.13,13.04,0.478,12.435,0.000,0.000
paragon,8,1,100,normal,22,46,18,20,8,39.13,17.39,0.435,12.435,0.000,0.000
paragon,8,3,0,normal,22,46,14,18,14,30.43,30.43,1.609,13.348,0.000,0.000
paragon,8,3,50,normal,22,46,14,20,12,30.43,26.09,1.696,13.261,0.000,0.000
paragon,8,3,100,normal,22,46,14,18,14,30.43,30.43,1.609,13.348,0.000,0.000
paragon,7,1,0,normal,22,46,10,2,34,21.74,73.91,0.043,14.565,0.000,0.000
paragon,7,1,50,normal,22,46,10,2,34,21.74,73.91,0.043,14.565,0.000,0.000
paragon,7,1,100,normal,22,46,10,2,34,21.74,73.91,0.043,14.565,0.000,0.000
paragon,7,3,0,normal,22,46,6,2,38,13.04,82.61,0.391,14.696,0.000,0.000
paragon,7,3,50,normal,22,46,6,2,38,13.04,82.61,0.348,14.696,0.000,0.000
paragon,7,3,100,normal,22,46,6,2,38,13.04,82.61,0.348,14.696,0.000,0.000
paragon,6,1,0,normal,22,46,20,0,26,43.48,56.52,0.000,14.174,0.000,0.000
paragon,6,1,50,normal,22,46,22,0,24,47.83,52.17,0.000,13.826,0.000,0.000
paragon,6,1,100,normal,22,46,18,0,28,39.13,60.87,0.000,14.000,0.000,0.000
paragon,6,3,0,normal,22,46,20,0,26,43.48,56.52,0.087,14.391,0.000,0.000
paragon,6,3,50,normal,22,46,20,0,26,43.48,56.52,0.000,13.826,0.000,0.000
paragon,6,3,100,normal,22,46,18,0,28,39.13,60.87,0.000,13.870,0.000,0.000
paragon,5,1,0,normal,22,46,6,0,40,13.04,86.96,0.000,14.652,0.000,0.000
paragon,5,1,50,normal,22,46,8,0,38,17.39,82.61,0.000,14.391,0.000,0.000
paragon,5,1,100,normal,22,46,6,2,38,13.04,82.61,0.043,14.174,0.000,0.000
paragon,5,3,0,normal,22,46,6,0,40,13.04,86.96,0.130,14.652,0.000,0.000
paragon,5,3,50,normal,22,46,10,2,34,21.74,73.91,0.174,14.261,0.000,0.000
paragon,5,3,100,normal,22,46,6,2,38,13.04,82.61,0.217,14.478,0.000,0.000
paragon,4,1,0,form-entry,22,46,4,6,36,8.70,78.26,0.174,13.870,1.000,0.000
paragon,4,1,0,normal,22,46,0,4,42,0.00,91.30,0.087,14.783,0.522,0.000
paragon,4,1,50,form-entry,22,46,2,8,36,4.35,78.26,0.217,13.913,1.000,0.000
paragon,4,1,50,normal,22,46,2,2,42,4.35,91.30,0.043,14.783,0.739,0.000
paragon,4,1,100,form-entry,22,46,2,10,34,4.35,73.91,0.261,13.870,1.000,0.000
paragon,4,1,100,normal,22,46,2,2,42,4.35,91.30,0.043,14.783,0.652,0.000
paragon,4,3,0,form-entry,22,46,4,10,32,8.70,69.57,0.957,14.261,3.000,0.000
paragon,4,3,0,normal,22,46,0,0,46,0.00,100.00,0.130,15.000,1.826,0.000
paragon,4,3,50,form-entry,22,46,2,10,34,4.35,73.91,0.957,14.435,3.000,0.000
paragon,4,3,50,normal,22,46,0,0,46,0.00,100.00,0.304,15.000,1.913,0.000
paragon,4,3,100,form-entry,22,46,4,10,32,8.70,69.57,1.000,14.435,3.000,0.000
paragon,4,3,100,normal,22,46,0,2,44,0.00,95.65,0.261,14.783,1.913,0.000
paragon,3,1,0,form-entry,22,46,8,4,34,17.39,73.91,0.087,13.696,1.000,0.000
paragon,3,1,0,normal,22,46,6,2,38,13.04,82.61,0.087,14.609,0.522,0.000
paragon,3,1,50,form-entry,22,46,6,4,36,13.04,78.26,0.087,13.870,1.000,0.000
paragon,3,1,50,normal,22,46,8,4,34,17.39,73.91,0.087,14.130,0.391,0.000
paragon,3,1,100,form-entry,22,46,8,4,34,17.39,73.91,0.087,13.913,1.000,0.000
paragon,3,1,100,normal,22,46,8,4,34,17.39,73.91,0.087,14.130,0.478,0.000
paragon,3,3,0,form-entry,22,46,4,6,36,8.70,78.26,0.565,14.391,3.000,0.000
paragon,3,3,0,normal,22,46,0,2,44,0.00,95.65,0.217,15.000,2.000,0.000
paragon,3,3,50,form-entry,22,46,4,8,34,8.70,73.91,0.696,14.522,3.000,0.000
paragon,3,3,50,normal,22,46,0,2,44,0.00,95.65,0.391,14.870,2.130,0.000
paragon,3,3,100,form-entry,22,46,4,8,34,8.70,73.91,0.739,14.261,3.000,0.000
paragon,3,3,100,normal,22,46,0,4,42,0.00,91.30,0.478,14.609,1.957,0.000
paragon,2,1,0,form-entry,22,46,4,2,40,8.70,86.96,0.043,14.304,1.000,0.000
paragon,2,1,0,normal,22,46,2,2,42,4.35,91.30,0.043,14.652,0.174,0.000
paragon,2,1,50,form-entry,22,46,4,2,40,8.70,86.96,0.043,14.304,1.000,0.000
paragon,2,1,50,normal,22,46,2,2,42,4.35,91.30,0.043,14.609,0.348,0.000
paragon,2,1,100,form-entry,22,46,2,2,42,4.35,91.30,0.043,14.478,1.000,0.000
paragon,2,1,100,normal,22,46,2,2,42,4.35,91.30,0.043,14.609,0.348,0.000
paragon,2,3,0,form-entry,22,46,0,2,44,0.00,95.65,0.565,14.609,3.000,0.000
paragon,2,3,0,normal,22,46,0,4,42,0.00,91.30,0.304,14.957,1.174,0.000
paragon,2,3,50,form-entry,22,46,0,2,44,0.00,95.65,0.565,14.609,3.000,0.000
paragon,2,3,50,normal,22,46,0,4,42,0.00,91.30,0.391,14.957,1.304,0.000
paragon,2,3,100,form-entry,22,46,0,6,40,0.00,86.96,0.609,14.348,3.000,0.000
paragon,2,3,100,normal,22,46,0,4,42,0.00,91.30,0.391,14.913,1.391,0.000
paragon,1,1,0,form-entry,22,46,4,2,40,8.70,86.96,0.043,14.174,1.000,0.000
paragon,1,1,0,normal,22,46,2,2,42,4.35,91.30,0.043,14.609,0.391,0.000
paragon,1,1,50,form-entry,22,46,4,2,40,8.70,86.96,0.043,14.174,1.000,0.000
paragon,1,1,50,normal,22,46,2,2,42,4.35,91.30,0.043,14.652,0.174,0.000
paragon,1,1,100,form-entry,22,46,4,2,40,8.70,86.96,0.043,14.174,1.000,0.000
paragon,1,1,100,normal,22,46,2,2,42,4.35,91.30,0.043,14.652,0.174,0.000
paragon,1,3,0,form-entry,22,46,2,8,36,4.35,78.26,0.696,14.087,3.000,0.000
paragon,1,3,0,normal,22,46,0,6,40,0.00,86.96,0.435,14.565,1.826,0.000
paragon,1,3,50,form-entry,22,46,2,8,36,4.35,78.26,0.565,14.087,3.000,0.000
paragon,1,3,50,normal,22,46,0,6,40,0.00,86.96,0.478,14.783,1.217,0.000
paragon,1,3,100,form-entry,22,46,2,10,34,4.35,73.91,0.696,14.174,3.000,0.000
paragon,1,3,100,normal,22,46,0,6,40,0.00,86.96,0.478,14.783,0.957,0.000
paragon,0,1,0,form-entry,22,46,6,4,36,13.04,78.26,0.087,14.130,1.000,0.000
paragon,0,1,0,normal,22,46,2,2,42,4.35,91.30,0.043,14.652,0.522,0.000
paragon,0,1,50,form-entry,22,46,6,4,36,13.04,78.26,0.130,13.652,1.000,0.000
paragon,0,1,50,normal,22,46,6,2,38,13.04,82.61,0.043,14.565,0.696,0.000
paragon,0,1,100,form-entry,22,46,4,4,38,8.70,82.61,0.087,13.870,1.000,0.000
paragon,0,1,100,normal,22,46,4,2,40,8.70,86.96,0.043,14.565,0.696,0.000
paragon,0,3,0,form-entry,22,46,2,12,32,4.35,69.57,1.130,14.043,3.000,0.000
paragon,0,3,0,normal,22,46,0,8,38,0.00,82.61,0.652,14.652,1.870,0.000
paragon,0,3,50,form-entry,22,46,2,12,32,4.35,69.57,1.174,13.783,3.000,0.000
paragon,0,3,50,normal,22,46,0,6,40,0.00,86.96,0.739,14.652,2.261,0.000
paragon,0,3,100,form-entry,22,46,2,12,32,4.35,69.57,1.217,13.522,3.000,0.000
paragon,0,3,100,normal,22,46,0,6,40,0.00,86.96,0.783,14.478,2.174,0.000
red_priest,9,1,0,normal,22,46,2,4,40,4.35,86.96,0.087,14.826,0.000,0.000
red_priest,9,1,50,normal,22,46,2,4,40,4.35,86.96,0.087,14.826,0.000,0.000
red_priest,9,1,100,normal,22,46,2,4,40,4.35,86.96,0.087,14.826,0.000,0.000
red_priest,9,3,0,normal,22,46,2,2,42,4.35,91.30,0.304,14.826,0.000,0.000
red_priest,9,3,50,normal,22,46,2,2,42,4.35,91.30,0.304,14.826,0.000,0.000
red_priest,9,3,100,normal,22,46,2,2,42,4.35,91.30,0.304,14.826,0.000,0.000
red_priest,8,1,0,normal,22,46,0,20,26,0.00,56.52,0.435,13.522,0.000,0.000
red_priest,8,1,50,normal,22,46,0,24,22,0.00,47.83,0.522,13.304,0.000,0.000
red_priest,8,1,100,normal,22,46,0,22,24,0.00,52.17,0.478,13.391,0.000,0.000
red_priest,8,3,0,normal,22,46,0,24,22,0.00,47.83,1.652,13.522,0.000,0.000
red_priest,8,3,50,normal,22,46,0,26,20,0.00,43.48,1.783,13.522,0.000,0.000
red_priest,8,3,100,normal,22,46,0,24,22,0.00,47.83,1.652,13.522,0.000,0.000
red_priest,7,1,0,normal,22,46,2,20,24,4.35,52.17,0.435,13.609,0.000,0.000
red_priest,7,1,50,normal,22,46,2,20,24,4.35,52.17,0.435,13.565,0.000,0.000
red_priest,7,1,100,normal,22,46,2,20,24,4.35,52.17,0.435,13.609,0.000,0.000
red_priest,7,3,0,normal,22,46,0,18,28,0.00,60.87,1.696,13.957,0.000,0.000
red_priest,7,3,50,normal,22,46,0,20,26,0.00,56.52,1.739,13.826,0.000,0.000
red_priest,7,3,100,normal,22,46,0,20,26,0.00,56.52,1.739,13.870,0.000,0.000
red_priest,6,1,0,normal,22,46,14,18,14,30.43,30.43,0.391,12.435,0.000,0.000
red_priest,6,1,50,normal,22,46,14,22,10,30.43,21.74,0.478,12.261,0.000,0.000
red_priest,6,1,100,normal,22,46,14,22,10,30.43,21.74,0.478,12.130,0.000,0.000
red_priest,6,3,0,normal,22,46,12,20,14,26.09,30.43,1.565,13.217,0.000,0.000
red_priest,6,3,50,normal,22,46,12,22,12,26.09,26.09,1.652,13.217,0.000,0.000
red_priest,6,3,100,normal,22,46,12,22,12,26.09,26.09,1.652,13.087,0.000,0.000
red_priest,5,1,0,normal,22,46,4,12,30,8.70,65.22,0.261,13.783,0.000,0.000
red_priest,5,1,50,normal,22,46,4,12,30,8.70,65.22,0.261,13.913,0.000,0.000
red_priest,5,1,100,normal,22,46,4,12,30,8.70,65.22,0.261,13.913,0.000,0.000
red_priest,5,3,0,normal,22,46,12,10,24,26.09,52.17,1.043,13.826,0.000,0.000
red_priest,5,3,50,normal,22,46,10,10,26,21.74,56.52,0.913,13.783,0.000,0.000
red_priest,5,3,100,normal,22,46,10,10,26,21.74,56.52,1.087,13.783,0.000,0.000
red_priest,4,1,0,form-entry,22,46,24,14,8,52.17,17.39,0.304,8.913,1.000,0.000
red_priest,4,1,0,normal,22,46,20,8,18,43.48,39.13,0.174,13.217,0.870,0.000
red_priest,4,1,50,form-entry,22,46,24,16,6,52.17,13.04,0.348,8.478,1.000,0.000
red_priest,4,1,50,normal,22,46,18,12,16,39.13,34.78,0.261,12.783,0.826,0.000
red_priest,4,1,100,form-entry,22,46,26,14,6,56.52,13.04,0.304,8.522,1.000,0.000
red_priest,4,1,100,normal,22,46,18,12,16,39.13,34.78,0.261,12.522,0.870,0.000
red_priest,4,3,0,form-entry,22,46,28,12,6,60.87,13.04,1.000,9.652,3.000,0.000
red_priest,4,3,0,normal,22,46,14,6,26,30.43,56.52,0.609,13.391,2.043,0.000
red_priest,4,3,50,form-entry,22,46,28,12,6,60.87,13.04,1.043,9.435,3.000,0.000
red_priest,4,3,50,normal,22,46,14,6,26,30.43,56.52,0.652,13.478,2.000,0.000
red_priest,4,3,100,form-entry,22,46,26,16,4,56.52,8.70,1.174,9.174,3.000,0.000
red_priest,4,3,100,normal,22,46,12,6,28,26.09,60.87,0.696,13.652,2.130,0.000
red_priest,3,1,0,form-entry,22,46,18,18,10,39.13,21.74,0.391,11.565,1.000,0.000
red_priest,3,1,0,normal,22,46,10,8,28,21.74,60.87,0.174,14.043,0.652,0.000
red_priest,3,1,50,form-entry,22,46,20,16,10,43.48,21.74,0.348,11.261,1.000,0.000
red_priest,3,1,50,normal,22,46,14,8,24,30.43,52.17,0.174,13.652,0.652,0.000
red_priest,3,1,100,form-entry,22,46,20,16,10,43.48,21.74,0.348,11.391,1.000,0.000
red_priest,3,1,100,normal,22,46,10,8,28,21.74,60.87,0.174,13.870,0.739,0.000
red_priest,3,3,0,form-entry,22,46,14,18,14,30.43,30.43,1.522,11.957,3.000,0.000
red_priest,3,3,0,normal,22,46,12,6,28,26.09,60.87,0.609,14.261,2.217,0.000
red_priest,3,3,50,form-entry,22,46,14,20,12,30.43,26.09,1.609,11.870,3.000,0.000
red_priest,3,3,50,normal,22,46,10,6,30,21.74,65.22,0.652,13.913,2.174,0.000
red_priest,3,3,100,form-entry,22,46,16,20,10,34.78,21.74,1.522,11.130,3.000,0.000
red_priest,3,3,100,normal,22,46,14,6,26,30.43,56.52,0.565,14.043,2.130,0.000
red_priest,2,1,0,form-entry,22,46,10,18,18,21.74,39.13,0.391,12.565,1.000,0.000
red_priest,2,1,0,normal,22,46,0,2,44,0.00,95.65,0.043,14.609,0.826,0.000
red_priest,2,1,50,form-entry,22,46,8,18,20,17.39,43.48,0.391,12.870,1.000,0.000
red_priest,2,1,50,normal,22,46,0,4,42,0.00,91.30,0.087,14.609,0.783,0.000
red_priest,2,1,100,form-entry,22,46,8,16,22,17.39,47.83,0.348,12.870,1.000,0.000
red_priest,2,1,100,normal,22,46,0,4,42,0.00,91.30,0.087,14.609,0.783,0.000
red_priest,2,3,0,form-entry,22,46,28,10,8,60.87,17.39,0.783,6.913,3.000,0.000
red_priest,2,3,0,normal,22,46,22,6,18,47.83,39.13,0.478,12.957,1.826,0.000
red_priest,2,3,50,form-entry,22,46,28,10,8,60.87,17.39,0.783,6.957,3.000,0.000
red_priest,2,3,50,normal,22,46,22,8,16,47.83,34.78,0.565,13.217,1.913,0.000
red_priest,2,3,100,form-entry,22,46,30,12,4,65.22,8.70,0.826,6.652,3.000,0.000
red_priest,2,3,100,normal,22,46,28,6,12,60.87,26.09,0.391,12.826,1.826,0.000
red_priest,1,1,0,form-entry,22,46,14,8,24,30.43,52.17,0.174,13.913,1.000,0.000
red_priest,1,1,0,normal,22,46,2,0,44,4.35,95.65,0.000,15.000,0.783,0.000
red_priest,1,1,50,form-entry,22,46,14,10,22,30.43,47.83,0.217,13.652,1.000,0.000
red_priest,1,1,50,normal,22,46,2,0,44,4.35,95.65,0.000,15.000,0.826,0.000
red_priest,1,1,100,form-entry,22,46,14,12,20,30.43,43.48,0.261,13.609,1.000,0.000
red_priest,1,1,100,normal,22,46,0,0,46,0.00,100.00,0.000,15.000,0.739,0.000
red_priest,1,3,0,form-entry,22,46,26,10,10,56.52,21.74,0.913,11.043,3.000,0.000
red_priest,1,3,0,normal,22,46,12,6,28,26.09,60.87,0.609,14.522,1.696,0.000
red_priest,1,3,50,form-entry,22,46,22,10,14,47.83,30.43,0.957,11.130,3.000,0.000
red_priest,1,3,50,normal,22,46,10,6,30,21.74,65.22,0.609,14.565,1.696,0.000
red_priest,1,3,100,form-entry,22,46,20,10,16,43.48,34.78,1.000,11.435,3.000,0.000
red_priest,1,3,100,normal,22,46,14,8,24,30.43,52.17,0.565,14.087,1.652,0.000
red_priest,0,1,0,form-entry,22,46,12,16,18,26.09,39.13,0.348,12.261,1.000,0.000
red_priest,0,1,0,normal,22,46,0,2,44,0.00,95.65,0.043,14.609,0.783,0.000
red_priest,0,1,50,form-entry,22,46,14,14,18,30.43,39.13,0.304,12.087,1.000,0.000
red_priest,0,1,50,normal,22,46,0,2,44,0.00,95.65,0.043,14.609,0.783,0.000
red_priest,0,1,100,form-entry,22,46,12,14,20,26.09,43.48,0.304,12.261,1.000,0.000
red_priest,0,1,100,normal,22,46,0,2,44,0.00,95.65,0.043,14.609,0.783,0.000
red_priest,0,3,0,form-entry,22,46,28,12,6,60.87,13.04,1.043,10.130,3.000,0.000
red_priest,0,3,0,normal,22,46,10,6,30,21.74,65.22,0.652,14.130,2.565,0.000
red_priest,0,3,50,form-entry,22,46,28,12,6,60.87,13.04,1.043,9.913,3.000,0.000
red_priest,0,3,50,normal,22,46,14,6,26,30.43,56.52,0.652,13.783,2.435,0.000
red_priest,0,3,100,form-entry,22,46,26,12,8,56.52,17.39,1.130,10.130,3.000,0.000
red_priest,0,3,100,normal,22,46,12,6,28,26.09,60.87,0.609,13.783,2.391,0.000
sun,9,1,0,normal,22,46,0,4,42,0.00,91.30,0.087,14.783,0.000,0.000
sun,9,1,50,normal,22,46,0,4,42,0.00,91.30,0.087,14.783,0.000,0.000
sun,9,1,100,normal,22,46,0,4,42,0.00,91.30,0.087,14.783,0.000,0.000
sun,9,3,0,normal,22,46,0,4,42,0.00,91.30,0.652,14.739,0.000,0.000
sun,9,3,50,normal,22,46,0,4,42,0.00,91.30,0.652,14.739,0.000,0.000
sun,9,3,100,normal,22,46,0,4,42,0.00,91.30,0.652,14.739,0.000,0.000
sun,8,1,0,normal,22,46,20,12,14,43.48,30.43,0.261,13.348,0.000,0.000
sun,8,1,50,normal,22,46,20,12,14,43.48,30.43,0.261,13.348,0.000,0.000
sun,8,1,100,normal,22,46,20,12,14,43.48,30.43,0.261,13.348,0.000,0.000
sun,8,3,0,normal,22,46,16,12,18,34.78,39.13,0.957,13.957,0.000,0.000
sun,8,3,50,normal,22,46,16,14,16,34.78,34.78,1.087,13.870,0.000,0.000
sun,8,3,100,normal,22,46,16,12,18,34.78,39.13,1.000,13.870,0.000,0.000
sun,7,1,0,normal,22,46,0,4,42,0.00,91.30,0.087,14.913,0.000,0.000
sun,7,1,50,normal,22,46,0,6,40,0.00,86.96,0.130,14.826,0.000,0.000
sun,7,1,100,normal,22,46,0,4,42,0.00,91.30,0.087,14.913,0.000,0.000
sun,7,3,0,normal,22,46,0,6,40,0.00,86.96,0.739,14.783,0.000,0.000
sun,7,3,50,normal,22,46,0,6,40,0.00,86.96,0.652,14.783,0.000,0.000
sun,7,3,100,normal,22,46,0,6,40,0.00,86.96,0.652,14.783,0.000,0.000
sun,6,1,0,normal,22,46,0,10,36,0.00,78.26,0.217,14.565,0.000,0.000
sun,6,1,50,normal,22,46,0,8,38,0.00,82.61,0.174,14.565,0.000,0.000
sun,6,1,100,normal,22,46,0,8,38,0.00,82.61,0.174,14.565,0.000,0.000
sun,6,3,0,normal,22,46,0,6,40,0.00,86.96,0.783,14.826,0.000,0.000
sun,6,3,50,normal,22,46,0,4,42,0.00,91.30,0.609,14.826,0.000,0.000
sun,6,3,100,normal,22,46,0,4,42,0.00,91.30,0.739,14.826,0.000,0.000
sun,5,1,0,normal,22,46,8,6,32,17.39,69.57,0.130,14.435,0.000,0.000
sun,5,1,50,normal,22,46,8,8,30,17.39,65.22,0.174,14.522,0.000,0.000
sun,5,1,100,normal,22,46,8,8,30,17.39,65.22,0.174,14.522,0.000,0.000
sun,5,3,0,normal,22,46,4,4,38,8.70,82.61,0.565,14.348,0.000,0.000
sun,5,3,50,normal,22,46,2,4,40,4.35,86.96,0.652,14.391,0.000,0.000
sun,5,3,100,normal,22,46,2,4,40,4.35,86.96,0.652,14.391,0.000,0.000
sun,4,1,0,form-entry,22,46,16,10,20,34.78,43.48,0.217,11.348,1.000,0.000
sun,4,1,0,normal,22,46,2,4,40,4.35,86.96,0.087,14.522,0.696,0.000
sun,4,1,50,form-entry,22,46,18,8,20,39.13,43.48,0.174,11.261,1.000,0.000
sun,4,1,50,normal,22,46,0,4,42,0.00,91.30,0.087,14.391,0.696,0.000
sun,4,1,100,form-entry,22,46,20,8,18,43.48,39.13,0.174,11.174,1.000,0.000
sun,4,1,100,normal,22,46,0,6,40,0.00,86.96,0.130,14.304,0.696,0.000
sun,4,3,0,form-entry,22,46,20,14,12,43.48,26.09,1.087,12.826,3.000,0.000
sun,4,3,0,normal,22,46,0,8,38,0.00,82.61,0.696,14.348,1.957,0.000
sun,4,3,50,form-entry,22,46,18,14,14,39.13,30.43,1.217,12.696,3.000,0.000
sun,4,3,50,normal,22,46,0,8,38,0.00,82.61,0.696,14.348,1.957,0.000
sun,4,3,100,form-entry,22,46,16,14,16,34.78,34.78,1.087,12.913,3.000,0.000
sun,4,3,100,normal,22,46,0,8,38,0.00,82.61,0.652,14.348,2.000,0.000
sun,3,1,0,form-entry,22,46,8,8,30,17.39,65.22,0.174,13.739,1.000,0.000
sun,3,1,0,normal,22,46,2,6,38,4.35,82.61,0.130,14.870,0.478,0.000
sun,3,1,50,form-entry,22,46,8,8,30,17.39,65.22,0.174,13.478,1.000,0.000
sun,3,1,50,normal,22,46,2,6,38,4.35,82.61,0.130,14.870,0.435,0.000
sun,3,1,100,form-entry,22,46,8,8,30,17.39,65.22,0.174,13.348,1.000,0.000
sun,3,1,100,normal,22,46,2,6,38,4.35,82.61,0.130,14.609,0.391,0.000
sun,3,3,0,form-entry,22,46,12,6,28,26.09,60.87,0.783,13.391,3.000,0.000
sun,3,3,0,normal,22,46,0,4,42,0.00,91.30,0.478,14.652,1.522,0.000
sun,3,3,50,form-entry,22,46,8,4,34,17.39,73.91,0.783,13.652,3.000,0.000
sun,3,3,50,normal,22,46,0,4,42,0.00,91.30,0.478,14.652,1.739,0.000
sun,3,3,100,form-entry,22,46,8,6,32,17.39,69.57,0.783,13.826,3.000,0.000
sun,3,3,100,normal,22,46,0,6,40,0.00,86.96,0.522,14.652,1.739,0.000
sun,2,1,0,form-entry,22,46,4,4,38,8.70,82.61,0.087,14.739,1.000,0.000
sun,2,1,0,normal,22,46,0,2,44,0.00,95.65,0.043,14.957,0.304,0.000
sun,2,1,50,form-entry,22,46,6,2,38,13.04,82.61,0.043,14.870,1.000,0.000
sun,2,1,50,normal,22,46,0,0,46,0.00,100.00,0.000,15.000,0.348,0.000
sun,2,1,100,form-entry,22,46,8,2,36,17.39,78.26,0.043,14.826,1.000,0.000
sun,2,1,100,normal,22,46,0,0,46,0.00,100.00,0.000,15.000,0.304,0.000
sun,2,3,0,form-entry,22,46,4,10,32,8.70,69.57,0.826,13.826,3.000,0.000
sun,2,3,0,normal,22,46,0,4,42,0.00,91.30,0.478,15.000,1.522,0.000
sun,2,3,50,form-entry,22,46,4,10,32,8.70,69.57,0.826,13.913,3.000,0.000
sun,2,3,50,normal,22,46,0,4,42,0.00,91.30,0.478,15.000,1.739,0.000
sun,2,3,100,form-entry,22,46,2,12,32,4.35,69.57,1.087,13.783,3.000,0.000
sun,2,3,100,normal,22,46,0,4,42,0.00,91.30,0.522,14.783,1.696,0.000
sun,1,1,0,form-entry,22,46,6,6,34,13.04,73.91,0.130,14.304,1.000,0.000
sun,1,1,0,normal,22,46,0,2,44,0.00,95.65,0.043,15.000,0.304,0.000
sun,1,1,50,form-entry,22,46,8,4,34,17.39,73.91,0.087,13.913,1.000,0.000
sun,1,1,50,normal,22,46,0,2,44,0.00,95.65,0.043,15.000,0.391,0.000
sun,1,1,100,form-entry,22,46,6,6,34,13.04,73.91,0.130,14.000,1.000,0.000
sun,1,1,100,normal,22,46,0,2,44,0.00,95.65,0.043,15.000,0.348,0.000
sun,1,3,0,form-entry,22,46,22,6,18,47.83,39.13,0.609,13.043,3.000,0.000
sun,1,3,0,normal,22,46,6,4,36,13.04,78.26,0.348,14.609,1.565,0.000
sun,1,3,50,form-entry,22,46,20,6,20,43.48,43.48,0.652,13.130,3.000,0.000
sun,1,3,50,normal,22,46,4,4,38,8.70,82.61,0.391,14.739,1.609,0.000
sun,1,3,100,form-entry,22,46,24,6,16,52.17,34.78,0.652,12.826,3.000,0.000
sun,1,3,100,normal,22,46,4,4,38,8.70,82.61,0.391,14.565,1.522,0.000
sun,0,1,0,form-entry,22,46,8,10,28,17.39,60.87,0.217,13.565,1.000,0.000
sun,0,1,0,normal,22,46,0,6,40,0.00,86.96,0.130,14.696,0.652,0.000
sun,0,1,50,form-entry,22,46,14,6,26,30.43,56.52,0.130,13.913,1.000,0.000
sun,0,1,50,normal,22,46,0,6,40,0.00,86.96,0.130,14.696,0.739,0.000
sun,0,1,100,form-entry,22,46,10,8,28,21.74,60.87,0.174,13.913,1.000,0.000
sun,0,1,100,normal,22,46,0,4,42,0.00,91.30,0.087,14.870,0.652,0.000
sun,0,3,0,form-entry,22,46,8,18,20,17.39,43.48,1.435,12.087,3.000,0.000
sun,0,3,0,normal,22,46,4,6,36,8.70,78.26,0.826,14.435,1.913,0.000
sun,0,3,50,form-entry,22,46,8,20,18,17.39,39.13,1.522,12.348,3.000,0.000
sun,0,3,50,normal,22,46,6,6,34,13.04,73.91,0.609,14.217,1.826,0.000
sun,0,3,100,form-entry,22,46,8,18,20,17.39,43.48,1.565,12.435,3.000,0.000
sun,0,3,100,normal,22,46,8,6,32,17.39,69.57,0.739,14.261,2.000,0.000
twilight_giant,9,1,0,normal,22,46,14,2,30,30.43,65.22,0.043,14.696,0.000,0.000
twilight_giant,9,1,50,normal,22,46,14,2,30,30.43,65.22,0.043,14.696,0.000,0.000
twilight_giant,9,1,100,normal,22,46,14,2,30,30.43,65.22,0.043,14.696,0.000,0.000
twilight_giant,9,3,0,normal,22,46,8,2,36,17.39,78.26,0.304,14.913,0.000,0.000
twilight_giant,9,3,50,normal,22,46,8,2,36,17.39,78.26,0.304,14.913,0.000,0.000
twilight_giant,9,3,100,normal,22,46,8,2,36,17.39,78.26,0.304,14.913,0.000,0.000
twilight_giant,8,1,0,normal,22,46,24,12,10,52.17,21.74,0.261,12.609,0.000,0.000
twilight_giant,8,1,50,normal,22,46,24,12,10,52.17,21.74,0.261,12.609,0.000,0.000
twilight_giant,8,1,100,normal,22,46,24,12,10,52.17,21.74,0.261,12.609,0.000,0.000
twilight_giant,8,3,0,normal,22,46,32,8,6,69.57,13.04,0.826,13.043,0.000,0.000
twilight_giant,8,3,50,normal,22,46,30,10,6,65.22,13.04,0.913,12.957,0.000,0.000
twilight_giant,8,3,100,normal,22,46,30,10,6,65.22,13.04,0.870,12.957,0.000,0.000
twilight_giant,7,1,0,normal,22,46,10,0,36,21.74,78.26,0.000,14.609,0.000,0.000
twilight_giant,7,1,50,normal,22,46,8,0,38,17.39,82.61,0.000,14.739,0.000,0.000
twilight_giant,7,1,100,normal,22,46,8,0,38,17.39,82.61,0.000,14.739,0.000,0.000
twilight_giant,7,3,0,normal,22,46,6,0,40,13.04,86.96,0.087,14.826,0.000,0.000
twilight_giant,7,3,50,normal,22,46,6,0,40,13.04,86.96,0.043,14.826,0.000,0.000
twilight_giant,7,3,100,normal,22,46,6,0,40,13.04,86.96,0.087,14.826,0.000,0.000
twilight_giant,6,1,0,normal,22,46,4,0,42,8.70,91.30,0.000,14.783,0.000,0.000
twilight_giant,6,1,50,normal,22,46,4,0,42,8.70,91.30,0.000,14.783,0.000,0.000
twilight_giant,6,1,100,normal,22,46,6,0,40,13.04,86.96,0.000,14.739,0.000,0.000
twilight_giant,6,3,0,normal,22,46,8,2,36,17.39,78.26,0.348,14.609,0.000,0.000
twilight_giant,6,3,50,normal,22,46,6,0,40,13.04,86.96,0.304,14.739,0.000,0.000
twilight_giant,6,3,100,normal,22,46,8,0,38,17.39,82.61,0.348,14.696,0.000,0.000
twilight_giant,5,1,0,normal,22,46,2,0,44,4.35,95.65,0.000,15.000,0.000,0.000
twilight_giant,5,1,50,normal,22,46,2,0,44,4.35,95.65,0.000,15.000,0.000,0.000
twilight_giant,5,1,100,normal,22,46,4,0,42,8.70,91.30,0.000,15.000,0.000,0.000
twilight_giant,5,3,0,normal,22,46,2,4,40,4.35,86.96,0.261,14.739,0.000,0.000
twilight_giant,5,3,50,normal,22,46,2,4,40,4.35,86.96,0.261,14.739,0.000,0.000
twilight_giant,5,3,100,normal,22,46,4,2,40,8.70,86.96,0.217,14.957,0.000,0.000
twilight_giant,4,1,0,form-entry,22,46,0,8,38,0.00,82.61,0.174,14.261,1.000,0.000
twilight_giant,4,1,0,normal,22,46,0,2,44,0.00,95.65,0.043,14.870,0.304,0.000
twilight_giant,4,1,50,form-entry,22,46,0,8,38,0.00,82.61,0.174,14.261,1.000,0.000
twilight_giant,4,1,50,normal,22,46,0,2,44,0.00,95.65,0.043,14.870,0.391,0.000
twilight_giant,4,1,100,form-entry,22,46,0,6,40,0.00,86.96,0.130,14.217,1.000,0.000
twilight_giant,4,1,100,normal,22,46,0,2,44,0.00,95.65,0.043,14.870,0.261,0.000
twilight_giant,4,3,0,form-entry,22,46,0,10,36,0.00,78.26,0.870,14.130,3.000,0.000
twilight_giant,4,3,0,normal,22,46,0,2,44,0.00,95.65,0.217,14.783,1.261,0.000
twilight_giant,4,3,50,form-entry,22,46,0,14,32,0.00,69.57,1.087,13.739,3.000,0.000
twilight_giant,4,3,50,normal,22,46,0,2,44,0.00,95.65,0.174,14.783,1.304,0.000
twilight_giant,4,3,100,form-entry,22,46,0,12,34,0.00,73.91,0.957,13.783,3.000,0.000
twilight_giant,4,3,100,normal,22,46,0,0,46,0.00,100.00,0.217,15.000,1.000,0.000
twilight_giant,3,1,0,form-entry,22,46,0,4,42,0.00,91.30,0.087,14.565,1.000,0.000
twilight_giant,3,1,0,normal,22,46,0,2,44,0.00,95.65,0.043,14.609,0.087,0.000
twilight_giant,3,1,50,form-entry,22,46,0,4,42,0.00,91.30,0.087,14.565,1.000,0.000
twilight_giant,3,1,50,normal,22,46,0,2,44,0.00,95.65,0.043,14.609,0.087,0.000
twilight_giant,3,1,100,form-entry,22,46,0,4,42,0.00,91.30,0.087,14.565,1.000,0.000
twilight_giant,3,1,100,normal,22,46,0,2,44,0.00,95.65,0.043,14.609,0.000,0.000
twilight_giant,3,3,0,form-entry,22,46,0,0,46,0.00,100.00,0.217,15.000,3.000,0.000
twilight_giant,3,3,0,normal,22,46,0,2,44,0.00,95.65,0.130,14.696,0.522,0.000
twilight_giant,3,3,50,form-entry,22,46,0,0,46,0.00,100.00,0.304,15.000,3.000,0.000
twilight_giant,3,3,50,normal,22,46,0,2,44,0.00,95.65,0.130,14.696,0.565,0.000
twilight_giant,3,3,100,form-entry,22,46,0,0,46,0.00,100.00,0.348,15.000,3.000,0.000
twilight_giant,3,3,100,normal,22,46,0,2,44,0.00,95.65,0.130,14.696,0.304,0.000
twilight_giant,2,1,0,form-entry,22,46,0,2,44,0.00,95.65,0.043,14.609,1.000,0.000
twilight_giant,2,1,0,normal,22,46,0,2,44,0.00,95.65,0.043,14.609,0.087,0.000
twilight_giant,2,1,50,form-entry,22,46,0,2,44,0.00,95.65,0.043,14.609,1.000,0.000
twilight_giant,2,1,50,normal,22,46,0,2,44,0.00,95.65,0.043,14.609,0.087,0.000
twilight_giant,2,1,100,form-entry,22,46,0,2,44,0.00,95.65,0.043,14.609,1.000,0.000
twilight_giant,2,1,100,normal,22,46,0,2,44,0.00,95.65,0.043,14.609,0.000,0.000
twilight_giant,2,3,0,form-entry,22,46,0,4,42,0.00,91.30,0.391,14.435,3.000,0.000
twilight_giant,2,3,0,normal,22,46,0,2,44,0.00,95.65,0.174,14.652,0.696,0.000
twilight_giant,2,3,50,form-entry,22,46,0,4,42,0.00,91.30,0.348,14.435,3.000,0.000
twilight_giant,2,3,50,normal,22,46,0,2,44,0.00,95.65,0.174,14.652,0.565,0.000
twilight_giant,2,3,100,form-entry,22,46,0,4,42,0.00,91.30,0.304,14.609,3.000,0.000
twilight_giant,2,3,100,normal,22,46,0,2,44,0.00,95.65,0.130,14.652,0.391,0.000
twilight_giant,1,1,0,form-entry,22,46,2,2,42,4.35,91.30,0.043,14.739,1.000,0.000
twilight_giant,1,1,0,normal,22,46,0,2,44,0.00,95.65,0.043,14.870,0.087,0.000
twilight_giant,1,1,50,form-entry,22,46,2,2,42,4.35,91.30,0.043,14.739,1.000,0.000
twilight_giant,1,1,50,normal,22,46,0,2,44,0.00,95.65,0.043,14.870,0.130,0.000
twilight_giant,1,1,100,form-entry,22,46,2,2,42,4.35,91.30,0.043,14.435,1.000,0.000
twilight_giant,1,1,100,normal,22,46,0,2,44,0.00,95.65,0.043,14.609,0.000,0.000
twilight_giant,1,3,0,form-entry,22,46,0,6,40,0.00,86.96,0.565,14.522,3.000,0.000
twilight_giant,1,3,0,normal,22,46,0,2,44,0.00,95.65,0.261,14.652,0.826,0.000
twilight_giant,1,3,50,form-entry,22,46,0,4,42,0.00,91.30,0.435,14.565,3.000,0.000
twilight_giant,1,3,50,normal,22,46,0,2,44,0.00,95.65,0.261,14.652,0.870,0.000
twilight_giant,1,3,100,form-entry,22,46,0,6,40,0.00,86.96,0.478,14.391,3.000,0.000
twilight_giant,1,3,100,normal,22,46,0,2,44,0.00,95.65,0.174,14.652,0.522,0.000
twilight_giant,0,1,0,form-entry,22,46,2,6,38,4.35,82.61,0.130,13.957,1.000,0.000
twilight_giant,0,1,0,normal,22,46,0,2,44,0.00,95.65,0.043,14.609,0.348,0.000
twilight_giant,0,1,50,form-entry,22,46,2,6,38,4.35,82.61,0.130,14.043,1.000,0.000
twilight_giant,0,1,50,normal,22,46,0,2,44,0.00,95.65,0.043,14.609,0.348,0.000
twilight_giant,0,1,100,form-entry,22,46,2,4,40,4.35,86.96,0.087,14.174,1.000,0.000
twilight_giant,0,1,100,normal,22,46,0,2,44,0.00,95.65,0.043,14.609,0.130,0.000
twilight_giant,0,3,0,form-entry,22,46,0,8,38,0.00,82.61,0.696,14.304,3.000,0.000
twilight_giant,0,3,0,normal,22,46,0,4,42,0.00,91.30,0.304,14.652,1.652,0.000
twilight_giant,0,3,50,form-entry,22,46,0,8,38,0.00,82.61,0.696,14.304,3.000,0.000
twilight_giant,0,3,50,normal,22,46,0,4,42,0.00,91.30,0.261,14.652,1.609,0.000
twilight_giant,0,3,100,form-entry,22,46,0,6,40,0.00,86.96,0.652,14.609,3.000,0.000
twilight_giant,0,3,100,normal,22,46,0,2,44,0.00,95.65,0.217,14.652,1.043,0.000
tyrant,9,1,0,normal,22,46,4,2,40,8.70,86.96,0.043,14.783,0.000,0.000
tyrant,9,1,50,normal,22,46,4,2,40,8.70,86.96,0.043,14.783,0.000,0.000
tyrant,9,1,100,normal,22,46,4,2,40,8.70,86.96,0.043,14.783,0.000,0.000
tyrant,9,3,0,normal,22,46,0,0,46,0.00,100.00,0.217,15.000,0.000,0.000
tyrant,9,3,50,normal,22,46,0,0,46,0.00,100.00,0.217,15.000,0.000,0.000
tyrant,9,3,100,normal,22,46,0,0,46,0.00,100.00,0.217,15.000,0.000,0.000
tyrant,8,1,0,normal,22,46,22,8,16,47.83,34.78,0.174,14.000,0.000,0.000
tyrant,8,1,50,normal,22,46,20,10,16,43.48,34.78,0.217,13.870,0.000,0.000
tyrant,8,1,100,normal,22,46,20,10,16,43.48,34.78,0.217,13.870,0.000,0.000
tyrant,8,3,0,normal,22,46,8,12,26,17.39,56.52,1.261,14.087,0.000,0.000
tyrant,8,3,50,normal,22,46,8,12,26,17.39,56.52,1.304,14.130,0.000,0.000
tyrant,8,3,100,normal,22,46,8,12,26,17.39,56.52,1.261,14.130,0.000,0.000
tyrant,7,1,0,normal,22,46,0,12,34,0.00,73.91,0.261,14.478,0.000,0.000
tyrant,7,1,50,normal,22,46,0,12,34,0.00,73.91,0.261,14.478,0.000,0.000
tyrant,7,1,100,normal,22,46,0,12,34,0.00,73.91,0.261,14.478,0.000,0.000
tyrant,7,3,0,normal,22,46,0,8,38,0.00,82.61,1.043,14.696,0.000,0.000
tyrant,7,3,50,normal,22,46,0,8,38,0.00,82.61,1.087,14.522,0.000,0.000
tyrant,7,3,100,normal,22,46,0,10,36,0.00,78.26,1.130,14.478,0.000,0.000
tyrant,6,1,0,normal,22,46,0,10,36,0.00,78.26,0.217,14.478,0.000,0.000
tyrant,6,1,50,normal,22,46,0,10,36,0.00,78.26,0.217,14.522,0.000,0.000
tyrant,6,1,100,normal,22,46,0,10,36,0.00,78.26,0.217,14.522,0.000,0.000
tyrant,6,3,0,normal,22,46,0,8,38,0.00,82.61,1.174,14.696,0.000,0.000
tyrant,6,3,50,normal,22,46,2,6,38,4.35,82.61,1.043,14.783,0.000,0.000
tyrant,6,3,100,normal,22,46,2,6,38,4.35,82.61,1.087,14.783,0.000,0.000
tyrant,5,1,0,normal,22,46,6,12,28,13.04,60.87,0.261,14.130,0.000,0.000
tyrant,5,1,50,normal,22,46,2,12,32,4.35,69.57,0.261,14.043,0.000,0.000
tyrant,5,1,100,normal,22,46,2,12,32,4.35,69.57,0.261,14.000,0.000,0.000
tyrant,5,3,0,normal,22,46,4,10,32,8.70,69.57,0.870,14.696,0.000,0.000
tyrant,5,3,50,normal,22,46,2,10,34,4.35,73.91,0.913,14.652,0.000,0.000
tyrant,5,3,100,normal,22,46,2,10,34,4.35,73.91,0.870,14.652,0.000,0.000
tyrant,4,1,0,form-entry,22,46,8,24,14,17.39,30.43,0.522,11.652,1.000,0.000
tyrant,4,1,0,normal,22,46,0,4,42,0.00,91.30,0.087,14.261,0.739,0.000
tyrant,4,1,50,form-entry,22,46,8,26,12,17.39,26.09,0.565,11.391,1.000,0.000
tyrant,4,1,50,normal,22,46,0,6,40,0.00,86.96,0.130,14.174,0.783,0.000
tyrant,4,1,100,form-entry,22,46,8,26,12,17.39,26.09,0.565,11.478,1.000,0.000
tyrant,4,1,100,normal,22,46,0,6,40,0.00,86.96,0.130,14.174,0.783,0.000
tyrant,4,3,0,form-entry,22,46,22,18,6,47.83,13.04,1.304,10.304,3.000,0.000
tyrant,4,3,0,normal,22,46,12,10,24,26.09,52.17,0.826,14.174,2.522,0.000
tyrant,4,3,50,form-entry,22,46,22,20,4,47.83,8.70,1.304,10.478,3.000,0.000
tyrant,4,3,50,normal,22,46,14,10,22,30.43,47.83,0.826,13.957,2.478,0.000
tyrant,4,3,100,form-entry,22,46,24,16,6,52.17,13.04,1.174,10.304,3.000,0.000
tyrant,4,3,100,normal,22,46,14,8,24,30.43,52.17,0.696,13.957,2.522,0.000
tyrant,3,1,0,form-entry,22,46,0,24,22,0.00,47.83,0.522,12.478,1.000,0.000
tyrant,3,1,0,normal,22,46,0,6,40,0.00,86.96,0.130,14.565,0.783,0.000
tyrant,3,1,50,form-entry,22,46,0,24,22,0.00,47.83,0.522,12.652,1.000,0.000
tyrant,3,1,50,normal,22,46,0,6,40,0.00,86.96,0.130,14.435,0.783,0.000
tyrant,3,1,100,form-entry,22,46,0,24,22,0.00,47.83,0.522,12.609,1.000,0.000
tyrant,3,1,100,normal,22,46,0,6,40,0.00,86.96,0.130,14.435,0.826,0.000
tyrant,3,3,0,form-entry,22,46,8,22,16,17.39,34.78,1.957,12.783,3.000,0.000
tyrant,3,3,0,normal,22,46,0,6,40,0.00,86.96,0.739,14.565,2.435,0.000
tyrant,3,3,50,form-entry,22,46,8,22,16,17.39,34.78,1.870,12.652,3.000,0.000
tyrant,3,3,50,normal,22,46,0,6,40,0.00,86.96,0.783,14.565,2.522,0.000
tyrant,3,3,100,form-entry,22,46,6,22,18,13.04,39.13,1.870,12.739,3.000,0.000
tyrant,3,3,100,normal,22,46,0,8,38,0.00,82.61,0.783,14.565,2.478,0.000
tyrant,2,1,0,form-entry,22,46,2,14,30,4.35,65.22,0.304,13.957,1.000,0.000
tyrant,2,1,0,normal,22,46,0,4,42,0.00,91.30,0.087,14.870,0.565,0.000
tyrant,2,1,50,form-entry,22,46,2,14,30,4.35,65.22,0.304,13.783,1.000,0.000
tyrant,2,1,50,normal,22,46,0,4,42,0.00,91.30,0.087,14.870,0.696,0.000
tyrant,2,1,100,form-entry,22,46,2,12,32,4.35,69.57,0.261,13.913,1.000,0.000
tyrant,2,1,100,normal,22,46,0,4,42,0.00,91.30,0.087,14.870,0.652,0.000
tyrant,2,3,0,form-entry,22,46,8,16,22,17.39,47.83,1.609,13.261,3.000,0.000
tyrant,2,3,0,normal,22,46,0,6,40,0.00,86.96,0.522,14.304,2.391,0.000
tyrant,2,3,50,form-entry,22,46,8,16,22,17.39,47.83,1.609,13.261,3.000,0.000
tyrant,2,3,50,normal,22,46,0,6,40,0.00,86.96,0.478,14.348,2.261,0.000
tyrant,2,3,100,form-entry,22,46,8,16,22,17.39,47.83,1.565,13.304,3.000,0.000
tyrant,2,3,100,normal,22,46,0,6,40,0.00,86.96,0.478,14.217,2.348,0.000
tyrant,1,1,0,form-entry,22,46,2,18,26,4.35,56.52,0.391,14.043,1.000,0.000
tyrant,1,1,0,normal,22,46,0,2,44,0.00,95.65,0.043,14.609,0.652,0.000
tyrant,1,1,50,form-entry,22,46,2,18,26,4.35,56.52,0.391,14.043,1.000,0.000
tyrant,1,1,50,normal,22,46,0,4,42,0.00,91.30,0.087,14.609,0.652,0.000
tyrant,1,1,100,form-entry,22,46,2,16,28,4.35,60.87,0.348,14.000,1.000,0.000
tyrant,1,1,100,normal,22,46,0,4,42,0.00,91.30,0.087,14.609,0.696,0.000
tyrant,1,3,0,form-entry,22,46,0,20,26,0.00,56.52,1.783,13.783,3.000,0.000
tyrant,1,3,0,normal,22,46,0,10,36,0.00,78.26,0.739,14.739,2.217,0.000
tyrant,1,3,50,form-entry,22,46,0,20,26,0.00,56.52,1.783,13.652,3.000,0.000
tyrant,1,3,50,normal,22,46,0,10,36,0.00,78.26,0.739,14.696,2.217,0.000
tyrant,1,3,100,form-entry,22,46,0,20,26,0.00,56.52,1.783,13.696,3.000,0.000
tyrant,1,3,100,normal,22,46,0,10,36,0.00,78.26,0.696,14.609,2.261,0.000
tyrant,0,1,0,form-entry,22,46,6,24,16,13.04,34.78,0.522,12.304,1.000,0.000
tyrant,0,1,0,normal,22,46,0,6,40,0.00,86.96,0.130,14.565,0.826,0.000
tyrant,0,1,50,form-entry,22,46,4,24,18,8.70,39.13,0.522,12.783,1.000,0.000
tyrant,0,1,50,normal,22,46,0,6,40,0.00,86.96,0.130,14.522,0.870,0.000
tyrant,0,1,100,form-entry,22,46,4,24,18,8.70,39.13,0.522,12.696,1.000,0.000
tyrant,0,1,100,normal,22,46,0,8,38,0.00,82.61,0.174,14.391,0.826,0.000
tyrant,0,3,0,form-entry,22,46,12,20,14,26.09,30.43,1.565,11.609,3.000,0.000
tyrant,0,3,0,normal,22,46,0,10,36,0.00,78.26,1.043,14.522,2.565,0.000
tyrant,0,3,50,form-entry,22,46,12,20,14,26.09,30.43,1.565,11.870,3.000,0.000
tyrant,0,3,50,normal,22,46,0,12,34,0.00,73.91,1.130,14.435,2.609,0.000
tyrant,0,3,100,form-entry,22,46,14,18,14,30.43,30.43,1.435,11.478,3.000,0.000
tyrant,0,3,100,normal,22,46,0,10,36,0.00,78.26,1.043,14.130,2.565,0.000
visionary,9,1,0,normal,22,46,0,8,38,0.00,82.61,0.174,14.783,0.000,0.000
visionary,9,1,50,normal,22,46,0,8,38,0.00,82.61,0.174,14.783,0.000,0.000
visionary,9,1,100,normal,22,46,0,8,38,0.00,82.61,0.174,14.783,0.000,0.000
visionary,9,3,0,normal,22,46,0,4,42,0.00,91.30,0.652,14.957,0.000,0.000
visionary,9,3,50,normal,22,46,0,4,42,0.00,91.30,0.652,14.957,0.000,0.000
visionary,9,3,100,normal,22,46,0,4,42,0.00,91.30,0.652,14.957,0.000,0.000
visionary,8,1,0,normal,22,46,0,16,30,0.00,65.22,0.348,14.087,0.000,0.000
visionary,8,1,50,normal,22,46,0,18,28,0.00,60.87,0.391,14.087,0.000,0.000
visionary,8,1,100,normal,22,46,0,16,30,0.00,65.22,0.348,14.087,0.000,0.000
visionary,8,3,0,normal,22,46,0,8,38,0.00,82.61,0.913,14.826,0.000,0.000
visionary,8,3,50,normal,22,46,0,8,38,0.00,82.61,0.913,14.783,0.000,0.000
visionary,8,3,100,normal,22,46,0,8,38,0.00,82.61,0.913,14.783,0.000,0.000
visionary,7,1,0,normal,22,46,2,6,38,4.35,82.61,0.130,14.522,0.000,0.000
visionary,7,1,50,normal,22,46,2,4,40,4.35,86.96,0.087,14.565,0.000,0.000
visionary,7,1,100,normal,22,46,2,6,38,4.35,82.61,0.130,14.522,0.000,0.000
visionary,7,3,0,normal,22,46,2,6,38,4.35,82.61,0.609,14.652,0.000,0.000
visionary,7,3,50,normal,22,46,2,6,38,4.35,82.61,0.609,14.652,0.000,0.000
visionary,7,3,100,normal,22,46,2,6,38,4.35,82.61,0.609,14.652,0.000,0.000
visionary,6,1,0,normal,22,46,2,8,36,4.35,78.26,0.174,14.826,0.000,0.000
visionary,6,1,50,normal,22,46,4,10,32,8.70,69.57,0.217,14.652,0.000,0.000
visionary,6,1,100,normal,22,46,0,12,34,0.00,73.91,0.261,14.783,0.000,0.000
visionary,6,3,0,normal,22,46,6,4,36,13.04,78.26,0.696,14.870,0.000,0.000
visionary,6,3,50,normal,22,46,6,2,38,13.04,82.61,0.696,14.783,0.000,0.000
visionary,6,3,100,normal,22,46,6,2,38,13.04,82.61,0.609,14.739,0.000,0.000
visionary,5,1,0,normal,22,46,0,2,44,0.00,95.65,0.043,14.913,0.000,0.000
visionary,5,1,50,normal,22,46,0,4,42,0.00,91.30,0.087,14.870,0.000,0.000
visionary,5,1,100,normal,22,46,0,4,42,0.00,91.30,0.087,14.870,0.000,0.000
visionary,5,3,0,normal,22,46,0,2,44,0.00,95.65,0.652,14.870,0.000,0.000
visionary,5,3,50,normal,22,46,0,2,44,0.00,95.65,0.739,14.696,0.000,0.000
visionary,5,3,100,normal,22,46,0,2,44,0.00,95.65,0.652,14.696,0.000,0.000
visionary,4,1,0,form-entry,22,46,4,4,38,8.70,82.61,0.087,14.696,1.000,0.000
visionary,4,1,0,normal,22,46,0,4,42,0.00,91.30,0.087,14.696,0.522,0.000
visionary,4,1,50,form-entry,22,46,4,4,38,8.70,82.61,0.087,14.696,1.000,0.000
visionary,4,1,50,normal,22,46,0,4,42,0.00,91.30,0.087,14.696,0.478,0.000
visionary,4,1,100,form-entry,22,46,4,4,38,8.70,82.61,0.087,14.870,1.000,0.000
visionary,4,1,100,normal,22,46,0,2,44,0.00,95.65,0.043,14.783,0.478,0.000
visionary,4,3,0,form-entry,22,46,2,4,40,4.35,86.96,0.783,14.522,3.000,0.000
visionary,4,3,0,normal,22,46,0,0,46,0.00,100.00,0.217,15.000,1.652,0.000
visionary,4,3,50,form-entry,22,46,2,6,38,4.35,82.61,0.870,14.522,3.000,0.000
visionary,4,3,50,normal,22,46,0,0,46,0.00,100.00,0.130,15.000,1.826,0.000
visionary,4,3,100,form-entry,22,46,4,4,38,8.70,82.61,0.652,14.565,3.000,0.000
visionary,4,3,100,normal,22,46,0,2,44,0.00,95.65,0.174,15.000,1.826,0.000
visionary,3,1,0,form-entry,22,46,4,0,42,8.70,91.30,0.000,14.783,1.000,0.000
visionary,3,1,0,normal,22,46,0,0,46,0.00,100.00,0.000,15.000,0.217,0.000
visionary,3,1,50,form-entry,22,46,4,0,42,8.70,91.30,0.000,14.783,1.000,0.000
visionary,3,1,50,normal,22,46,0,0,46,0.00,100.00,0.000,15.000,0.304,0.000
visionary,3,1,100,form-entry,22,46,4,0,42,8.70,91.30,0.000,14.783,1.000,0.000
visionary,3,1,100,normal,22,46,0,0,46,0.00,100.00,0.000,15.000,0.217,0.000
visionary,3,3,0,form-entry,22,46,0,2,44,0.00,95.65,0.348,14.913,3.000,0.000
visionary,3,3,0,normal,22,46,0,0,46,0.00,100.00,0.087,15.000,1.391,0.000
visionary,3,3,50,form-entry,22,46,0,2,44,0.00,95.65,0.391,14.870,3.000,0.000
visionary,3,3,50,normal,22,46,0,0,46,0.00,100.00,0.000,15.000,1.304,0.000
visionary,3,3,100,form-entry,22,46,0,2,44,0.00,95.65,0.522,14.870,3.000,0.000
visionary,3,3,100,normal,22,46,0,0,46,0.00,100.00,0.043,15.000,1.348,0.000
visionary,2,1,0,form-entry,22,46,2,2,42,4.35,91.30,0.043,14.913,1.000,0.000
visionary,2,1,0,normal,22,46,0,0,46,0.00,100.00,0.000,15.000,0.217,0.000
visionary,2,1,50,form-entry,22,46,2,2,42,4.35,91.30,0.043,14.913,1.000,0.000
visionary,2,1,50,normal,22,46,0,0,46,0.00,100.00,0.000,15.000,0.130,0.000
visionary,2,1,100,form-entry,22,46,2,2,42,4.35,91.30,0.043,14.913,1.000,0.000
visionary,2,1,100,normal,22,46,0,0,46,0.00,100.00,0.000,15.000,0.130,0.000
visionary,2,3,0,form-entry,22,46,0,0,46,0.00,100.00,0.217,15.000,3.000,0.000
visionary,2,3,0,normal,22,46,0,0,46,0.00,100.00,0.043,15.000,1.043,0.000
visionary,2,3,50,form-entry,22,46,0,0,46,0.00,100.00,0.217,15.000,3.000,0.000
visionary,2,3,50,normal,22,46,0,0,46,0.00,100.00,0.043,15.000,1.000,0.000
visionary,2,3,100,form-entry,22,46,0,0,46,0.00,100.00,0.261,15.000,3.000,0.000
visionary,2,3,100,normal,22,46,0,0,46,0.00,100.00,0.043,15.000,1.043,0.000
visionary,1,1,0,form-entry,22,46,0,0,46,0.00,100.00,0.000,15.000,1.000,0.000
visionary,1,1,0,normal,22,46,0,0,46,0.00,100.00,0.000,15.000,0.087,0.000
visionary,1,1,50,form-entry,22,46,0,0,46,0.00,100.00,0.000,15.000,1.000,0.000
visionary,1,1,50,normal,22,46,0,0,46,0.00,100.00,0.000,15.000,0.087,0.000
visionary,1,1,100,form-entry,22,46,0,0,46,0.00,100.00,0.000,15.000,1.000,0.000
visionary,1,1,100,normal,22,46,0,0,46,0.00,100.00,0.000,15.000,0.130,0.000
visionary,1,3,0,form-entry,22,46,0,0,46,0.00,100.00,0.130,15.000,3.000,0.000
visionary,1,3,0,normal,22,46,0,0,46,0.00,100.00,0.000,15.000,0.870,0.000
visionary,1,3,50,form-entry,22,46,0,0,46,0.00,100.00,0.130,15.000,3.000,0.000
visionary,1,3,50,normal,22,46,0,0,46,0.00,100.00,0.130,15.000,0.783,0.000
visionary,1,3,100,form-entry,22,46,0,2,44,0.00,95.65,0.217,14.913,3.000,0.000
visionary,1,3,100,normal,22,46,0,2,44,0.00,95.65,0.130,14.957,0.783,0.000
visionary,0,1,0,form-entry,22,46,6,0,40,13.04,86.96,0.000,14.696,1.000,0.000
visionary,0,1,0,normal,22,46,0,2,44,0.00,95.65,0.043,15.000,0.391,0.000
visionary,0,1,50,form-entry,22,46,6,0,40,13.04,86.96,0.000,14.696,1.000,0.000
visionary,0,1,50,normal,22,46,0,0,46,0.00,100.00,0.000,15.000,0.435,0.000
visionary,0,1,100,form-entry,22,46,6,0,40,13.04,86.96,0.000,14.696,1.000,0.000
visionary,0,1,100,normal,22,46,0,2,44,0.00,95.65,0.043,15.000,0.435,0.000
visionary,0,3,0,form-entry,22,46,24,4,18,52.17,39.13,0.348,13.174,3.000,0.000
visionary,0,3,0,normal,22,46,10,2,34,21.74,73.91,0.130,14.435,1.522,0.000
visionary,0,3,50,form-entry,22,46,26,4,16,56.52,34.78,0.261,13.174,3.000,0.000
visionary,0,3,50,normal,22,46,10,2,34,21.74,73.91,0.174,14.522,1.522,0.000
visionary,0,3,100,form-entry,22,46,24,4,18,52.17,39.13,0.261,13.217,3.000,0.000
visionary,0,3,100,normal,22,46,6,2,38,13.04,82.61,0.174,14.565,1.478,0.000
wheel_of_fortune,9,1,0,normal,22,46,0,2,44,0.00,95.65,0.043,15.000,0.000,0.000
wheel_of_fortune,9,1,50,normal,22,46,0,2,44,0.00,95.65,0.043,15.000,0.000,0.000
wheel_of_fortune,9,1,100,normal,22,46,0,2,44,0.00,95.65,0.043,15.000,0.000,0.000
wheel_of_fortune,9,3,0,normal,22,46,0,2,44,0.00,95.65,0.174,15.000,0.000,0.000
wheel_of_fortune,9,3,50,normal,22,46,0,2,44,0.00,95.65,0.174,15.000,0.000,0.000
wheel_of_fortune,9,3,100,normal,22,46,0,2,44,0.00,95.65,0.174,15.000,0.000,0.000
wheel_of_fortune,8,1,0,normal,22,46,0,10,36,0.00,78.26,0.217,14.609,0.000,0.000
wheel_of_fortune,8,1,50,normal,22,46,0,10,36,0.00,78.26,0.217,14.609,0.000,0.000
wheel_of_fortune,8,1,100,normal,22,46,0,10,36,0.00,78.26,0.217,14.609,0.000,0.000
wheel_of_fortune,8,3,0,normal,22,46,0,6,40,0.00,86.96,0.783,14.913,0.000,0.000
wheel_of_fortune,8,3,50,normal,22,46,0,6,40,0.00,86.96,0.739,14.913,0.000,0.000
wheel_of_fortune,8,3,100,normal,22,46,0,6,40,0.00,86.96,0.739,14.913,0.000,0.000
wheel_of_fortune,7,1,0,normal,22,46,0,6,40,0.00,86.96,0.130,14.870,0.000,0.000
wheel_of_fortune,7,1,50,normal,22,46,0,2,44,0.00,95.65,0.043,14.870,0.000,0.000
wheel_of_fortune,7,1,100,normal,22,46,0,4,42,0.00,91.30,0.087,14.826,0.000,0.000
wheel_of_fortune,7,3,0,normal,22,46,0,2,44,0.00,95.65,0.478,14.870,0.000,0.000
wheel_of_fortune,7,3,50,normal,22,46,0,2,44,0.00,95.65,0.478,14.870,0.000,0.000
wheel_of_fortune,7,3,100,normal,22,46,0,2,44,0.00,95.65,0.391,14.870,0.000,0.000
wheel_of_fortune,6,1,0,normal,22,46,4,0,42,8.70,91.30,0.000,14.870,0.000,0.000
wheel_of_fortune,6,1,50,normal,22,46,4,0,42,8.70,91.30,0.000,14.957,0.000,0.000
wheel_of_fortune,6,1,100,normal,22,46,2,0,44,4.35,95.65,0.000,15.000,0.000,0.000
wheel_of_fortune,6,3,0,normal,22,46,0,0,46,0.00,100.00,0.348,15.000,0.000,0.000
wheel_of_fortune,6,3,50,normal,22,46,0,0,46,0.00,100.00,0.174,15.000,0.000,0.000
wheel_of_fortune,6,3,100,normal,22,46,0,0,46,0.00,100.00,0.174,15.000,0.000,0.000
wheel_of_fortune,5,1,0,normal,22,46,0,2,44,0.00,95.65,0.043,14.870,0.000,0.000
wheel_of_fortune,5,1,50,normal,22,46,0,2,44,0.00,95.65,0.043,14.870,0.000,0.000
wheel_of_fortune,5,1,100,normal,22,46,2,2,42,4.35,91.30,0.043,14.609,0.000,0.000
wheel_of_fortune,5,3,0,normal,22,46,0,0,46,0.00,100.00,0.087,15.000,0.000,0.000
wheel_of_fortune,5,3,50,normal,22,46,0,0,46,0.00,100.00,0.174,15.000,0.000,0.000
wheel_of_fortune,5,3,100,normal,22,46,0,0,46,0.00,100.00,0.174,15.000,0.000,0.000
wheel_of_fortune,4,1,0,form-entry,22,46,2,2,42,4.35,91.30,0.043,14.913,1.000,0.000
wheel_of_fortune,4,1,0,normal,22,46,0,0,46,0.00,100.00,0.000,15.000,0.304,0.000
wheel_of_fortune,4,1,50,form-entry,22,46,4,0,42,8.70,91.30,0.000,14.870,1.000,0.000
wheel_of_fortune,4,1,50,normal,22,46,0,0,46,0.00,100.00,0.000,15.000,0.391,0.000
wheel_of_fortune,4,1,100,form-entry,22,46,4,0,42,8.70,91.30,0.000,14.826,1.000,0.000
wheel_of_fortune,4,1,100,normal,22,46,0,0,46,0.00,100.00,0.000,15.000,0.304,0.000
wheel_of_fortune,4,3,0,form-entry,22,46,0,2,44,0.00,95.65,0.391,14.870,3.000,0.000
wheel_of_fortune,4,3,0,normal,22,46,0,0,46,0.00,100.00,0.130,15.000,1.304,0.000
wheel_of_fortune,4,3,50,form-entry,22,46,0,4,42,0.00,91.30,0.478,14.783,3.000,0.000
wheel_of_fortune,4,3,50,normal,22,46,0,0,46,0.00,100.00,0.130,15.000,1.391,0.000
wheel_of_fortune,4,3,100,form-entry,22,46,0,4,42,0.00,91.30,0.478,14.783,3.000,0.000
wheel_of_fortune,4,3,100,normal,22,46,0,0,46,0.00,100.00,0.130,15.000,1.217,0.000
wheel_of_fortune,3,1,0,form-entry,22,46,0,2,44,0.00,95.65,0.043,14.609,1.000,0.000
wheel_of_fortune,3,1,0,normal,22,46,0,2,44,0.00,95.65,0.043,14.609,0.130,0.000
wheel_of_fortune,3,1,50,form-entry,22,46,0,4,42,0.00,91.30,0.087,14.609,1.000,0.000
wheel_of_fortune,3,1,50,normal,22,46,0,2,44,0.00,95.65,0.043,14.609,0.261,0.000
wheel_of_fortune,3,1,100,form-entry,22,46,0,4,42,0.00,91.30,0.087,14.609,1.000,0.000
wheel_of_fortune,3,1,100,normal,22,46,0,2,44,0.00,95.65,0.043,14.609,0.261,0.000
wheel_of_fortune,3,3,0,form-entry,22,46,0,0,46,0.00,100.00,0.130,15.000,3.000,0.000
wheel_of_fortune,3,3,0,normal,22,46,0,0,46,0.00,100.00,0.087,15.000,0.870,0.000
wheel_of_fortune,3,3,50,form-entry,22,46,0,0,46,0.00,100.00,0.130,15.000,3.000,0.000
wheel_of_fortune,3,3,50,normal,22,46,0,0,46,0.00,100.00,0.087,15.000,0.870,0.000
wheel_of_fortune,3,3,100,form-entry,22,46,0,0,46,0.00,100.00,0.130,15.000,3.000,0.000
wheel_of_fortune,3,3,100,normal,22,46,0,0,46,0.00,100.00,0.087,15.000,0.826,0.000
wheel_of_fortune,2,1,0,form-entry,22,46,0,2,44,0.00,95.65,0.043,14.609,1.000,0.000
wheel_of_fortune,2,1,0,normal,22,46,0,2,44,0.00,95.65,0.043,14.609,0.087,0.000
wheel_of_fortune,2,1,50,form-entry,22,46,0,2,44,0.00,95.65,0.043,14.609,1.000,0.000
wheel_of_fortune,2,1,50,normal,22,46,0,2,44,0.00,95.65,0.043,14.609,0.087,0.000
wheel_of_fortune,2,1,100,form-entry,22,46,0,2,44,0.00,95.65,0.043,14.609,1.000,0.000
wheel_of_fortune,2,1,100,normal,22,46,0,2,44,0.00,95.65,0.043,14.609,0.087,0.000
wheel_of_fortune,2,3,0,form-entry,22,46,0,2,44,0.00,95.65,0.174,14.870,3.000,0.000
wheel_of_fortune,2,3,0,normal,22,46,0,0,46,0.00,100.00,0.087,15.000,0.565,0.000
wheel_of_fortune,2,3,50,form-entry,22,46,0,2,44,0.00,95.65,0.174,14.870,3.000,0.000
wheel_of_fortune,2,3,50,normal,22,46,0,0,46,0.00,100.00,0.087,15.000,0.478,0.000
wheel_of_fortune,2,3,100,form-entry,22,46,0,2,44,0.00,95.65,0.174,14.870,3.000,0.000
wheel_of_fortune,2,3,100,normal,22,46,0,0,46,0.00,100.00,0.087,15.000,0.478,0.000
wheel_of_fortune,1,1,0,form-entry,22,46,0,2,44,0.00,95.65,0.043,14.609,1.000,0.000
wheel_of_fortune,1,1,0,normal,22,46,0,2,44,0.00,95.65,0.043,14.609,0.087,0.000
wheel_of_fortune,1,1,50,form-entry,22,46,0,2,44,0.00,95.65,0.043,14.609,1.000,0.000
wheel_of_fortune,1,1,50,normal,22,46,0,2,44,0.00,95.65,0.043,14.609,0.130,0.000
wheel_of_fortune,1,1,100,form-entry,22,46,0,2,44,0.00,95.65,0.043,14.609,1.000,0.000
wheel_of_fortune,1,1,100,normal,22,46,0,2,44,0.00,95.65,0.043,14.609,0.130,0.000
wheel_of_fortune,1,3,0,form-entry,22,46,0,2,44,0.00,95.65,0.130,14.652,3.000,0.000
wheel_of_fortune,1,3,0,normal,22,46,0,2,44,0.00,95.65,0.130,14.826,0.565,0.000
wheel_of_fortune,1,3,50,form-entry,22,46,0,2,44,0.00,95.65,0.130,14.652,3.000,0.000
wheel_of_fortune,1,3,50,normal,22,46,0,2,44,0.00,95.65,0.130,14.826,0.478,0.000
wheel_of_fortune,1,3,100,form-entry,22,46,0,2,44,0.00,95.65,0.130,14.652,3.000,0.000
wheel_of_fortune,1,3,100,normal,22,46,0,2,44,0.00,95.65,0.130,14.826,0.522,0.000
wheel_of_fortune,0,1,0,form-entry,22,46,0,2,44,0.00,95.65,0.043,14.609,1.000,0.000
wheel_of_fortune,0,1,0,normal,22,46,0,2,44,0.00,95.65,0.043,14.609,0.174,0.000
wheel_of_fortune,0,1,50,form-entry,22,46,0,2,44,0.00,95.65,0.043,14.609,1.000,0.000
wheel_of_fortune,0,1,50,normal,22,46,0,2,44,0.00,95.65,0.043,14.609,0.087,0.000
wheel_of_fortune,0,1,100,form-entry,22,46,0,2,44,0.00,95.65,0.043,14.609,1.000,0.000
wheel_of_fortune,0,1,100,normal,22,46,0,2,44,0.00,95.65,0.043,14.609,0.087,0.000
wheel_of_fortune,0,3,0,form-entry,22,46,18,4,24,39.13,52.17,0.261,13.478,3.000,0.000
wheel_of_fortune,0,3,0,normal,22,46,0,2,44,0.00,95.65,0.174,14.870,1.435,0.000
wheel_of_fortune,0,3,50,form-entry,22,46,14,4,28,30.43,60.87,0.261,13.826,3.000,0.000
wheel_of_fortune,0,3,50,normal,22,46,0,2,44,0.00,95.65,0.174,14.870,1.217,0.000
wheel_of_fortune,0,3,100,form-entry,22,46,16,4,26,34.78,56.52,0.261,13.261,3.000,0.000
wheel_of_fortune,0,3,100,normal,22,46,0,2,44,0.00,95.65,0.217,14.609,1.043,0.000
white_tower,9,1,0,normal,22,46,0,8,38,0.00,82.61,0.174,14.609,0.000,0.000
white_tower,9,1,50,normal,22,46,0,8,38,0.00,82.61,0.174,14.609,0.000,0.000
white_tower,9,1,100,normal,22,46,0,8,38,0.00,82.61,0.174,14.609,0.000,0.000
white_tower,9,3,0,normal,22,46,0,2,44,0.00,95.65,0.652,14.826,0.000,0.000
white_tower,9,3,50,normal,22,46,0,2,44,0.00,95.65,0.652,14.826,0.000,0.000
white_tower,9,3,100,normal,22,46,0,2,44,0.00,95.65,0.652,14.826,0.000,0.000
white_tower,8,1,0,normal,22,46,24,18,4,52.17,8.70,0.391,10.870,0.000,0.000
white_tower,8,1,50,normal,22,46,24,20,2,52.17,4.35,0.435,10.739,0.000,0.000
white_tower,8,1,100,normal,22,46,24,20,2,52.17,4.35,0.435,10.783,0.000,0.000
white_tower,8,3,0,normal,22,46,30,12,4,65.22,8.70,1.087,12.217,0.000,0.000
white_tower,8,3,50,normal,22,46,30,12,4,65.22,8.70,1.087,12.087,0.000,0.000
white_tower,8,3,100,normal,22,46,30,12,4,65.22,8.70,1.087,12.087,0.000,0.000
white_tower,7,1,0,normal,22,46,22,16,8,47.83,17.39,0.348,11.870,0.000,0.000
white_tower,7,1,50,normal,22,46,20,14,12,43.48,26.09,0.304,12.043,0.000,0.000
white_tower,7,1,100,normal,22,46,20,16,10,43.48,21.74,0.348,11.913,0.000,0.000
white_tower,7,3,0,normal,22,46,20,16,10,43.48,21.74,1.087,12.826,0.000,0.000
white_tower,7,3,50,normal,22,46,20,16,10,43.48,21.74,1.087,12.870,0.000,0.000
white_tower,7,3,100,normal,22,46,20,16,10,43.48,21.74,1.087,12.826,0.000,0.000
white_tower,6,1,0,normal,22,46,16,16,14,34.78,30.43,0.348,12.913,0.000,0.000
white_tower,6,1,50,normal,22,46,16,18,12,34.78,26.09,0.391,12.565,0.000,0.000
white_tower,6,1,100,normal,22,46,16,16,14,34.78,30.43,0.348,12.609,0.000,0.000
white_tower,6,3,0,normal,22,46,8,16,22,17.39,47.83,1.391,13.304,0.000,0.000
white_tower,6,3,50,normal,22,46,10,16,20,21.74,43.48,1.304,13.174,0.000,0.000
white_tower,6,3,100,normal,22,46,12,16,18,26.09,39.13,1.217,13.130,0.000,0.000
white_tower,5,1,0,normal,22,46,12,10,24,26.09,52.17,0.217,13.826,0.000,0.000
white_tower,5,1,50,normal,22,46,12,10,24,26.09,52.17,0.217,13.913,0.000,0.000
white_tower,5,1,100,normal,22,46,10,12,24,21.74,52.17,0.261,14.043,0.000,0.000
white_tower,5,3,0,normal,22,46,12,6,28,26.09,60.87,0.783,14.043,0.000,0.000
white_tower,5,3,50,normal,22,46,8,4,34,17.39,73.91,0.652,14.304,0.000,0.000
white_tower,5,3,100,normal,22,46,8,4,34,17.39,73.91,0.652,14.304,0.000,0.000
white_tower,4,1,0,form-entry,22,46,14,12,20,30.43,43.48,0.261,13.000,1.000,0.000
white_tower,4,1,0,normal,22,46,4,6,36,8.70,78.26,0.130,14.565,0.652,0.000
white_tower,4,1,50,form-entry,22,46,12,12,22,26.09,47.83,0.261,13.000,1.000,0.000
white_tower,4,1,50,normal,22,46,4,8,34,8.70,73.91,0.174,14.478,0.739,0.000
white_tower,4,1,100,form-entry,22,46,14,10,22,30.43,47.83,0.217,12.826,1.000,0.000
white_tower,4,1,100,normal,22,46,4,8,34,8.70,73.91,0.174,14.478,0.739,0.000
white_tower,4,3,0,form-entry,22,46,10,8,28,21.74,60.87,0.870,13.522,3.000,0.000
white_tower,4,3,0,normal,22,46,2,2,42,4.35,91.30,0.435,14.739,1.957,0.000
white_tower,4,3,50,form-entry,22,46,14,10,22,30.43,47.83,0.870,13.304,3.000,0.000
white_tower,4,3,50,normal,22,46,2,2,42,4.35,91.30,0.391,14.739,1.957,0.000
white_tower,4,3,100,form-entry,22,46,14,6,26,30.43,56.52,0.783,13.435,3.000,0.000
white_tower,4,3,100,normal,22,46,2,2,42,4.35,91.30,0.435,14.652,2.043,0.000
white_tower,3,1,0,form-entry,22,46,10,6,30,21.74,65.22,0.130,13.304,1.000,0.000
white_tower,3,1,0,normal,22,46,8,4,34,17.39,73.91,0.087,14.130,0.609,0.000
white_tower,3,1,50,form-entry,22,46,12,6,28,26.09,60.87,0.130,13.087,1.000,0.000
white_tower,3,1,50,normal,22,46,8,4,34,17.39,73.91,0.087,14.217,0.609,0.000
white_tower,3,1,100,form-entry,22,46,12,4,30,26.09,65.22,0.087,13.217,1.000,0.000
white_tower,3,1,100,normal,22,46,8,4,34,17.39,73.91,0.087,14.217,0.652,0.000
white_tower,3,3,0,form-entry,22,46,18,6,22,39.13,47.83,0.522,13.565,3.000,0.000
white_tower,3,3,0,normal,22,46,8,4,34,17.39,73.91,0.391,14.478,1.870,0.000
white_tower,3,3,50,form-entry,22,46,16,8,22,34.78,47.83,0.609,13.565,3.000,0.000
white_tower,3,3,50,normal,22,46,8,4,34,17.39,73.91,0.348,14.609,1.870,0.000
white_tower,3,3,100,form-entry,22,46,14,8,24,30.43,52.17,0.609,13.391,3.000,0.000
white_tower,3,3,100,normal,22,46,8,6,32,17.39,69.57,0.435,14.304,1.870,0.000
white_tower,2,1,0,form-entry,22,46,8,4,34,17.39,73.91,0.087,14.130,1.000,0.000
white_tower,2,1,0,normal,22,46,0,2,44,0.00,95.65,0.043,14.870,0.261,0.000
white_tower,2,1,50,form-entry,22,46,10,4,32,21.74,69.57,0.087,13.957,1.000,0.000
white_tower,2,1,50,normal,22,46,0,2,44,0.00,95.65,0.043,14.870,0.348,0.000
white_tower,2,1,100,form-entry,22,46,10,4,32,21.74,69.57,0.087,13.696,1.000,0.000
white_tower,2,1,100,normal,22,46,0,2,44,0.00,95.65,0.043,14.609,0.348,0.000
white_tower,2,3,0,form-entry,22,46,4,4,38,8.70,82.61,0.435,14.087,3.000,0.000
white_tower,2,3,0,normal,22,46,2,2,42,4.35,91.30,0.261,14.870,1.348,0.000
white_tower,2,3,50,form-entry,22,46,4,4,38,8.70,82.61,0.435,14.087,3.000,0.000
white_tower,2,3,50,normal,22,46,2,2,42,4.35,91.30,0.217,14.870,1.261,0.000
white_tower,2,3,100,form-entry,22,46,4,4,38,8.70,82.61,0.435,14.043,3.000,0.000
white_tower,2,3,100,normal,22,46,2,4,40,4.35,86.96,0.348,14.565,1.304,0.000
white_tower,1,1,0,form-entry,22,46,2,8,36,4.35,78.26,0.174,13.913,1.000,0.000
white_tower,1,1,0,normal,22,46,0,2,44,0.00,95.65,0.043,14.609,0.130,0.000
white_tower,1,1,50,form-entry,22,46,2,6,38,4.35,82.61,0.130,13.913,1.000,0.000
white_tower,1,1,50,normal,22,46,0,2,44,0.00,95.65,0.043,14.609,0.261,0.000
white_tower,1,1,100,form-entry,22,46,2,8,36,4.35,78.26,0.174,13.913,1.000,0.000
white_tower,1,1,100,normal,22,46,0,2,44,0.00,95.65,0.043,14.609,0.217,0.000
white_tower,1,3,0,form-entry,22,46,0,6,40,0.00,86.96,0.652,14.435,3.000,0.000
white_tower,1,3,0,normal,22,46,0,2,44,0.00,95.65,0.304,14.739,1.130,0.000
white_tower,1,3,50,form-entry,22,46,0,6,40,0.00,86.96,0.652,14.435,3.000,0.000
white_tower,1,3,50,normal,22,46,0,2,44,0.00,95.65,0.348,14.739,1.087,0.000
white_tower,1,3,100,form-entry,22,46,0,6,40,0.00,86.96,0.739,14.304,3.000,0.000
white_tower,1,3,100,normal,22,46,0,4,42,0.00,91.30,0.391,14.565,1.000,0.000
white_tower,0,1,0,form-entry,22,46,10,12,24,21.74,52.17,0.261,12.522,1.000,0.000
white_tower,0,1,0,normal,22,46,12,6,28,26.09,60.87,0.130,13.913,0.609,0.000
white_tower,0,1,50,form-entry,22,46,12,10,24,26.09,52.17,0.217,12.087,1.000,0.000
white_tower,0,1,50,normal,22,46,10,4,32,21.74,69.57,0.087,14.130,0.522,0.000
white_tower,0,1,100,form-entry,22,46,12,10,24,26.09,52.17,0.217,12.087,1.000,0.000
white_tower,0,1,100,normal,22,46,12,4,30,26.09,65.22,0.087,14.130,0.478,0.000
white_tower,0,3,0,form-entry,22,46,8,20,18,17.39,39.13,1.391,12.130,3.000,0.000
white_tower,0,3,0,normal,22,46,6,10,30,13.04,65.22,1.000,14.130,2.130,0.000
white_tower,0,3,50,form-entry,22,46,8,16,22,17.39,47.83,1.304,12.783,3.000,0.000
white_tower,0,3,50,normal,22,46,4,10,32,8.70,69.57,1.174,14.087,2.000,0.000
white_tower,0,3,100,form-entry,22,46,8,16,22,17.39,47.83,1.304,12.609,3.000,0.000
white_tower,0,3,100,normal,22,46,4,8,34,8.70,73.91,1.043,14.087,2.130,0.000
